id,employee_id,start_date,end_date,leave_type,status,reason
eb869185-ce84-498c-81e2-7df26ce7892a,emp-demo-youssef,2026-06-11,2026-06-18,Congés Payés,En attente,Voyage
6ac2e4cc-e4b2-452a-835e-29af95369fbd,emp-demo-youssef,2026-06-02,2026-06-12,Autres,Approuvé,Formation externe
f9680c9f-15e4-4a78-838d-70a11380f280,emp-demo-fatima,2025-12-28,2026-01-02,Maladie,Approuvé,Consultation médicale
1ba484aa-4ce2-45da-9929-b6401bdec273,emp-demo-fatima,2025-11-08,2025-11-11,Congés Payés,Approuvé,Vacances
46efc3d6-e295-4c2f-bac8-bdfa87e6a95a,emp-demo-fatima,2025-12-17,2025-12-19,Congés Payés,Approuvé,Vacances
c6768671-ec1f-4256-901f-fc7fd8d5f516,emp-demo-fatima,2025-11-26,2025-11-29,Congés Payés,Approuvé,Vacances familiales
40c32218-8285-473f-8b85-f41888ef8444,emp-demo-fatima,2025-11-08,2025-11-13,Congés Payés,Approuvé,Voyage
2f7af6f5-7fc7-4612-a267-d41c4c1ee317,emp-demo-fatima,2026-04-29,2026-05-04,Congés Payés,Approuvé,Voyage
aa9ecc39-0917-4bd0-b51d-d03432dd79ca,emp-demo-fatima,2026-05-20,2026-05-22,Congés Payés,Approuvé,Repos
1fb58882-9974-4868-89f4-33d0e9a3be9e,emp-demo-fatima,2026-03-06,2026-03-09,Congés Payés,Rejeté,Voyage
8a2a376b-6c06-4009-a8df-cec6c3adf91d,emp-demo-karim,2024-11-14,2024-11-17,Congés Payés,Approuvé,Vacances
7d05ce06-18a7-4087-beff-d8f74edebfa9,emp-demo-karim,2024-10-07,2024-10-08,Autres,Approuvé,Formation externe
0cdd6f94-b637-4298-9755-b3392eeebcd5,emp-demo-karim,2024-11-04,2024-11-11,Raisons personnelles,Approuvé,Raisons personnelles
a759f2c4-4cb1-4310-bd29-0cd584e6ade9,emp-demo-karim,2024-09-30,2024-10-05,Maladie,Approuvé,Repos médical
1de96aea-127f-45b3-812f-b272bf5b7f47,emp-demo-karim,2024-12-26,2024-12-31,Congés Payés,Approuvé,Vacances
6ae87d02-e2e5-4851-beb7-e4439c01f63c,emp-demo-karim,2025-03-09,2025-03-10,Congés Payés,Approuvé,Vacances familiales
75007837-7d86-48b9-8121-e74f13703842,emp-demo-karim,2025-10-04,2025-10-14,Congés Payés,Approuvé,Repos
8177b0ad-0dd5-4537-a5c9-0ce029b3438a,emp-demo-karim,2025-09-04,2025-09-18,Congés Payés,Approuvé,Vacances
cfd65539-e901-4cdc-9e61-322c758150ed,emp-demo-karim,2025-03-14,2025-03-21,Congés Payés,Approuvé,Voyage
67c0a9e7-3d28-4486-b67b-f329a2559d01,emp-demo-karim,2025-02-16,2025-02-23,Congés Payés,Approuvé,Voyage
01186450-0d0e-45bf-9374-db49e6a17eac,emp-demo-karim,2025-12-11,2025-12-13,Congés Payés,Approuvé,Repos
7d26339e-6f4a-4891-bb53-4bb8f46337c7,emp-demo-karim,2025-04-30,2025-05-03,Maladie,Rejeté,Repos médical
c21618f4-bdcc-4d2f-9024-94aa972d9f7b,emp-demo-karim,2026-01-17,2026-01-22,Congés Payés,Approuvé,Voyage
f32d8293-4971-4bda-ab45-014a058d410a,emp-demo-karim,2026-01-12,2026-01-22,Congés Payés,Approuvé,Vacances
bc95e4eb-d448-47f6-89c5-c95c6077e992,emp-demo-karim,2026-02-04,2026-02-07,Congés Payés,Rejeté,Voyage
2e877bda-c580-420e-acce-df95dbd57698,emp-demo-karim,2026-02-09,2026-02-19,Maladie,Approuvé,Grippe
3abc04fe-8afa-46b7-a0f2-25bf4cc270a5,emp-demo-karim,2026-04-05,2026-04-07,Congés Payés,Approuvé,Repos
6f3fcef4-f8ef-4445-beef-37330b5b68aa,emp-demo-karim,2026-04-05,2026-04-10,Raisons personnelles,Approuvé,Raisons personnelles
fb246080-7d7e-4a2a-b4e0-77e150030970,emp-demo-karim,2026-02-01,2026-02-11,Autres,Approuvé,Formation externe
583587eb-13dd-43c8-a938-27d200745e5e,emp-demo-sara,2023-04-20,2023-04-21,Congés Payés,Rejeté,Vacances familiales
09d35b0a-adb0-41e5-94ee-5dd11d6d1a5b,emp-demo-sara,2023-07-25,2023-07-30,Autres,Approuvé,Déménagement
0d6ccf5a-29d4-4bcd-9490-35cd3899aaf9,emp-demo-sara,2023-08-29,2023-09-08,Congés Payés,Approuvé,Repos
d13f4966-ba64-487b-b689-698ec507db4b,emp-demo-sara,2023-04-23,2023-04-24,Congés Payés,Approuvé,Repos
f49d5cba-9c48-42f6-9f85-9a2f7738c5dc,emp-demo-sara,2023-08-23,2023-08-24,Maladie,Approuvé,Grippe
7dfbd8e4-a539-44f8-9a5a-f178a5e71f11,emp-demo-sara,2023-10-12,2023-10-17,Congés Payés,Approuvé,Vacances
237f04a8-1f38-4dd8-9f78-86c56f15fb55,emp-demo-sara,2024-06-03,2024-06-06,Raisons personnelles,Approuvé,Raisons personnelles
4e6559bc-06d7-4174-b97b-b00a6cc1a167,emp-demo-sara,2024-12-17,2024-12-18,Maladie,Approuvé,Grippe
58b9a769-63bc-4e46-94b3-e60d7f15930e,emp-demo-sara,2024-03-16,2024-03-17,Congés Payés,Approuvé,Repos
e22c0d6f-d4e3-40dd-9345-08da38e238b3,emp-demo-sara,2024-09-28,2024-09-30,Congés Payés,Approuvé,Vacances
af299d9e-901a-4191-a9c7-a7a49ca7cb70,emp-demo-sara,2024-10-09,2024-10-16,Congés Payés,Approuvé,Vacances familiales
f0b32041-8131-43f0-8442-b22661e5811a,emp-demo-sara,2024-08-20,2024-08-23,Maladie,Approuvé,Repos médical
19616a97-2dac-4f90-8c5d-46aba0099a6f,emp-demo-sara,2025-03-20,2025-03-25,Congés Payés,Approuvé,Vacances
2233d4fd-152a-49b0-8d8d-20ea0e8264a9,emp-demo-sara,2025-02-19,2025-02-26,Congés Payés,Approuvé,Vacances
0e1939f1-e04f-415a-b6ed-d60e09cd2670,emp-demo-sara,2025-10-15,2025-10-17,Congés Payés,Approuvé,Voyage
693e0e9c-f31e-41ed-a7de-c4c2aa2bfac9,emp-demo-sara,2025-05-28,2025-06-02,Congés Payés,Approuvé,Vacances familiales
0966d932-d93b-4587-8e6e-0ea7bf39304e,emp-demo-sara,2026-02-27,2026-03-06,Congés Payés,Approuvé,Vacances
94bdf517-fcb8-48e5-8479-502f592af4e2,emp-demo-sara,2026-02-27,2026-03-06,Autres,Rejeté,Formation externe
a634ad90-e84c-4b85-a2a7-5d94138dbd0b,emp-demo-sara,2026-03-10,2026-03-11,Congés Payés,Approuvé,Repos
6b6154a5-ff1e-48b3-8f98-7111c246c2c2,emp-demo-sara,2026-02-16,2026-02-26,Maladie,Approuvé,Repos médical
e34d17a2-33c7-47d3-969f-ff76bd635623,emp-demo-sara,2026-01-08,2026-01-09,Congés Payés,Approuvé,Voyage
efd32ab1-130c-4325-bc99-3a96981c338f,emp-demo-admin,2024-06-22,2024-06-29,Maternité/Paternité,Approuvé,Congé parental
97b78a06-353a-4701-bf91-f3c49083095e,emp-demo-admin,2024-04-04,2024-04-11,Congés Payés,Approuvé,Voyage
658ade29-01c9-467e-ad7a-3e7a0da9a4c8,emp-demo-admin,2024-09-19,2024-09-24,Congés Payés,Approuvé,Vacances
b92e18c6-5782-4d02-95f8-f3f069c5ac3b,emp-demo-admin,2024-03-11,2024-03-13,Maladie,Approuvé,Consultation médicale
abec021d-f303-4aa5-b70b-7aa606ec991b,emp-demo-admin,2025-11-03,2025-11-04,Congés Payés,Rejeté,Vacances familiales
176654f2-994f-4b50-81bb-fc509e743026,emp-demo-admin,2025-06-17,2025-06-18,Congés Payés,Approuvé,Vacances familiales
c3b2dc03-5214-417d-9fdd-2a2a3a443791,emp-demo-admin,2025-12-27,2025-12-29,Maladie,Approuvé,Consultation médicale
1b3b400d-3d16-4a1c-8ea2-ceccb1bfb141,emp-demo-admin,2025-01-22,2025-01-25,Congés Payés,Approuvé,Repos
1db3fe81-198a-453f-afc5-5716654c1c73,emp-demo-admin,2025-10-21,2025-10-24,Maladie,Approuvé,Consultation médicale
4564f054-e550-4c3c-9a20-f4d097549a27,emp-demo-admin,2026-06-08,2026-06-11,Maladie,Approuvé,Consultation médicale
571d8b77-514a-4b06-8346-ba58723472e6,emp-demo-admin,2026-04-22,2026-04-27,Congés Payés,Approuvé,Repos
66b8b947-3314-4eca-a559-df48b410a7e6,emp-demo-admin,2026-02-26,2026-02-28,Congés Payés,Approuvé,Vacances
93ccfa1a-4f97-4d19-afb7-ecd5af7baaf9,emp-1,2022-09-07,2022-09-10,Raisons personnelles,Approuvé,Raisons personnelles
6832811e-5258-4175-8975-7075b4e559d9,emp-1,2022-05-26,2022-05-28,Congés Payés,Approuvé,Vacances
3f965ae0-7b82-47cf-a057-48190477000d,emp-1,2022-11-20,2022-11-23,Maladie,Approuvé,Repos médical
6744f4d7-1b21-4ea5-b184-33755b96b1ff,emp-1,2023-08-14,2023-08-15,Congés Payés,Approuvé,Repos
2b38a9b2-0e1d-42be-954f-f8146a115f61,emp-1,2023-06-30,2023-07-05,Congés Payés,Approuvé,Vacances
f6f224be-1e5a-4538-9f24-76e6de9b4875,emp-1,2023-02-09,2023-02-14,Raisons personnelles,Approuvé,Raisons personnelles
57a1346f-2475-42e5-b51e-a35f3e3320b4,emp-1,2024-01-22,2024-01-25,Autres,Approuvé,Événement familial
287ff0e9-6427-4adf-8b52-4692a606fca4,emp-1,2024-09-13,2024-09-15,Congés Payés,Approuvé,Repos
02654c47-8d4f-4a2e-9fe9-e87ce49f43db,emp-1,2024-09-15,2024-09-20,Congés Payés,Approuvé,Voyage
2f594655-299e-45a0-be44-ebe9c766bc86,emp-1,2024-11-08,2024-11-10,Congés Payés,Approuvé,Voyage
d68550d0-aeb1-4e9d-8da3-635d7aa2b6db,emp-1,2024-11-02,2024-11-03,Maladie,Approuvé,Consultation médicale
cef0c7f3-c17f-45a7-8b13-a354dad24ec0,emp-1,2024-12-13,2024-12-16,Congés Payés,Approuvé,Vacances familiales
bc6da0dc-4a99-47b5-b360-f447b3e9dc1f,emp-1,2025-12-06,2025-12-07,Congés Payés,Rejeté,Voyage
a660424c-5b13-476e-afde-60999b7c17fb,emp-1,2025-12-29,2026-01-08,Congés Payés,Approuvé,Repos
4a7001ba-e295-4db1-bfdb-3ae58882573a,emp-1,2025-12-26,2026-01-02,Maladie,Approuvé,Repos médical
620390f5-a647-49f2-9f45-a7b5eaacc443,emp-1,2025-08-05,2025-08-10,Congés Payés,Approuvé,Vacances familiales
c1177406-f149-4722-ba67-5833e496b16e,emp-1,2025-04-09,2025-04-11,Congés Payés,Approuvé,Vacances
9c90dc35-9afe-4cf0-bc89-b63a7e5ad30f,emp-1,2025-09-27,2025-09-28,Congés Payés,Approuvé,Vacances familiales
1fd9e871-7f03-4371-8013-e00609704e01,emp-1,2026-02-11,2026-02-13,Maladie,Approuvé,Repos médical
9b458889-f1df-4816-b417-f8cd963067ca,emp-1,2026-01-12,2026-01-15,Maladie,Approuvé,Repos médical
f154c519-ff8c-49b3-b0a7-f78ecfec8bd6,emp-1,2026-04-25,2026-04-27,Congés Payés,Rejeté,Voyage
30694dc9-93e6-41f7-a5e7-258c4e09bd64,emp-2,2021-12-29,2022-01-12,Congés Payés,Approuvé,Voyage
5ae35f27-3798-4bce-8f91-9842c7e8e878,emp-2,2021-11-20,2021-12-04,Autres,Approuvé,Déménagement
a21dfbf0-e00a-4103-b7c1-73eae608cb52,emp-2,2021-12-06,2021-12-16,Maladie,Approuvé,Grippe
0fb5117b-b1e7-4b61-a7be-9493b52791a0,emp-2,2021-09-15,2021-09-17,Raisons personnelles,Approuvé,Raisons personnelles
69296d04-0b9d-455e-9cb1-9e2a3b9f67ac,emp-2,2021-11-28,2021-12-08,Raisons personnelles,Approuvé,Raisons personnelles
430688ca-5c52-49d5-ac63-c015d7f4970a,emp-2,2021-10-04,2021-10-07,Congés Payés,Approuvé,Repos
0ca32c7b-44e7-4b5c-999a-03831cee63c2,emp-2,2021-10-29,2021-11-05,Congés Payés,Approuvé,Voyage
47fa1702-fdaf-4daa-97ae-55872cba4ad0,emp-2,2022-08-29,2022-09-01,Congés Payés,Approuvé,Repos
a8c6ca90-64af-4388-929e-a9b31dffc798,emp-2,2022-10-08,2022-10-18,Maladie,Approuvé,Consultation médicale
d0478323-1ba3-4ff5-95fd-d4153da1b062,emp-2,2022-03-04,2022-03-05,Congés Payés,Approuvé,Voyage
b31ae0c4-a88a-4505-b966-130c1d9c1e54,emp-2,2022-09-13,2022-09-18,Congés Payés,Approuvé,Vacances familiales
73d0adaa-2fe6-4081-b36f-658e0ca2348c,emp-2,2022-05-30,2022-06-02,Maladie,Approuvé,Consultation médicale
44904f9a-7482-4003-9f97-da56384c48fd,emp-2,2022-12-09,2022-12-10,Raisons personnelles,Approuvé,Raisons personnelles
5ed54883-8a05-45e0-9ef4-ece2b49cc6b5,emp-2,2022-01-23,2022-01-28,Raisons personnelles,Approuvé,Raisons personnelles
627e73d1-5e5e-4b15-b28b-1b13ed9f15cc,emp-2,2023-05-04,2023-05-11,Maladie,Approuvé,Consultation médicale
45e23894-3037-4d58-9804-19065836f15c,emp-2,2023-06-30,2023-07-05,Autres,Approuvé,Événement familial
7429f4b7-36b2-41d5-926e-f215a2813122,emp-2,2023-11-20,2023-11-22,Congés Payés,Approuvé,Voyage
46da8e57-013d-43a3-aad4-0a2ac2ac618f,emp-2,2023-04-14,2023-04-15,Congés Payés,Approuvé,Repos
39aef9b9-5f2b-4f8c-bd0d-165b10ba2e1b,emp-2,2024-08-30,2024-09-01,Maternité/Paternité,Approuvé,Congé parental
6269f162-fd18-47b2-a646-0e48704f349f,emp-2,2024-06-18,2024-06-20,Maternité/Paternité,Approuvé,Congé parental
98594214-25f8-429f-8310-f64a9caa4345,emp-2,2024-07-16,2024-07-18,Congés Payés,Approuvé,Repos
ea85e5e7-bd27-41ae-88a3-777cac3f4bbe,emp-2,2024-02-12,2024-02-19,Congés Payés,Approuvé,Vacances familiales
37d741d5-373a-45c2-8779-be62a11485d0,emp-2,2024-06-13,2024-06-14,Congés Payés,Approuvé,Voyage
f5e81c45-e032-4bf8-8cec-7ffdf04583c8,emp-2,2024-08-06,2024-08-08,Congés Payés,Approuvé,Repos
d74e929e-3df4-4aaf-89f5-91deb9475347,emp-2,2025-11-24,2025-12-08,Raisons personnelles,Approuvé,Raisons personnelles
87d71ef3-1b7f-45d9-b537-fe8fc2b60814,emp-2,2025-12-14,2025-12-16,Congés Payés,Approuvé,Voyage
61e53676-7484-41a7-90db-41e12a10718d,emp-2,2025-02-04,2025-02-06,Maladie,Approuvé,Repos médical
e0fb3bd3-8abf-4353-93f6-35598d05eefe,emp-2,2025-12-14,2025-12-17,Congés Payés,Approuvé,Vacances
0e9aebb3-a311-448c-83c9-b3b466c5ee44,emp-2,2026-04-04,2026-04-07,Maladie,Approuvé,Consultation médicale
50430c83-12d9-4c3a-9e03-888f1cd1a13a,emp-2,2026-02-17,2026-02-20,Congés Payés,Approuvé,Repos
f2d39e7f-24a9-4da3-9001-f77b28676c01,emp-2,2026-04-25,2026-04-27,Maladie,Approuvé,Consultation médicale
ebf9868e-0931-4f26-ae45-03a1b56452bd,emp-2,2026-02-04,2026-02-14,Congés Payés,Approuvé,Voyage
979441d2-b9e5-43b0-a545-b6c8fa2073ab,emp-2,2026-03-23,2026-03-28,Maladie,Approuvé,Grippe
a9dc91a1-51f0-4b9c-ba3c-270c43055394,emp-2,2026-06-13,2026-06-15,Congés Payés,Approuvé,Vacances familiales
bfbadbd1-ad90-4c78-807d-21aa0bcc8d63,emp-3,2022-07-19,2022-07-22,Maladie,Approuvé,Repos médical
612ec1cd-9589-49e5-ba3a-7a468b7b65c1,emp-3,2022-07-29,2022-07-31,Raisons personnelles,Approuvé,Raisons personnelles
40be2a5e-adf5-49af-800b-4414b41c79b1,emp-3,2022-07-31,2022-08-01,Congés Payés,Approuvé,Voyage
a8177c65-119a-4e14-9271-62b4da43721f,emp-3,2022-10-09,2022-10-10,Autres,Approuvé,Événement familial
879ddea7-7d2c-4537-bd37-891fba652b64,emp-3,2022-11-18,2022-11-28,Congés Payés,Approuvé,Vacances familiales
426d55ff-d6ca-4717-a730-4a58c8c60d26,emp-3,2023-06-15,2023-06-25,Congés Payés,Rejeté,Repos
7524b22a-cab6-4666-a234-988003064756,emp-3,2023-04-11,2023-04-16,Maladie,Approuvé,Repos médical
1334a8f8-a878-4659-9835-b9f43d2d483a,emp-3,2023-02-17,2023-02-22,Congés Payés,Rejeté,Vacances familiales
cb637b38-c70d-406b-a16d-f13db31196eb,emp-3,2024-11-05,2024-11-07,Raisons personnelles,Approuvé,Raisons personnelles
d9a6b641-453a-49e4-a319-67d7ab9caed4,emp-3,2024-11-24,2024-12-01,Congés Payés,Approuvé,Voyage
39bf46f0-cfe9-4d19-8bf9-36e7ccf0f7c1,emp-3,2024-01-16,2024-01-19,Maladie,Approuvé,Grippe
0c341105-fe2d-4dc6-b712-2999491b541d,emp-3,2024-12-16,2024-12-19,Congés Payés,Approuvé,Vacances familiales
8c4fe4bf-e08c-41c7-94f6-688c945ac703,emp-3,2024-09-04,2024-09-07,Congés Payés,Approuvé,Repos
2e9c827f-12f0-45d8-923e-271064619d03,emp-3,2024-07-23,2024-07-24,Congés Payés,Approuvé,Repos
fa0d8db9-1e7b-4591-98b3-bc06db960c0f,emp-3,2025-05-17,2025-05-20,Congés Payés,Approuvé,Voyage
79b889c4-1bd7-4a21-ba83-b89ec8cd13bb,emp-3,2025-05-08,2025-05-22,Raisons personnelles,Approuvé,Raisons personnelles
8ecada21-e45c-42cb-86f7-16b1f914d814,emp-3,2026-05-12,2026-05-15,Autres,Approuvé,Formation externe
fe140f6d-5e88-43bf-aa81-ed6879cf4144,emp-3,2026-04-28,2026-05-12,Congés Payés,Approuvé,Vacances
3b114e94-6b8d-4369-81a8-3321f7512248,emp-3,2026-06-02,2026-06-12,Maladie,Approuvé,Consultation médicale
f6a52762-c273-4582-8399-b1a70507acd5,emp-3,2026-02-04,2026-02-14,Maladie,Approuvé,Consultation médicale
9684aee6-4859-41ba-841d-a56622c8f324,emp-3,2026-01-14,2026-01-19,Congés Payés,Approuvé,Vacances
ebe3e855-73fe-4f0c-bee4-02fa890663bf,emp-4,2023-10-09,2023-10-11,Raisons personnelles,Approuvé,Raisons personnelles
c2017698-7b48-47eb-b289-dbec21a69092,emp-4,2023-07-21,2023-07-24,Raisons personnelles,Approuvé,Raisons personnelles
5835eb5c-be27-4c74-b5b2-a52343ae9cca,emp-4,2023-11-05,2023-11-10,Congés Payés,Approuvé,Vacances familiales
8f2ed9de-9613-4cb4-9318-dd00e98d98eb,emp-4,2023-08-31,2023-09-05,Congés Payés,Approuvé,Vacances familiales
15a97341-8f0c-4b0f-b56a-3772002b4dcd,emp-4,2023-06-13,2023-06-15,Raisons personnelles,Approuvé,Raisons personnelles
3fecacd4-1174-47c5-934f-9c776b570367,emp-4,2024-09-17,2024-09-22,Maladie,Approuvé,Grippe
5389bfa3-de86-42e1-956e-1addcacc7af9,emp-4,2024-12-10,2024-12-11,Congés Payés,Approuvé,Vacances
252ede93-83d1-4ddf-a6fe-8127299256dc,emp-4,2024-05-15,2024-05-29,Maternité/Paternité,Approuvé,Congé parental
97703024-1722-4086-acd5-02f09555fb17,emp-4,2024-10-25,2024-10-28,Congés Payés,Approuvé,Voyage
45a94f8f-644a-4be0-a557-db663fd7da66,emp-4,2024-05-04,2024-05-05,Raisons personnelles,Approuvé,Raisons personnelles
db8e56dd-84c5-40f5-9ffc-4d93ebb675ad,emp-4,2024-08-02,2024-08-04,Maladie,Approuvé,Repos médical
2c2f97d9-3ace-49ed-ac46-74268f8012a2,emp-4,2025-12-28,2025-12-29,Congés Payés,Approuvé,Voyage
6a41fa33-1cb8-4b89-ac02-2da7a682bba4,emp-4,2025-06-10,2025-06-24,Congés Payés,Approuvé,Repos
5ff4bd1a-f119-4f9c-8933-fd31e85b5a3b,emp-4,2026-06-14,2026-06-21,Congés Payés,Approuvé,Vacances familiales
9746a834-0f90-4d58-99ca-f07d2f23953b,emp-4,2026-03-18,2026-03-20,Raisons personnelles,Approuvé,Raisons personnelles
4a627a24-7805-4bfa-981b-f1c9a877c0fd,emp-4,2026-05-06,2026-05-08,Congés Payés,Rejeté,Repos
1cac8ce8-adf6-40b8-9510-c99592a43052,emp-4,2026-05-27,2026-06-01,Congés Payés,Rejeté,Repos
da36a07f-d04d-4d5c-986f-d5700f4b26f5,emp-4,2026-01-11,2026-01-13,Maladie,Approuvé,Repos médical
b0684f78-a9d6-4171-bf87-ffa761e2b185,emp-4,2026-05-03,2026-05-05,Autres,Approuvé,Déménagement
8c694955-01d2-4040-9a6d-c67ebfb25ee8,emp-4,2026-06-07,2026-06-14,Congés Payés,Approuvé,Vacances familiales
4fafadf0-7c1c-4555-a4ce-a5c6234a1502,emp-5,2023-05-23,2023-05-26,Maladie,Approuvé,Consultation médicale
b674f905-fcb6-4a09-b7b9-e7fc22d64d57,emp-5,2023-12-21,2023-12-23,Maladie,Approuvé,Grippe
9cddac8e-1d03-42ab-b60b-1d09ed5e1a48,emp-5,2024-05-27,2024-05-29,Maladie,Approuvé,Repos médical
55a0f858-d568-486d-8716-3a4d6b1d9fe5,emp-5,2024-04-28,2024-05-03,Maladie,Rejeté,Grippe
5cd118e2-c869-43da-a988-5d75d60e56ff,emp-5,2024-01-19,2024-02-02,Congés Payés,Approuvé,Repos
eccc9ced-a147-40ba-909c-82d758efe63c,emp-5,2025-10-18,2025-10-23,Raisons personnelles,Approuvé,Raisons personnelles
a984f627-ca37-40cf-b017-f0ae0cdba2a9,emp-5,2025-09-26,2025-09-29,Raisons personnelles,Approuvé,Raisons personnelles
51bef766-c8c1-492a-9b8e-3e14995b6a98,emp-5,2025-02-27,2025-03-01,Maladie,Approuvé,Consultation médicale
f23d4a90-37f5-4807-a751-007f429fc825,emp-5,2025-06-22,2025-06-29,Maladie,Approuvé,Repos médical
d7cb21e3-0826-465e-81d9-914e711e8341,emp-5,2026-04-20,2026-04-25,Congés Payés,Approuvé,Vacances familiales
c3775572-b1b5-4efe-abb0-3a9c955c642c,emp-5,2026-03-24,2026-04-03,Congés Payés,Approuvé,Voyage
b57123d1-9ba0-4cf6-a8a3-37bc391e4ed8,emp-5,2026-03-19,2026-03-24,Maladie,Approuvé,Repos médical
4dca53d2-b115-4cd2-adc8-46563b0c0216,emp-5,2026-01-16,2026-01-21,Congés Payés,Approuvé,Repos
0711aab0-0bde-4160-b49e-0aa28a113cec,emp-5,2026-06-13,2026-06-23,Congés Payés,En attente,Vacances familiales
736e7fa8-5c11-4a41-ada0-267048bbd98f,emp-6,2023-11-12,2023-11-19,Maladie,Approuvé,Repos médical
94750ace-c0e6-4ff4-a39f-29db91462ffc,emp-6,2023-09-12,2023-09-19,Maladie,Approuvé,Repos médical
dfe88e08-3184-4aba-aa8f-437d78c46064,emp-6,2023-12-01,2023-12-08,Congés Payés,Approuvé,Vacances
bc8b485e-2152-4b6c-b98b-8535be82eb45,emp-6,2024-10-20,2024-10-25,Congés Payés,Approuvé,Voyage
b33eff5c-4616-450b-a7e9-ecda13ba7d1d,emp-6,2024-04-15,2024-04-22,Congés Payés,Approuvé,Voyage
2a7f3bd2-6691-492d-bf9d-7eab28bf097c,emp-6,2024-03-08,2024-03-13,Congés Payés,Approuvé,Voyage
261e200f-c5b5-4bf4-b520-c653bd0ada82,emp-6,2025-01-12,2025-01-15,Autres,Approuvé,Événement familial
34c6663a-7a83-4581-a620-09361fc7e2aa,emp-6,2025-06-26,2025-07-03,Congés Payés,Approuvé,Vacances
a25f66f7-380a-48f6-8152-cfd14567e3d7,emp-6,2025-05-27,2025-05-30,Maternité/Paternité,Approuvé,Congé parental
53f3e305-dbed-4cca-82a2-4fbf902c75aa,emp-6,2025-08-18,2025-08-28,Raisons personnelles,Approuvé,Raisons personnelles
c4024510-04bd-4a46-af96-4a31ffb3fccd,emp-6,2025-03-02,2025-03-04,Congés Payés,Approuvé,Vacances familiales
c344e61f-88ff-4c77-9bd1-a3e07fbe0c00,emp-6,2025-06-02,2025-06-05,Maladie,Approuvé,Consultation médicale
70558573-bb2c-485d-96d3-66d2ed387731,emp-6,2025-08-24,2025-08-26,Congés Payés,Rejeté,Vacances
1a4699a2-8fd6-4970-99a6-102c3947f4cc,emp-6,2026-06-07,2026-06-14,Autres,Approuvé,Déménagement
ac662bbf-bc74-43dd-bea5-fa3f9a92f14c,emp-6,2026-06-02,2026-06-03,Maladie,Approuvé,Consultation médicale
1771644e-7c76-419e-a86a-d6e6fa6d7c5c,emp-6,2026-01-12,2026-01-15,Congés Payés,Approuvé,Vacances
9d1b6879-2d78-48a3-8409-7afc8dd7d475,emp-6,2026-03-16,2026-03-18,Raisons personnelles,Approuvé,Raisons personnelles
47f32fd7-a810-44b2-8f9e-acad12a2a743,emp-6,2026-02-06,2026-02-20,Congés Payés,Approuvé,Repos
875502b9-007d-41e8-a2fe-622090ca6376,emp-7,2024-03-30,2024-04-04,Congés Payés,Approuvé,Repos
bb9706b4-4d35-4769-885a-1043cdfc8d6e,emp-7,2024-07-14,2024-07-21,Congés Payés,Approuvé,Vacances familiales
9e35ac51-400a-4c68-b348-86bc73fe1842,emp-7,2024-04-04,2024-04-11,Congés Payés,Approuvé,Repos
0b0387bf-7f1a-4fa9-bad0-64e09e55f121,emp-7,2024-08-25,2024-09-04,Maladie,Rejeté,Grippe
31e4fe2e-703b-4c17-9c52-47cbd6f939ca,emp-7,2024-05-10,2024-05-12,Maladie,Rejeté,Consultation médicale
99f4d60a-180f-4deb-9544-e78b2419c2be,emp-7,2024-04-07,2024-04-08,Congés Payés,Approuvé,Vacances
004acc03-4ab9-4c22-ab1f-cf85bb422814,emp-7,2025-12-10,2025-12-15,Congés Payés,Approuvé,Repos
b0b153ac-5ccb-454d-ad0a-202238aadc84,emp-7,2025-04-19,2025-04-29,Raisons personnelles,Approuvé,Raisons personnelles
ad6c4775-2078-4646-a0b5-7fd495edf513,emp-7,2025-11-06,2025-11-13,Congés Payés,Approuvé,Repos
c8db4ab2-a6cc-4295-b7ac-a66b23615438,emp-7,2025-08-27,2025-09-01,Congés Payés,Approuvé,Voyage
21259996-28e3-4222-9c00-dcf4d7ac3ba8,emp-7,2025-08-29,2025-09-05,Congés Payés,Approuvé,Repos
cc2329c7-b3f4-49f4-b9e0-f5b7bb4856e3,emp-7,2025-10-16,2025-10-26,Maladie,Approuvé,Grippe
740386f6-22ef-4570-b565-569735f4d692,emp-7,2026-03-26,2026-03-28,Maladie,Approuvé,Grippe
7b6d0191-4051-4ff1-b0e9-e44f47ed065e,emp-7,2026-06-14,2026-06-21,Congés Payés,En attente,Repos
7e314a61-74fd-43ed-84b8-e787f1af0268,emp-7,2026-05-20,2026-05-23,Raisons personnelles,Approuvé,Raisons personnelles
b550bade-a2ae-4218-897d-0a0af92f348e,emp-8,2026-02-05,2026-02-12,Congés Payés,Approuvé,Vacances familiales
d3a289de-c950-4c49-96c3-dfa093b83dfd,emp-8,2026-03-03,2026-03-04,Congés Payés,Approuvé,Voyage
1707700c-31ee-4881-9105-cc4fc9962307,emp-9,2021-09-02,2021-09-07,Congés Payés,Approuvé,Repos
f8b9aa0d-0977-4298-93ce-40f4fdcc04c0,emp-9,2021-09-04,2021-09-09,Maladie,Approuvé,Consultation médicale
e2b12ffb-c72d-4b59-8d88-eab3d1ea165a,emp-9,2022-03-18,2022-03-20,Maladie,Approuvé,Grippe
03f9dc67-fb1e-4df7-b0c8-d42890a40fbf,emp-9,2022-02-10,2022-02-13,Congés Payés,Approuvé,Vacances familiales
84ea3344-2e96-435d-aa67-e477db992bc7,emp-9,2022-02-11,2022-02-16,Autres,Approuvé,Événement familial
f60692ce-f988-4d5b-99c2-665da5fd1007,emp-9,2022-07-13,2022-07-18,Congés Payés,Approuvé,Vacances familiales
bfd62d80-4ec5-4ca5-9dc4-e40e0e2e8a9c,emp-9,2022-08-11,2022-08-16,Congés Payés,Rejeté,Vacances
f84833bc-553f-498b-8f61-7421deef42a8,emp-9,2022-04-28,2022-04-30,Autres,Approuvé,Déménagement
f7fa965c-db4f-4ec3-85dd-9f94469bb8cf,emp-9,2023-12-17,2023-12-27,Autres,Approuvé,Événement familial
5c0da7b9-5b35-413e-9c32-6d19bc2dcdfb,emp-9,2023-01-09,2023-01-23,Maladie,Approuvé,Consultation médicale
3980e4eb-19ae-4960-b98b-7ca05a45cda6,emp-9,2024-10-15,2024-10-17,Autres,Approuvé,Formation externe
44c6fe05-8774-451b-a69f-387e0b588534,emp-9,2024-03-12,2024-03-19,Maladie,Approuvé,Consultation médicale
76047ba7-c517-4df8-b594-cc12ad42deda,emp-9,2024-08-11,2024-08-13,Congés Payés,Approuvé,Voyage
a5a727ab-9b66-4f31-b883-7c5959fab860,emp-9,2025-05-20,2025-05-27,Congés Payés,Approuvé,Voyage
9143e552-8e3f-48f9-a80c-4a85d0c7e75e,emp-9,2025-12-15,2025-12-20,Congés Payés,Approuvé,Repos
c2453d96-bd67-4a2c-be7e-31227d749758,emp-9,2025-02-07,2025-02-08,Congés Payés,Approuvé,Vacances familiales
a2368206-9974-4e6c-8741-a62279f94fb1,emp-9,2025-06-12,2025-06-15,Congés Payés,Rejeté,Voyage
f5500491-1802-43bb-ae3d-2b2f6af6e8d4,emp-9,2025-02-22,2025-02-23,Congés Payés,Approuvé,Voyage
8595476e-c259-410e-b2a2-2b2cace14e7f,emp-9,2025-02-15,2025-02-18,Congés Payés,Approuvé,Repos
bfe9753b-2947-4598-ae42-c4f9cc5a35bd,emp-9,2025-05-30,2025-06-02,Maternité/Paternité,Approuvé,Congé parental
aa7b5dd1-4585-4456-9d62-4828ae37a20a,emp-9,2026-04-08,2026-04-10,Congés Payés,Approuvé,Vacances familiales
43dafc8b-fd24-45e3-ad55-fa21c6d062df,emp-9,2026-04-22,2026-04-24,Congés Payés,Approuvé,Repos
696ea748-9546-4ed1-bda1-cc288f9b6892,emp-9,2026-06-10,2026-06-13,Maladie,Approuvé,Grippe
0a17b5b0-7e97-45a6-9cde-1524ef751364,emp-10,2023-06-20,2023-06-27,Congés Payés,Approuvé,Voyage
065fa178-bd53-4cef-943c-7e81b321aa58,emp-10,2023-11-30,2023-12-14,Congés Payés,Approuvé,Vacances familiales
07b022da-2ef9-4765-8fcd-bd4880ea25d9,emp-10,2023-04-01,2023-04-15,Raisons personnelles,Approuvé,Raisons personnelles
04ab75d0-d1d7-41e1-94a3-e2d798ce1ac6,emp-10,2023-06-16,2023-06-19,Autres,Approuvé,Déménagement
32dbff3a-fbe2-4e0b-b9b3-df4bd6b3c0c6,emp-10,2023-10-31,2023-11-14,Congés Payés,Approuvé,Vacances
f0b01b24-2c9e-4e7f-a3d2-4d774c0ae2d2,emp-10,2024-04-17,2024-04-20,Congés Payés,Approuvé,Voyage
aab2555a-b104-405c-a04c-2e4b69f9c347,emp-10,2024-03-12,2024-03-17,Congés Payés,Approuvé,Voyage
911e6455-9579-4822-8e9e-3611f9a6c0d1,emp-10,2024-08-17,2024-08-31,Congés Payés,Approuvé,Voyage
d6e134e1-1190-4787-b637-03d558d325ba,emp-10,2024-07-03,2024-07-10,Autres,Approuvé,Déménagement
f21bb679-70f2-421f-a7c3-9c243076312b,emp-10,2024-12-02,2024-12-07,Congés Payés,Approuvé,Voyage
a1319fb3-d6ae-467b-9d21-7fec8c70293e,emp-10,2024-02-24,2024-02-25,Congés Payés,Approuvé,Vacances familiales
675f1f8d-b0fa-4d6e-8fcd-cb754876652f,emp-10,2024-07-19,2024-07-22,Maladie,Approuvé,Grippe
4b63e962-29ad-47b5-9ecf-1244b87f1ef5,emp-10,2025-02-23,2025-02-25,Raisons personnelles,Approuvé,Raisons personnelles
36682b53-eeea-43d9-9106-a08986a3f8a6,emp-10,2025-06-25,2025-06-28,Congés Payés,Approuvé,Voyage
7dba7b73-064f-45a3-910e-c13a327ae5d2,emp-10,2025-12-23,2025-12-26,Congés Payés,Approuvé,Vacances
fd8b93ac-c4f1-40dc-8959-d4e5bc477f0f,emp-10,2025-11-28,2025-11-29,Autres,Rejeté,Déménagement
8f121403-f38c-424d-86ae-20db1d942f70,emp-10,2025-10-10,2025-10-12,Maladie,Rejeté,Grippe
38f076d8-7e89-4cbb-bfe1-b0bbf603abb0,emp-10,2026-02-17,2026-02-22,Congés Payés,Approuvé,Vacances familiales
5da744ed-ea3f-4ae5-9df6-416687662709,emp-10,2026-04-20,2026-04-23,Maladie,Approuvé,Repos médical
1619c66e-a80f-49ad-8594-f4b215925232,emp-10,2026-05-18,2026-05-20,Congés Payés,Approuvé,Repos
e5c66ef3-ec37-4a49-a28b-b03577586d21,emp-11,2025-08-11,2025-08-16,Maladie,Approuvé,Grippe
1edce599-0927-4bff-a74e-501f292cbbf9,emp-11,2025-05-31,2025-06-07,Maladie,Approuvé,Repos médical
9d54dc93-825a-46a9-87b8-90d9cad29ac3,emp-11,2025-08-11,2025-08-12,Congés Payés,Approuvé,Vacances familiales
b44c26da-d325-49bb-8680-ebb3cdb86f1d,emp-11,2025-10-04,2025-10-09,Maladie,Approuvé,Repos médical
82906fd6-dfe0-45e6-8094-8060900c28c2,emp-11,2025-05-31,2025-06-05,Congés Payés,Approuvé,Repos
4f2d3402-50e2-40fc-be78-6cef47c23aba,emp-11,2025-03-31,2025-04-10,Raisons personnelles,Approuvé,Raisons personnelles
c5b8f0e9-c346-4cbe-9110-a090286f0ecb,emp-11,2026-05-07,2026-05-10,Congés Payés,Approuvé,Voyage
9ec8cde3-fafa-4945-b844-8244be6d60f5,emp-11,2026-01-22,2026-01-27,Maternité/Paternité,Approuvé,Congé parental
1d732aaf-7b97-4ac0-9028-bcf0d0632644,emp-11,2026-05-18,2026-05-20,Maternité/Paternité,Approuvé,Congé parental
f0d309ba-b401-4f25-be2a-a0b1b22d2c58,emp-11,2026-01-29,2026-02-03,Congés Payés,Approuvé,Repos
1d2fa42e-5918-4cc4-ba48-bcd96da6a3b0,emp-11,2026-04-23,2026-04-28,Raisons personnelles,Approuvé,Raisons personnelles
7cd13dcb-fc14-4236-802f-43432e00a358,emp-11,2026-04-26,2026-04-28,Autres,Approuvé,Déménagement
a69317a5-a258-494d-9e1c-53df5fee5897,emp-12,2024-10-26,2024-10-31,Autres,Approuvé,Formation externe
a552fdfa-662f-4720-b632-17d7a7e6eeaf,emp-12,2024-07-03,2024-07-10,Autres,Approuvé,Événement familial
ab89b737-d20a-4e56-b916-bb9120799dc2,emp-12,2024-10-28,2024-11-02,Congés Payés,Approuvé,Repos
e575f46c-728b-44e5-9ca3-9411730f3c85,emp-12,2024-10-07,2024-10-21,Maladie,Approuvé,Consultation médicale
813e615f-5226-46d2-8a1d-1fce16a97aad,emp-12,2024-11-12,2024-11-13,Autres,Approuvé,Formation externe
d557dc84-2adc-4096-a5a0-85c9fbae45cf,emp-12,2024-09-06,2024-09-09,Maladie,Approuvé,Grippe
38361ea3-cbe9-4871-a77e-ad822d21f8e4,emp-12,2024-06-17,2024-06-22,Autres,Approuvé,Événement familial
b2a02ceb-cc64-4f7d-a2e0-d9e17e0121f5,emp-12,2025-09-07,2025-09-09,Congés Payés,Approuvé,Vacances
0522badc-2373-45d4-841c-e61f180ea7c2,emp-12,2025-11-22,2025-11-27,Congés Payés,Approuvé,Voyage
c83eab0d-5f33-4e5e-b594-e3fc70567791,emp-12,2025-04-19,2025-04-22,Congés Payés,Approuvé,Vacances familiales
fc326960-00e3-4e51-8c4e-7ae8927b6cdc,emp-12,2025-06-25,2025-07-05,Maternité/Paternité,Approuvé,Congé parental
44d4543a-13d5-430d-920d-f332be1eb319,emp-12,2025-03-22,2025-03-25,Congés Payés,Rejeté,Vacances familiales
9057340e-a27c-40e9-9c03-d91ef15658b2,emp-12,2026-03-19,2026-03-21,Raisons personnelles,Approuvé,Raisons personnelles
2c8f1f07-8802-4213-ab87-eb9867203a04,emp-12,2026-04-06,2026-04-11,Maladie,Approuvé,Repos médical
e7235c19-dc80-48f1-a1f9-8f975f479fd3,emp-12,2026-03-01,2026-03-04,Congés Payés,Approuvé,Vacances familiales
16b675fe-ac02-4125-a0c0-50ed420a8f5c,emp-12,2026-02-03,2026-02-08,Congés Payés,Approuvé,Vacances
4f2f7994-170e-4e97-a025-a0b90526e63b,emp-12,2026-01-31,2026-02-14,Congés Payés,Approuvé,Vacances
a9819c4c-93ac-4732-ab0e-81cc26199617,emp-12,2026-01-23,2026-01-30,Congés Payés,Approuvé,Repos
818f6c5c-a4cf-4442-a297-f6af4270580c,emp-12,2026-02-04,2026-02-09,Maladie,Approuvé,Repos médical
8721fc21-8cd5-4e5d-9463-a2e8c0880d25,emp-13,2025-11-14,2025-11-17,Congés Payés,Approuvé,Voyage
e943e9f8-983a-4cd5-baf2-2840419d8e95,emp-13,2025-11-15,2025-11-25,Congés Payés,Approuvé,Vacances
5986204f-3249-4e81-884e-1120ecead938,emp-13,2025-10-16,2025-10-19,Congés Payés,Approuvé,Vacances familiales
7a30b0a6-595e-4095-ab33-9b45c17aa147,emp-13,2026-03-05,2026-03-10,Maladie,Approuvé,Repos médical
4aec59d6-f939-4825-9d78-08e04ce74f22,emp-13,2026-02-22,2026-02-27,Congés Payés,Approuvé,Repos
8b044e4e-e16e-4af8-8437-5cf6d7ddbf6f,emp-14,2023-11-02,2023-11-05,Congés Payés,Approuvé,Vacances
02accfc8-5839-4208-bbf1-dc9f1c29f1a7,emp-14,2023-10-16,2023-10-26,Congés Payés,Approuvé,Voyage
c637fcc8-a2bb-42fd-9d04-902049a75c42,emp-14,2023-11-26,2023-11-28,Congés Payés,Rejeté,Vacances
18c93994-7727-4848-ac7b-2018f03ea125,emp-14,2024-01-08,2024-01-10,Congés Payés,Approuvé,Voyage
f1ce9c4a-fe0a-4556-9922-dfa3d57122ac,emp-14,2024-11-17,2024-11-24,Maternité/Paternité,Approuvé,Congé parental
67ed4288-36da-4422-879d-e1912ce2e6a2,emp-14,2025-10-03,2025-10-08,Congés Payés,Approuvé,Vacances familiales
48e67902-3e5f-4050-8f94-7bdf79ec3059,emp-14,2025-06-17,2025-06-20,Maladie,Approuvé,Grippe
43b62bc3-86ed-4933-8bc9-7b0e3d1dcef5,emp-14,2025-08-12,2025-08-19,Autres,Approuvé,Déménagement
060aff06-e433-4008-ae26-21c527673f37,emp-14,2025-08-21,2025-08-26,Congés Payés,Approuvé,Vacances familiales
728050d5-be31-4a4f-8d50-7353da0eadbf,emp-14,2025-12-29,2025-12-30,Congés Payés,Approuvé,Repos
f6f703b2-aae5-4c87-8f07-e87aa37787c1,emp-14,2025-05-13,2025-05-15,Congés Payés,Approuvé,Repos
844f3641-d44d-44b9-b350-9d1a138dfbdb,emp-14,2026-03-27,2026-04-03,Congés Payés,Approuvé,Vacances
ece803c1-00e6-495e-b60f-f5f9cb3f5295,emp-14,2026-05-11,2026-05-14,Congés Payés,Approuvé,Repos
85d3b0e6-8345-4d3c-93a4-8869ba3d0627,emp-15,2025-09-18,2025-09-19,Autres,Approuvé,Événement familial
ad6e7bc8-04a1-498f-a0dc-b9dc2eed4172,emp-15,2026-02-08,2026-02-10,Raisons personnelles,Approuvé,Raisons personnelles
97b9fc39-d381-421c-867e-76d0164443be,emp-15,2026-03-05,2026-03-08,Maladie,Approuvé,Repos médical
b513443f-037a-4827-b20d-da6ff2d52038,emp-15,2026-01-31,2026-02-05,Raisons personnelles,Approuvé,Raisons personnelles
5e93c53f-dbfc-46b1-a9c1-de8dde7c8ca0,emp-16,2025-10-15,2025-10-22,Congés Payés,Approuvé,Voyage
ec669172-0bc1-4647-8c3d-569936b9d560,emp-16,2025-09-24,2025-09-26,Maternité/Paternité,Approuvé,Congé parental
69ef5660-18f5-435d-bf4e-49a40c9fbcc4,emp-16,2025-12-08,2025-12-22,Maternité/Paternité,Approuvé,Congé parental
30bd53c1-74c7-4106-ab25-047d86d3c0ac,emp-16,2025-11-16,2025-11-17,Congés Payés,Approuvé,Vacances
2e3713c7-a2d2-4d00-bd88-2254e0547874,emp-16,2025-11-08,2025-11-15,Maladie,Approuvé,Grippe
3a394dce-c5f0-4bac-a10b-26f912fc1576,emp-16,2026-02-06,2026-02-13,Congés Payés,Rejeté,Voyage
bd7fa699-bc68-49b9-8eba-4ed5fc5e80b5,emp-16,2026-04-28,2026-05-12,Congés Payés,Approuvé,Vacances familiales
447fcac7-cdfa-454e-b4d6-3bf12a4a7935,emp-17,2023-11-10,2023-11-15,Congés Payés,Rejeté,Vacances familiales
4b18a9d8-9cfc-438d-9907-9c8f5de50f8d,emp-17,2023-08-31,2023-09-10,Congés Payés,Approuvé,Repos
6a8ec245-1ee2-45c9-a40b-c7e4d10f0835,emp-17,2024-04-29,2024-04-30,Congés Payés,Approuvé,Vacances
ee556b37-637e-4fbd-85dc-c29a5e50b6b1,emp-17,2024-03-25,2024-03-28,Congés Payés,Approuvé,Repos
9b00aba0-4696-4b5d-b718-49830815ff10,emp-17,2024-06-06,2024-06-09,Autres,Approuvé,Formation externe
e2f952cd-6f73-4dbc-ba4a-529d3ac07204,emp-17,2024-11-04,2024-11-05,Autres,Approuvé,Déménagement
e515f56b-0158-4e88-9663-9c3d45bf9d8a,emp-17,2025-07-22,2025-07-27,Maladie,Approuvé,Consultation médicale
7decad5b-b43d-47e9-ae3b-0c67224999c3,emp-17,2025-08-20,2025-08-25,Maladie,Approuvé,Consultation médicale
e5e9e93e-628e-4fad-ba36-1f570dff498e,emp-17,2025-01-07,2025-01-08,Maternité/Paternité,Approuvé,Congé parental
ffd83d0e-57cb-4307-b408-0b7b38c88876,emp-17,2025-12-18,2025-12-23,Maladie,Approuvé,Consultation médicale
9fffeeef-1fdd-422c-9b8c-93ad5df41985,emp-17,2026-02-20,2026-03-02,Congés Payés,Approuvé,Repos
cbc35a81-a39e-454b-928d-78c31d3ac2f3,emp-17,2026-04-29,2026-04-30,Raisons personnelles,Approuvé,Raisons personnelles
7ec42d87-7631-4152-8817-8d23ce1139c4,emp-18,2022-12-26,2022-12-29,Congés Payés,Approuvé,Repos
18b1c647-21a2-4619-8d76-fe47cbc04182,emp-18,2022-03-28,2022-03-29,Maladie,Approuvé,Grippe
fa6bcff8-2e21-4b20-9762-8513b1e86047,emp-18,2022-10-19,2022-10-22,Congés Payés,Approuvé,Voyage
393047ad-0f74-429d-aa7c-54df4bc3eed5,emp-18,2022-10-07,2022-10-09,Raisons personnelles,Approuvé,Raisons personnelles
75cd3364-33b5-4044-9703-46387fecd72d,emp-18,2022-07-13,2022-07-16,Maternité/Paternité,Approuvé,Congé parental
e509df4a-cf11-4b9a-8eac-237c1eafa0a4,emp-18,2023-01-14,2023-01-16,Congés Payés,Approuvé,Repos
bc4d13c3-5368-40c5-a96c-4b4f4e2b5df6,emp-18,2023-09-29,2023-10-02,Maladie,Approuvé,Consultation médicale
a354cad4-d64a-4f9c-9566-238204fec33c,emp-18,2023-12-03,2023-12-05,Congés Payés,Approuvé,Vacances
d36642f9-dfe6-46e4-8ba8-283596de4d62,emp-18,2024-06-30,2024-07-10,Raisons personnelles,Approuvé,Raisons personnelles
0103e2e7-2cbe-49cb-bf27-1849eb57e89f,emp-18,2024-12-23,2024-12-26,Maladie,Approuvé,Repos médical
a713163c-939a-44fa-8fbb-08b2825c4fa6,emp-18,2024-03-13,2024-03-18,Congés Payés,Rejeté,Voyage
6a16a6cb-8265-4333-b63b-e0cca2c6ab3d,emp-18,2024-03-30,2024-04-02,Congés Payés,Approuvé,Vacances familiales
ef74765c-3bdc-4893-8f3a-02b7fd1ebbe0,emp-18,2024-09-01,2024-09-02,Raisons personnelles,Approuvé,Raisons personnelles
7239daa3-a97b-45bc-b18c-b99b4a2bf656,emp-18,2025-06-15,2025-06-16,Congés Payés,Approuvé,Vacances familiales
eef9ce7a-f883-4d44-998d-fd32b52bc2a6,emp-18,2025-07-06,2025-07-20,Congés Payés,Rejeté,Voyage
dfeef7cb-1ba2-4334-92f2-a798b2804ddc,emp-18,2025-06-22,2025-06-24,Congés Payés,Approuvé,Voyage
7d5ab456-2527-4dea-87ac-f85c16e84d1a,emp-18,2026-03-23,2026-03-25,Raisons personnelles,Approuvé,Raisons personnelles
adb32d18-653c-4dbd-b59a-e8566b047004,emp-18,2026-05-31,2026-06-07,Congés Payés,Approuvé,Repos
5b040825-d096-4b56-adb9-602b4baf8b31,emp-18,2026-01-01,2026-01-11,Raisons personnelles,Approuvé,Raisons personnelles
a357a0f0-7db7-45dc-beea-4f83f1b1e459,emp-18,2026-03-23,2026-04-02,Raisons personnelles,Approuvé,Raisons personnelles
77c83f08-c959-4e50-8ac3-9450256a748c,emp-18,2026-03-26,2026-04-02,Congés Payés,Rejeté,Vacances familiales
6cbd96d4-1a58-456d-81c0-a3afc9fa8d01,emp-18,2026-06-13,2026-06-20,Congés Payés,Approuvé,Vacances familiales
b7b22241-9b0b-41ae-a56d-45f660c6032c,emp-18,2026-01-18,2026-01-21,Maternité/Paternité,Approuvé,Congé parental
9cbe2822-0a22-4692-8a53-3136f4187469,emp-19,2023-11-13,2023-11-27,Autres,Approuvé,Formation externe
c6ef40a5-bcb5-4a1d-a71e-a22570744cb9,emp-19,2023-11-02,2023-11-03,Congés Payés,Approuvé,Vacances familiales
05666687-610b-4083-9497-2c567eb76d75,emp-19,2023-08-16,2023-08-23,Congés Payés,Approuvé,Repos
1d5d2c28-224c-4b93-8505-0fc6b4a1913e,emp-19,2023-10-24,2023-10-26,Congés Payés,Approuvé,Vacances
3ab52847-7cbe-4804-bb54-5112ba2defdb,emp-19,2023-11-29,2023-12-06,Congés Payés,Approuvé,Voyage
3f996522-5bc9-4bdb-ba1e-63c419dbb0ce,emp-19,2023-08-23,2023-08-25,Raisons personnelles,Approuvé,Raisons personnelles
f5d794d7-9ffa-4c39-a49a-73b91e381868,emp-19,2023-10-13,2023-10-15,Congés Payés,Approuvé,Voyage
a1479500-0b15-4b26-8c05-1d87a91f1759,emp-19,2024-01-02,2024-01-05,Congés Payés,Approuvé,Voyage
4f83a891-eb4c-4b87-94b4-d7db2f5edca2,emp-19,2024-01-14,2024-01-16,Maladie,Rejeté,Consultation médicale
c5eb37d1-c6c3-40ff-94e9-fd3f78edf779,emp-19,2024-07-22,2024-07-25,Autres,Approuvé,Événement familial
88e0cc47-8803-420e-923f-31292a88dde1,emp-19,2024-07-14,2024-07-17,Congés Payés,Approuvé,Voyage
2419b745-47a6-4771-9e45-784947641339,emp-19,2025-10-16,2025-10-17,Maternité/Paternité,Approuvé,Congé parental
2c108d79-d2fd-4191-884e-a9520a272766,emp-19,2025-10-05,2025-10-08,Maternité/Paternité,Approuvé,Congé parental
8cdd2391-9735-431b-b3a0-bb95ee583713,emp-19,2025-08-03,2025-08-17,Maladie,Rejeté,Grippe
73d6a71b-5edf-47c9-91f3-6fb23f6d0701,emp-19,2025-02-10,2025-02-13,Autres,Approuvé,Événement familial
470bab8f-56a4-4f91-9c46-1d4427e74871,emp-19,2026-02-12,2026-02-26,Autres,Approuvé,Formation externe
9ffff01e-11b5-422b-b5c7-ac80eeafa718,emp-19,2026-04-22,2026-04-24,Autres,Approuvé,Formation externe
1aaf0d01-8335-47df-a7ba-d623a1843336,emp-19,2026-01-18,2026-01-19,Maladie,Approuvé,Repos médical
72ef3570-a90f-4a97-9081-4528f997884e,emp-20,2025-12-17,2025-12-24,Congés Payés,Approuvé,Vacances
1a95d4d8-da1b-49a9-b16a-93865eeba698,emp-20,2025-05-15,2025-05-22,Autres,Approuvé,Événement familial
2fcbbeb0-50d7-4b63-852e-6f059b3cf158,emp-20,2026-05-05,2026-05-10,Congés Payés,Approuvé,Voyage
5a61e657-f6aa-494b-b5a8-c1fbb428c1b2,emp-20,2026-06-05,2026-06-10,Congés Payés,Approuvé,Repos
781a27f9-e9fa-4d68-a2b0-5c44ccad03df,emp-20,2026-01-13,2026-01-20,Raisons personnelles,Approuvé,Raisons personnelles
8fde555d-6b46-4626-9ed9-31f3d8388ba7,emp-20,2026-03-21,2026-03-23,Congés Payés,Approuvé,Vacances
cb576403-5c4e-4e4d-ac23-c14682891eaf,emp-20,2026-03-18,2026-04-01,Congés Payés,Approuvé,Repos
f70b005e-0ddf-4cd5-9d8e-f9f242e3ace3,emp-20,2026-06-04,2026-06-09,Congés Payés,Approuvé,Voyage
7960a271-ba62-45c9-86de-ccbe56c5f82a,emp-20,2026-05-13,2026-05-23,Autres,Approuvé,Événement familial
89c6629b-2716-4f38-9628-2c8ecc6954ff,emp-21,2023-10-09,2023-10-12,Maternité/Paternité,Approuvé,Congé parental
96217cc5-ef98-4c0b-b12b-d94bcabe1be2,emp-21,2023-05-05,2023-05-12,Congés Payés,Approuvé,Repos
d02c58c9-70da-48e1-bc7e-da88cd47d718,emp-21,2023-06-12,2023-06-15,Congés Payés,Approuvé,Vacances
c77446b3-2124-461e-ade2-456a578f98ab,emp-21,2023-05-26,2023-05-29,Maladie,Approuvé,Repos médical
77e571df-b813-466c-abe1-415aa8909e37,emp-21,2023-07-21,2023-07-23,Autres,Approuvé,Déménagement
3985f963-63d8-4358-90bb-a83ab3280f80,emp-21,2023-08-08,2023-08-09,Autres,Approuvé,Formation externe
af879c11-8871-49ea-997a-7d5bb2ccbf11,emp-21,2023-05-18,2023-05-23,Congés Payés,Approuvé,Vacances
8e4ed51a-d5ab-4a89-ac26-5f481743f8dc,emp-21,2024-03-08,2024-03-13,Maladie,Approuvé,Repos médical
64608075-0d98-4f3d-84ed-ef02777275cb,emp-21,2024-12-30,2025-01-13,Maladie,Approuvé,Grippe
dd906671-1919-4014-85f2-fe7aa258cb1b,emp-21,2024-05-09,2024-05-11,Congés Payés,Approuvé,Voyage
8e45f25d-646f-4158-99bd-8af4a7335536,emp-21,2024-01-04,2024-01-09,Maladie,Approuvé,Repos médical
b642315a-df66-4005-9430-f6079502de33,emp-21,2024-10-31,2024-11-05,Congés Payés,Approuvé,Vacances
61745f34-c422-4411-bb5c-46b69641cb3a,emp-21,2025-06-16,2025-06-26,Congés Payés,Approuvé,Repos
168f3823-cdd2-4ab4-b840-efe1526a28b7,emp-21,2025-09-22,2025-09-29,Autres,Approuvé,Événement familial
99a8a173-bf96-4198-858f-acc962191fd5,emp-21,2025-12-15,2025-12-16,Congés Payés,Approuvé,Repos
47dbe61e-b938-4201-ab92-bccf67b8108d,emp-21,2025-07-27,2025-07-30,Congés Payés,Approuvé,Vacances familiales
538941f2-608e-419b-b97d-8a65a2aaf0c9,emp-21,2025-04-24,2025-04-29,Maladie,Approuvé,Repos médical
c0faa80f-c713-457c-b99f-44aa5a2d2bb8,emp-21,2025-03-29,2025-04-05,Autres,Approuvé,Déménagement
c30a7128-39f0-432c-b9e4-111b17bcc7db,emp-21,2025-05-13,2025-05-20,Maladie,Approuvé,Repos médical
45665f9a-0772-4df4-a143-cb7fa461387f,emp-21,2026-04-01,2026-04-03,Autres,Approuvé,Événement familial
c06f2c13-5332-4966-9b82-2c4cb85b5990,emp-21,2026-05-30,2026-06-01,Autres,Approuvé,Déménagement
d0c61e87-7bef-417b-bb20-a4f334ee9c3e,emp-21,2026-05-09,2026-05-10,Maladie,Approuvé,Consultation médicale
018fc26a-6f6e-458f-a250-b26b7cf8be13,emp-22,2025-04-13,2025-04-15,Raisons personnelles,Approuvé,Raisons personnelles
afd291a6-b105-4d95-a9ab-fecbd3c6e334,emp-22,2025-04-03,2025-04-10,Congés Payés,Approuvé,Vacances familiales
3275549e-610b-431c-b43c-e737f3a60b58,emp-22,2025-01-30,2025-01-31,Congés Payés,Approuvé,Vacances familiales
3dc32acb-72ac-4c1c-9220-533b36f82c19,emp-22,2026-01-23,2026-01-24,Congés Payés,Approuvé,Voyage
03cb844f-33e4-4bf9-9053-d07ed32912b7,emp-22,2026-01-02,2026-01-03,Congés Payés,Approuvé,Vacances
ea519a07-c637-4a1b-96cb-ce1377128cd5,emp-22,2026-02-18,2026-02-19,Congés Payés,Approuvé,Vacances familiales
89b4392f-d9ed-4590-8931-908599f8319c,emp-22,2026-03-21,2026-03-22,Congés Payés,Approuvé,Vacances familiales
082ff6b4-fc44-4678-b413-ded728ca1bc9,emp-22,2026-03-18,2026-03-28,Congés Payés,Approuvé,Repos
1fcd2c76-7f1f-4c40-9204-1a690c5d4808,emp-23,2024-09-04,2024-09-18,Congés Payés,Approuvé,Vacances familiales
d286ffe9-f06f-4f7b-99f2-835e80346cbf,emp-23,2025-04-25,2025-05-02,Congés Payés,Approuvé,Vacances familiales
2c4b5c1c-b097-47a1-aa1f-b7f4ea0da746,emp-24,2022-12-09,2022-12-11,Congés Payés,Approuvé,Vacances
99e0114b-7014-416b-b7a4-6a511f50723b,emp-24,2022-12-16,2022-12-23,Congés Payés,Approuvé,Voyage
af0dc5e5-7651-4d27-b375-c0b24a734744,emp-24,2022-10-23,2022-10-25,Maladie,Approuvé,Grippe
9710de03-3688-4341-a1cd-923dbe12f646,emp-24,2024-11-14,2024-11-19,Congés Payés,Approuvé,Vacances
ddc1b0db-40bb-45c5-be4a-8cd907dd7fe3,emp-24,2024-11-12,2024-11-13,Congés Payés,Approuvé,Vacances familiales
35680621-4ced-4378-9c5a-c8486720e8a7,emp-24,2025-09-25,2025-10-09,Congés Payés,Approuvé,Vacances familiales
663d71a4-6b54-4dd7-99be-186e09342948,emp-24,2025-09-12,2025-09-22,Maladie,Approuvé,Consultation médicale
5d157c50-9d39-4b5d-a23b-be5881077154,emp-25,2021-12-15,2021-12-20,Congés Payés,Approuvé,Vacances
81f71a7e-e3f2-4019-a9d7-0304055dd421,emp-25,2021-11-15,2021-11-25,Maladie,Approuvé,Grippe
1a8b39e4-bc0d-4a93-b24d-cf921a20f0f6,emp-25,2022-02-21,2022-02-28,Autres,Approuvé,Événement familial
f2f159ac-3e57-46ed-b519-cd2a2269af70,emp-25,2022-08-07,2022-08-14,Congés Payés,Approuvé,Vacances
7053d695-9485-4c8b-bafc-5efadb3d8a2b,emp-25,2023-11-28,2023-11-30,Congés Payés,Approuvé,Repos
587cacc7-4282-46ea-9517-00479eb3a446,emp-25,2023-07-10,2023-07-17,Congés Payés,Approuvé,Voyage
dd1e1062-cce9-48e1-9d77-a030acb71414,emp-25,2023-12-20,2023-12-30,Maternité/Paternité,Approuvé,Congé parental
411fa578-07e3-4802-86d6-0d141340f20c,emp-25,2023-12-23,2023-12-30,Raisons personnelles,Approuvé,Raisons personnelles
0c26123a-ced5-470e-8160-da2ce2a23302,emp-25,2023-09-05,2023-09-12,Maladie,Approuvé,Grippe
c0971fcf-2b6a-428e-b744-b4142bd497be,emp-25,2023-01-15,2023-01-25,Autres,Approuvé,Événement familial
2f8a3213-f3e5-4c6b-bf68-b36e6a8c08f7,emp-25,2023-02-27,2023-03-09,Congés Payés,Approuvé,Repos
e5370929-452e-456d-8486-a8a829847613,emp-25,2024-09-25,2024-10-02,Maladie,Approuvé,Repos médical
3b0928b5-225f-488f-a581-5fb5e1b92f92,emp-25,2024-12-18,2024-12-25,Congés Payés,Approuvé,Vacances familiales
bd0c7ca0-7ad1-416e-82e4-0c28655895fb,emp-25,2024-12-05,2024-12-10,Congés Payés,Approuvé,Vacances
07dc86d9-83b0-48cd-b98a-8686b244b560,emp-25,2024-03-21,2024-03-26,Congés Payés,Approuvé,Vacances familiales
ec32171a-bcd2-4b3c-9811-98129e20d964,emp-25,2024-06-13,2024-06-15,Raisons personnelles,Approuvé,Raisons personnelles
3c976a18-ed5e-4eb9-855e-d9cd50315474,emp-25,2024-07-12,2024-07-15,Congés Payés,Approuvé,Voyage
7d06dfef-fc0f-4aa1-b181-171b07aa8251,emp-25,2024-08-16,2024-08-18,Raisons personnelles,Approuvé,Raisons personnelles
9c04721d-ff5f-4030-afe2-79408eef2841,emp-25,2025-01-19,2025-01-24,Congés Payés,Approuvé,Repos
7d7be894-b81a-41c6-922c-8fc7624ae55d,emp-25,2025-04-16,2025-04-21,Congés Payés,Approuvé,Vacances
d1869c12-eda7-473c-b998-0f7d57a5eabd,emp-25,2025-06-19,2025-06-24,Maladie,Approuvé,Repos médical
7e518307-fc27-4edb-815e-7530e8c48d4a,emp-25,2025-02-28,2025-03-01,Maladie,Approuvé,Repos médical
91eeddf0-30ee-471f-866c-9e5a0febd5b3,emp-25,2025-10-08,2025-10-13,Maladie,Approuvé,Grippe
30fd8163-38da-4b32-9ece-3740b22c08e6,emp-25,2026-04-15,2026-04-16,Maladie,Approuvé,Consultation médicale
e504a8dd-924a-4af9-9378-63ecbe691cc6,emp-25,2026-02-18,2026-02-25,Congés Payés,Approuvé,Vacances
afdbbc7e-e5ca-4e51-ab6f-b13f63f5447e,emp-25,2026-05-31,2026-06-14,Congés Payés,Approuvé,Vacances
162b3754-7c13-4cf1-996c-a4ac2bd9aeef,emp-25,2026-05-30,2026-06-02,Congés Payés,Rejeté,Vacances familiales
00aaa192-2485-4a24-8ae1-9656c3901d86,emp-25,2026-02-14,2026-02-21,Congés Payés,Approuvé,Repos
ab572a14-b6b6-4818-b95e-f47d5580b655,emp-25,2026-04-18,2026-05-02,Raisons personnelles,Approuvé,Raisons personnelles
5e2f07ee-7826-46f1-8304-7d1497392498,emp-25,2026-03-17,2026-03-20,Congés Payés,Approuvé,Repos
cd7c0279-578e-4941-8125-7cf962907e39,emp-26,2024-12-29,2025-01-05,Maladie,Approuvé,Repos médical
45c027ad-54d6-4beb-9cc7-5329a900fac5,emp-26,2024-09-12,2024-09-17,Raisons personnelles,Approuvé,Raisons personnelles
9a22cebc-4402-4ed6-8ae8-1e3117fe2de3,emp-26,2024-12-24,2024-12-29,Maladie,Approuvé,Repos médical
fa7a4a5d-52e8-4d83-ab83-0461c6cdfa8b,emp-26,2024-12-17,2024-12-24,Maladie,Approuvé,Grippe
ce944fdd-cba9-4d32-85a5-0197252e5563,emp-26,2025-02-24,2025-02-25,Congés Payés,Approuvé,Vacances familiales
c87d3682-8efa-4250-b126-55fe61829fb1,emp-26,2025-05-27,2025-06-01,Congés Payés,Approuvé,Repos
f1b9bc21-0836-4d1c-ab2c-cc20753fd1ae,emp-26,2025-01-17,2025-01-20,Congés Payés,Approuvé,Vacances familiales
fe25d674-0556-46a6-86ab-a113d0c3d1a3,emp-26,2025-10-15,2025-10-18,Congés Payés,Approuvé,Repos
1b107fd9-06e0-4d15-b5f9-b87fc58d2daf,emp-26,2025-01-25,2025-02-04,Congés Payés,Rejeté,Repos
807b5a53-ab91-4d8f-b10c-d442be733b6e,emp-26,2025-01-07,2025-01-14,Congés Payés,Approuvé,Voyage
096419b2-8cf9-49b6-b3fb-7991bb165510,emp-26,2026-06-15,2026-06-18,Maladie,En attente,Repos médical
0af8d395-7f4a-4676-aab9-fb739748187a,emp-26,2026-03-17,2026-03-20,Raisons personnelles,Approuvé,Raisons personnelles
30ca3c29-146b-4829-a0fb-841b1e555e7e,emp-26,2026-01-31,2026-02-03,Congés Payés,Approuvé,Vacances familiales
6a223f5f-463d-4442-8324-58dbeca973ff,emp-26,2026-03-07,2026-03-08,Congés Payés,Rejeté,Vacances
1b578701-8f77-4e45-919b-37374bbc54b2,emp-26,2026-06-02,2026-06-03,Raisons personnelles,Approuvé,Raisons personnelles
cb5629ff-33b1-4f68-b00d-099de7cdb311,emp-26,2026-05-21,2026-05-24,Maternité/Paternité,Approuvé,Congé parental
e9fad37b-b778-4623-9b4b-617e761dc115,emp-26,2026-01-18,2026-01-25,Congés Payés,Approuvé,Voyage
c81de8eb-2c8f-424f-be37-d89a0af470c3,emp-27,2025-07-24,2025-07-29,Congés Payés,Approuvé,Voyage
6277c9df-93a8-4ac3-8b75-d2ae1ca336a7,emp-27,2025-06-02,2025-06-03,Congés Payés,Approuvé,Vacances familiales
a2cacb5c-b08b-4296-84da-e23c25642276,emp-27,2025-08-21,2025-08-24,Maternité/Paternité,Approuvé,Congé parental
80b71272-dbf8-4a81-85c3-f1dd48e912e4,emp-27,2026-01-07,2026-01-17,Autres,Approuvé,Déménagement
0670636d-4f6b-4020-9128-31a29fca413e,emp-27,2026-03-17,2026-03-27,Congés Payés,Approuvé,Vacances
0acfaf5c-6665-4a96-8704-e0773f9f3e9d,emp-27,2026-05-17,2026-05-18,Congés Payés,Approuvé,Vacances familiales
06483a66-8d4a-4ed1-9d0a-b50098888264,emp-27,2026-01-27,2026-01-29,Autres,Approuvé,Déménagement
e1680ed0-6b9d-48df-88d6-1cba98bb6b0b,emp-28,2022-11-09,2022-11-10,Maladie,Approuvé,Consultation médicale
4da948ee-3f86-4c94-8838-1d0a2220b607,emp-28,2022-11-22,2022-11-27,Maladie,Approuvé,Grippe
2ce8898b-cdaf-4083-87dc-0b74de035bae,emp-28,2022-12-17,2022-12-22,Congés Payés,Approuvé,Vacances
8ed2f623-c01a-4ff1-8881-bb597002f278,emp-28,2022-10-29,2022-11-05,Maladie,Approuvé,Grippe
4fd6fb11-792b-4910-ae78-3217c129795e,emp-28,2022-11-03,2022-11-05,Maladie,Approuvé,Grippe
2a639a70-105e-4a4c-9919-574bb3c2c759,emp-28,2022-12-10,2022-12-17,Congés Payés,Approuvé,Vacances familiales
2623ef75-e6d0-4737-89b2-2ec9a213b1b6,emp-28,2022-12-10,2022-12-17,Autres,Approuvé,Formation externe
a5015c55-f798-45d4-b932-a0d1c0bc0dbd,emp-28,2023-11-28,2023-12-01,Raisons personnelles,Approuvé,Raisons personnelles
83c369b4-23c9-4ffe-ae8e-1a9ed1666b8e,emp-28,2023-01-03,2023-01-08,Congés Payés,Approuvé,Vacances
8c92e7b8-b67a-41be-b3ea-9f28a699ed6f,emp-28,2023-06-26,2023-06-28,Raisons personnelles,Approuvé,Raisons personnelles
b757d229-0641-4317-bc9f-304422010dbc,emp-28,2023-04-24,2023-04-29,Congés Payés,Approuvé,Vacances
a33f3333-22e4-4a50-9d4f-64fd23ae7fcf,emp-28,2023-11-27,2023-12-02,Congés Payés,Approuvé,Vacances
31e0f7fc-6baf-4843-99c6-f48cf955f987,emp-28,2023-10-25,2023-10-28,Congés Payés,Approuvé,Vacances familiales
818b5122-56c7-4045-8b60-9c4ff0c80bf6,emp-28,2023-11-14,2023-11-15,Congés Payés,Approuvé,Repos
e9262747-09ba-4829-bf92-e7bb8060f151,emp-28,2024-12-21,2024-12-26,Maladie,Approuvé,Grippe
1944321f-8d4c-4e5e-b884-12d27f5db3e9,emp-28,2024-01-03,2024-01-05,Maternité/Paternité,Approuvé,Congé parental
75656f27-53d9-40ec-839a-b8e9b34a984c,emp-28,2024-03-09,2024-03-14,Congés Payés,Approuvé,Voyage
8ee4fdb9-fd65-45b1-a0fa-adfe52b4a581,emp-28,2024-09-06,2024-09-11,Congés Payés,Approuvé,Repos
d43c026b-3e47-4c74-9ea0-543008269dd9,emp-28,2025-05-15,2025-05-22,Maladie,Approuvé,Repos médical
857ae598-d333-4f69-b52d-e154ccdba83f,emp-28,2025-01-16,2025-01-23,Maladie,Approuvé,Consultation médicale
501b050f-cd23-4dbd-8328-839bcedafa6e,emp-28,2025-05-14,2025-05-19,Raisons personnelles,Approuvé,Raisons personnelles
ce2a7356-32d2-44f1-993d-ac4eb93f3059,emp-28,2026-05-31,2026-06-07,Congés Payés,Approuvé,Vacances
160b342b-af50-4cca-b3c1-3bbef66fa58d,emp-28,2026-05-09,2026-05-10,Congés Payés,Rejeté,Vacances familiales
d5e9ec53-c774-47c3-95b4-b25c31012356,emp-28,2026-04-25,2026-04-27,Maladie,Approuvé,Repos médical
ff13e8a6-42cd-4780-8ec4-9e58fa09f953,emp-29,2021-09-14,2021-09-15,Maternité/Paternité,Approuvé,Congé parental
75ad1e7e-2e62-4f19-b72e-23b53976d60a,emp-29,2021-06-25,2021-06-30,Congés Payés,Approuvé,Voyage
e18fd380-553d-4bd6-a0ac-2cc464020984,emp-29,2021-06-26,2021-06-27,Maladie,Approuvé,Repos médical
7c5d9809-586f-437a-943b-becf64e882c7,emp-29,2021-11-10,2021-11-15,Congés Payés,Approuvé,Repos
34737ea0-402e-4f77-802d-64e8c6beba3d,emp-29,2021-07-04,2021-07-09,Congés Payés,Approuvé,Voyage
9fbd4500-e82c-4c3b-94ad-24d85eeb269f,emp-29,2022-09-04,2022-09-14,Congés Payés,Approuvé,Voyage
2ce53c20-3c55-431d-b89e-1fc993713c6e,emp-29,2022-02-09,2022-02-14,Congés Payés,Approuvé,Vacances familiales
e5cdc70f-6f09-4d01-9268-283a03b7ce59,emp-29,2022-03-02,2022-03-07,Congés Payés,Approuvé,Vacances
0dca33cf-7ebe-4632-bfce-382648ba303c,emp-29,2022-09-03,2022-09-06,Maladie,Approuvé,Consultation médicale
65658d4b-fde4-4612-a53e-3c4279e46c08,emp-29,2022-01-23,2022-01-24,Maladie,Approuvé,Repos médical
9d3b3828-3703-423a-b9c3-83ef740b14e4,emp-29,2023-03-27,2023-03-29,Congés Payés,Rejeté,Vacances
d52d949f-549e-4531-a33f-77593cce4cac,emp-29,2023-12-05,2023-12-12,Raisons personnelles,Approuvé,Raisons personnelles
b4f15215-24a1-459d-a839-5a0875c00eae,emp-29,2024-07-29,2024-08-03,Maternité/Paternité,Approuvé,Congé parental
3b88ef10-5832-491c-b4cb-629ae35960a5,emp-29,2024-09-18,2024-09-20,Maladie,Approuvé,Repos médical
9279ed5a-8269-44d6-9017-b750ae57e490,emp-29,2024-02-05,2024-02-07,Congés Payés,Approuvé,Vacances familiales
71429c96-00e2-4cc5-a7ca-ccf336d1dd82,emp-29,2025-08-03,2025-08-10,Maladie,Approuvé,Repos médical
daad83cb-042d-4f32-b6f1-05db13cdcfd2,emp-29,2025-03-02,2025-03-03,Maladie,Approuvé,Repos médical
23a64104-95c8-4988-a636-130cf70e1230,emp-29,2025-08-09,2025-08-14,Congés Payés,Approuvé,Voyage
e7e972ee-ffae-4ab6-8f73-69c8e137f7af,emp-29,2025-07-15,2025-07-18,Autres,Approuvé,Déménagement
3dc8082d-fd84-4725-98c2-8728dd84cd89,emp-29,2025-05-11,2025-05-14,Congés Payés,Approuvé,Repos
dc9a391b-b617-46b4-a73a-33f6c6475c90,emp-29,2025-07-29,2025-07-31,Congés Payés,Approuvé,Vacances
a7879c7d-b4c9-4a29-8a2d-df60c7dcf07e,emp-29,2025-03-02,2025-03-07,Congés Payés,Approuvé,Repos
77b2671c-a5d8-4df3-84b1-da580e54f03e,emp-29,2026-02-09,2026-02-12,Maladie,Approuvé,Repos médical
5c378db3-36df-45ff-a6b6-601855768ef0,emp-29,2026-06-06,2026-06-08,Maladie,Approuvé,Repos médical
74753745-9386-453d-bc0c-eecb60d98729,emp-30,2024-07-18,2024-07-21,Maladie,Approuvé,Repos médical
3d88fbfd-9892-4717-a50e-289fe2e9d8e3,emp-30,2024-11-07,2024-11-14,Autres,Approuvé,Formation externe
4e44fc63-d00a-4541-8d89-8e8743ce0432,emp-30,2024-07-09,2024-07-10,Congés Payés,Approuvé,Vacances
9dabf5c0-70a6-4644-b24e-2af9e968e10e,emp-30,2024-04-20,2024-04-27,Autres,Approuvé,Déménagement
557898fd-d49e-4567-81ad-8bba80c27602,emp-30,2024-08-30,2024-09-01,Congés Payés,Approuvé,Voyage
39a58ae0-fff8-4ba5-b75f-bede457b8a46,emp-30,2025-09-24,2025-09-26,Raisons personnelles,Approuvé,Raisons personnelles
157e99d5-9ec2-4060-9372-15b53c4da544,emp-30,2025-08-13,2025-08-14,Autres,Rejeté,Déménagement
e38541ba-2a85-4238-9f60-d7d52942fff6,emp-30,2025-11-03,2025-11-08,Maladie,Approuvé,Grippe
aadfb64e-0261-4a3d-8ec7-acd12ed27c0c,emp-30,2025-12-02,2025-12-03,Congés Payés,Rejeté,Voyage
51f0eede-d2cb-4a45-9a90-d8578e7354d1,emp-30,2025-07-22,2025-07-25,Congés Payés,Approuvé,Vacances
dab69e3b-e93a-486c-a9e6-6a211f43a8c3,emp-30,2025-05-26,2025-06-02,Maladie,Approuvé,Grippe
6e7729cf-709a-417d-8929-2f1895c45e31,emp-30,2025-11-07,2025-11-21,Congés Payés,Approuvé,Vacances
6801fccd-b0dd-4383-b18f-c1191ad3dc7c,emp-30,2026-05-10,2026-05-11,Congés Payés,Approuvé,Vacances
70f07788-4647-4eec-9a28-672e8474c203,emp-30,2026-05-18,2026-05-25,Maladie,Approuvé,Repos médical
c46f66a1-b716-4b6d-9193-54918e292a3c,emp-30,2026-03-04,2026-03-11,Raisons personnelles,Approuvé,Raisons personnelles
643c3104-eaac-47b7-8863-714f0b717d8c,emp-30,2026-05-04,2026-05-05,Congés Payés,Approuvé,Vacances familiales
4a196065-dc93-4a12-a97b-45453dcc604d,emp-30,2026-02-28,2026-03-07,Congés Payés,Approuvé,Vacances
579cc253-dba7-47cc-964f-90e2b04274e4,emp-31,2022-11-16,2022-11-17,Maladie,Approuvé,Repos médical
e230dcfc-8815-411d-bb19-7c438ad7a78f,emp-31,2022-12-10,2022-12-12,Congés Payés,Approuvé,Vacances familiales
384da978-9f31-4bb8-8682-050ea4b31c28,emp-31,2022-11-04,2022-11-07,Congés Payés,Approuvé,Repos
ee7f67bd-c583-4f0b-be43-ebe1f758b674,emp-31,2023-05-08,2023-05-15,Congés Payés,Approuvé,Vacances
8f262934-000a-4e1d-be8f-cf5fa51732f2,emp-31,2023-12-06,2023-12-09,Congés Payés,Approuvé,Vacances
0414fa64-5da4-4bd6-876f-508d3dac34aa,emp-31,2023-11-14,2023-11-16,Autres,Approuvé,Déménagement
368f0c01-d507-4b93-860f-49262f2403cb,emp-31,2024-05-23,2024-05-26,Maternité/Paternité,Approuvé,Congé parental
fae45415-8226-4528-8bbf-bbd1fabffecc,emp-31,2024-01-17,2024-01-22,Congés Payés,Approuvé,Vacances familiales
b9db18c6-7fbe-4e67-9fe8-3866f9a2bb0f,emp-31,2024-12-23,2024-12-28,Congés Payés,Approuvé,Vacances familiales
2636cd01-9ec6-4d21-9af3-ed9418fc2ecf,emp-31,2024-02-21,2024-02-23,Maladie,Approuvé,Consultation médicale
52336cf2-6c62-45b3-929a-6eacf6f02234,emp-31,2024-08-29,2024-09-12,Congés Payés,Approuvé,Voyage
c8576e8d-5d00-4cfc-880b-9ee960ae617d,emp-31,2024-12-24,2024-12-31,Congés Payés,Approuvé,Voyage
9c0b7f46-2d9e-45e0-befd-75f93deb1c6c,emp-31,2025-10-22,2025-10-27,Autres,Approuvé,Événement familial
75d4875f-b425-49dd-bd8b-08252373cc85,emp-31,2025-07-15,2025-07-17,Autres,Approuvé,Déménagement
ba96881f-966b-44c0-8be1-7e3de19b30ff,emp-31,2025-08-04,2025-08-07,Raisons personnelles,Approuvé,Raisons personnelles
43222efc-57a9-440d-970c-1decff29f6b8,emp-31,2026-05-24,2026-06-03,Congés Payés,Approuvé,Vacances familiales
5f346ca4-49ba-4314-9a14-6f65e59948a2,emp-31,2026-03-07,2026-03-10,Maladie,Approuvé,Grippe
7e664254-f8a9-4ffa-b130-61ac1e94cd35,emp-31,2026-04-03,2026-04-08,Raisons personnelles,Approuvé,Raisons personnelles
834fdfbf-fe6c-4698-86d9-84d161b9cd71,emp-31,2026-03-31,2026-04-10,Raisons personnelles,Approuvé,Raisons personnelles
47be8686-3df8-44a0-9317-da113363e480,emp-32,2023-11-15,2023-11-20,Maternité/Paternité,Approuvé,Congé parental
6088121d-e2c9-4e07-9fbf-cf2ab9f7f85a,emp-32,2023-08-08,2023-08-11,Raisons personnelles,Approuvé,Raisons personnelles
eecd2996-8059-4999-abbe-8ce59e932ac2,emp-32,2023-10-30,2023-11-04,Autres,Approuvé,Déménagement
426ec515-18af-4a1c-a764-c3ba75970c32,emp-32,2023-08-15,2023-08-17,Congés Payés,Approuvé,Voyage
f725a899-1130-45b0-920b-cc1b9618182a,emp-32,2024-10-27,2024-11-01,Congés Payés,Approuvé,Vacances
018a9199-f3d7-46e8-aa44-d89ab2cffd4b,emp-32,2024-04-30,2024-05-05,Raisons personnelles,Approuvé,Raisons personnelles
21255442-48aa-4d98-b537-4b07d27176a5,emp-32,2024-07-22,2024-07-23,Congés Payés,Approuvé,Vacances
0c48da62-830c-4038-9b0e-beffabff5782,emp-32,2024-09-25,2024-10-02,Congés Payés,Approuvé,Vacances familiales
c323d2a5-0052-4876-9b72-7bcfbfe3137e,emp-32,2025-06-08,2025-06-10,Maladie,Approuvé,Consultation médicale
abe9967f-8c1d-4f8f-a7f1-57f2c76e62f1,emp-32,2025-03-29,2025-03-30,Maladie,Approuvé,Grippe
4cf3bfc6-51c1-4bb9-aa05-bdc40c348365,emp-32,2025-10-04,2025-10-14,Congés Payés,Approuvé,Vacances familiales
835ab712-bbb3-4f50-a5b2-d15998d630be,emp-32,2025-08-22,2025-08-27,Maladie,Approuvé,Grippe
3d3f83ee-c869-4491-b8d4-cfd620bf4192,emp-32,2025-10-04,2025-10-06,Congés Payés,Approuvé,Voyage
f1ab5637-d1ca-455b-982b-d7f548991fb9,emp-32,2026-01-03,2026-01-04,Autres,Approuvé,Événement familial
549e0587-e3f0-4f53-8a1f-064c929a901f,emp-32,2026-05-17,2026-05-18,Raisons personnelles,Rejeté,Raisons personnelles
03c93cff-e35a-4687-b78f-6b7885ad3148,emp-32,2026-04-21,2026-04-28,Maladie,Approuvé,Consultation médicale
1adcf879-ea86-4bfd-a4cb-2a5e6e21f1b8,emp-32,2026-05-24,2026-05-27,Congés Payés,Approuvé,Voyage
2fb5dbb3-b3b8-4162-af6d-55b3b865afb2,emp-33,2025-12-01,2025-12-04,Congés Payés,Approuvé,Repos
3ee3f132-35ce-4982-9c59-130f1488760a,emp-33,2025-12-30,2026-01-06,Congés Payés,Approuvé,Vacances familiales
a59526ab-54e2-4c86-8d93-8de9610aec9d,emp-34,2022-10-05,2022-10-10,Congés Payés,Approuvé,Vacances familiales
0f8f128e-c04c-404c-8b47-a62129ec6bb7,emp-34,2022-07-19,2022-07-20,Congés Payés,Approuvé,Vacances
5220c0a7-bef2-45be-b82a-c211c640ef0e,emp-34,2022-07-13,2022-07-20,Maladie,Approuvé,Consultation médicale
f2a8fae4-9667-42d4-ac95-6549326e5599,emp-34,2022-08-05,2022-08-07,Congés Payés,Approuvé,Repos
7c315843-eb8d-4ba3-9370-8a183d19fe60,emp-34,2022-12-30,2022-12-31,Congés Payés,Approuvé,Vacances familiales
ea31799f-7fb8-4f56-9bdd-bf04deae6f9c,emp-34,2022-12-26,2022-12-29,Congés Payés,Approuvé,Repos
7cffabc8-cd19-44a8-baad-0b61d0f2f523,emp-34,2022-07-12,2022-07-26,Maladie,Approuvé,Consultation médicale
0a8fabae-9340-4b5d-941b-f140a726df2d,emp-34,2023-04-12,2023-04-15,Maternité/Paternité,Approuvé,Congé parental
65b8d6fa-de7a-4779-873d-522e6b279b84,emp-34,2023-12-15,2023-12-29,Raisons personnelles,Approuvé,Raisons personnelles
3a81c515-dad3-4e68-8e9e-c8c11e5da318,emp-34,2024-03-03,2024-03-05,Maladie,Approuvé,Repos médical
04f33fa0-124d-472e-a4b8-98c6df423cbb,emp-34,2024-02-27,2024-02-29,Congés Payés,Approuvé,Repos
d2519896-b5e7-4a69-a262-02bb237c5fc1,emp-34,2024-07-21,2024-07-28,Congés Payés,Approuvé,Voyage
6b92e5b6-bcf7-4a66-a2e8-9216b1f7e395,emp-34,2024-03-20,2024-03-23,Congés Payés,Approuvé,Vacances
61db7b20-83ee-4ac8-a2f8-154b289b93a8,emp-34,2024-06-22,2024-07-02,Raisons personnelles,Approuvé,Raisons personnelles
fbdb229c-61c5-4a38-a269-2632c939a398,emp-34,2024-03-19,2024-03-26,Maternité/Paternité,Approuvé,Congé parental
4cafffbf-02ac-4aa8-bdc2-b78f7bbe31c5,emp-34,2025-06-27,2025-07-04,Congés Payés,Approuvé,Voyage
831c04e9-a7f7-43bd-939a-a38fd29cb7da,emp-34,2025-03-10,2025-03-12,Congés Payés,Approuvé,Repos
27e0a165-2f2c-4ce4-8c82-86b47dda09fd,emp-34,2025-09-08,2025-09-10,Congés Payés,Approuvé,Voyage
996e4b20-7198-4ee7-80c0-5732790637be,emp-34,2025-10-11,2025-10-13,Congés Payés,Approuvé,Repos
0912ca7c-746d-4396-98f4-6313390c2146,emp-34,2025-08-21,2025-08-22,Maladie,Approuvé,Consultation médicale
c3baa287-dd19-4280-b8ba-246087f7679e,emp-34,2025-07-06,2025-07-13,Congés Payés,Approuvé,Voyage
3c2079fc-7fa1-4ee1-9954-b265da3a8bfb,emp-34,2025-12-16,2025-12-19,Maladie,Approuvé,Grippe
c31ece3f-9bfd-485a-baa2-d8cf52a26f00,emp-34,2026-01-29,2026-01-30,Maladie,Approuvé,Consultation médicale
04965707-955a-4929-b85e-884f1f00c256,emp-34,2026-02-21,2026-02-22,Congés Payés,Approuvé,Voyage
5db6d044-9f27-412b-acd6-a46053437551,emp-34,2026-05-15,2026-05-20,Maladie,Approuvé,Repos médical
1e1ae9d1-0839-4a30-8764-de3cad184f5b,emp-34,2026-01-19,2026-01-20,Raisons personnelles,Approuvé,Raisons personnelles
86e9f401-0a19-4839-bb47-40a913e95d90,emp-35,2021-10-28,2021-11-02,Raisons personnelles,Approuvé,Raisons personnelles
14c71f24-da9d-42a0-af75-86a4ca0e35b1,emp-35,2021-12-26,2021-12-31,Congés Payés,Approuvé,Repos
f2bbd008-2028-4303-9fc5-7caed6521378,emp-35,2022-02-19,2022-02-20,Congés Payés,Approuvé,Vacances familiales
27bf58a1-f119-4d4b-bcdb-84ad879fe82a,emp-35,2022-05-08,2022-05-13,Raisons personnelles,Approuvé,Raisons personnelles
1f2eee45-5e99-4578-8753-abc3548787e6,emp-35,2022-11-23,2022-11-28,Maladie,Approuvé,Consultation médicale
a2b85096-1f84-457f-aa70-b0d3334d35bb,emp-35,2022-04-03,2022-04-08,Congés Payés,Approuvé,Voyage
f5ee9ad1-5848-4e93-b086-615818ddfbbe,emp-35,2022-10-09,2022-10-23,Congés Payés,Approuvé,Voyage
7f5f4b8d-0652-4c92-93e1-cbff1ee41799,emp-35,2022-11-08,2022-11-10,Congés Payés,Approuvé,Repos
f1dc08e6-ca29-47e3-8c06-4feafd0e33d0,emp-35,2023-07-23,2023-07-24,Congés Payés,Approuvé,Vacances
7eae3281-c2f6-481d-bf19-ddfad4345e87,emp-35,2023-06-04,2023-06-05,Raisons personnelles,Approuvé,Raisons personnelles
752f57e9-f963-4baa-9988-67f664c3cfb8,emp-35,2023-05-22,2023-06-01,Congés Payés,Approuvé,Vacances familiales
cbdca366-7cb9-45d1-80f3-744861e11b98,emp-35,2023-08-24,2023-08-27,Congés Payés,Approuvé,Vacances familiales
7e96aefd-02ca-4a3b-a293-608d8abf7c5d,emp-35,2023-06-03,2023-06-04,Congés Payés,Approuvé,Vacances
25b6f25a-d104-434e-93df-372a48cc0f9c,emp-35,2024-03-29,2024-04-01,Autres,Approuvé,Formation externe
18d6e809-55ee-4431-bafd-8f754cc93ba2,emp-35,2024-06-02,2024-06-03,Autres,Approuvé,Événement familial
a516f952-3f67-4b2f-8124-e09a11eb1578,emp-35,2024-08-10,2024-08-13,Autres,Approuvé,Formation externe
e147283c-25cd-45a8-bdee-2bf93e649311,emp-35,2024-11-04,2024-11-14,Maladie,Approuvé,Grippe
16a66eff-56f3-4c12-b06f-484af6ffb97d,emp-35,2024-01-22,2024-01-24,Maladie,Approuvé,Consultation médicale
7c929e13-21ef-4b1d-b13b-54248158d343,emp-35,2025-07-21,2025-08-04,Maternité/Paternité,Approuvé,Congé parental
677d0394-4c00-4897-9585-fd837ae5b5b7,emp-35,2025-05-29,2025-06-05,Congés Payés,Approuvé,Voyage
97a73a0c-122d-41d9-b9da-c01331bba501,emp-35,2025-01-26,2025-01-31,Congés Payés,Approuvé,Voyage
4e5006bc-6d1a-4292-86ab-4b63f12ab3e5,emp-35,2025-03-11,2025-03-14,Congés Payés,Approuvé,Vacances familiales
41b33488-e6d4-41cc-bf45-35cccb9bb50e,emp-35,2025-09-26,2025-09-28,Congés Payés,Approuvé,Repos
32b701b4-601a-4a4b-b3ba-0aecdb810ffc,emp-35,2025-02-15,2025-02-16,Congés Payés,Approuvé,Vacances familiales
b9273c03-f240-405f-938b-04fd9316a115,emp-35,2025-11-01,2025-11-06,Maternité/Paternité,Approuvé,Congé parental
61f0076e-d611-41e5-bdfe-33ff9fc84cad,emp-35,2026-02-07,2026-02-10,Raisons personnelles,Approuvé,Raisons personnelles
7808f6b8-be7a-44ad-bd9e-b3ac178b97da,emp-35,2026-01-22,2026-01-23,Congés Payés,Rejeté,Vacances familiales
269a8492-e62b-47b3-b4dd-53aec52e73ec,emp-35,2026-03-29,2026-04-03,Congés Payés,Approuvé,Vacances
1a952b49-bb39-44ce-a3b0-bbb2ac98d6ee,emp-35,2026-05-18,2026-05-20,Congés Payés,Approuvé,Voyage
4e259b09-a40a-4c36-ac82-65ff7b576659,emp-35,2026-02-06,2026-02-11,Maladie,Approuvé,Grippe
26e93d76-3a40-4a9c-bb37-84b068f74d7f,emp-35,2026-01-16,2026-01-18,Maternité/Paternité,Approuvé,Congé parental
16250adf-eb03-413c-abdb-d71d9f22b54e,emp-36,2024-03-25,2024-03-28,Congés Payés,Approuvé,Repos
50bd4d2c-3ede-4741-a7fa-5238536fd668,emp-36,2024-07-18,2024-07-28,Maladie,Approuvé,Repos médical
203df9b0-e01e-4412-bf62-cd6a3ec2eb05,emp-36,2025-06-11,2025-06-14,Maladie,Approuvé,Repos médical
6f576ad8-8e03-455a-a7ef-19022d29834b,emp-36,2025-10-15,2025-10-25,Congés Payés,Approuvé,Repos
a91b02be-cb83-4118-adb2-4a0e904eff02,emp-36,2026-02-10,2026-02-11,Maladie,Approuvé,Consultation médicale
a7209bb0-f054-40dc-8fea-acf461871431,emp-36,2026-03-12,2026-03-19,Maladie,Approuvé,Repos médical
d9a89bdd-a194-4cea-af99-e99d6b9a6007,emp-36,2026-02-27,2026-03-01,Autres,Approuvé,Événement familial
160f37e3-c766-4522-9c7c-32f06845e33b,emp-36,2026-05-14,2026-05-28,Maladie,Approuvé,Grippe
5a633067-c908-4bd1-a41a-d042ab4e0cb3,emp-36,2026-05-27,2026-05-29,Raisons personnelles,Approuvé,Raisons personnelles
5bcbb4c9-1f07-4a99-857c-474dc1d96267,emp-37,2022-12-09,2022-12-14,Maladie,Approuvé,Consultation médicale
53f0c930-4445-41be-906b-7db2cc08ed27,emp-37,2023-08-09,2023-08-23,Raisons personnelles,Approuvé,Raisons personnelles
8c2abe17-16c2-4228-802a-55e547caf08f,emp-37,2025-06-12,2025-06-19,Congés Payés,Approuvé,Repos
f3e1bc97-cd18-4d6a-a8ab-1016a78c2f1d,emp-37,2026-04-24,2026-05-01,Autres,Approuvé,Déménagement
93ddaa69-c8f6-411e-ac71-eb5c3929213c,emp-37,2026-01-28,2026-01-29,Congés Payés,Rejeté,Repos
16bd653f-1c9c-4081-9a81-31eb206273fd,emp-38,2022-08-10,2022-08-15,Congés Payés,Approuvé,Vacances
6ca29e52-a9ab-40b0-9d33-1f18bf86f882,emp-38,2022-06-21,2022-06-26,Maladie,Approuvé,Consultation médicale
0fcef169-6edb-457a-a5f0-a54f087aed8f,emp-38,2022-12-21,2022-12-24,Congés Payés,Approuvé,Voyage
bc8307da-751e-4b9a-9818-7d31a7eef24a,emp-38,2022-11-11,2022-11-13,Maladie,Approuvé,Consultation médicale
b48b57d6-3128-4ed5-a90b-a94ef47d88c7,emp-38,2022-11-24,2022-12-04,Congés Payés,Approuvé,Voyage
d3693049-e234-4d16-a7dc-6e902a3b2fc8,emp-38,2022-11-07,2022-11-14,Maladie,Approuvé,Grippe
8ddb8b94-f0c4-47de-bdbe-077796733a89,emp-38,2023-10-20,2023-10-25,Congés Payés,Approuvé,Vacances
52690374-b1da-403f-bb49-5ccdc235d202,emp-38,2023-08-20,2023-08-23,Autres,Approuvé,Formation externe
0c1e2bd0-b56e-4f71-b8b1-05a0573c86d6,emp-38,2023-07-22,2023-08-05,Congés Payés,Approuvé,Vacances
9abb4386-fa12-466e-9aea-bf01cde096e1,emp-38,2023-08-14,2023-08-17,Congés Payés,Approuvé,Voyage
f18c172b-c268-403d-8617-f6fb2185e73c,emp-38,2023-05-31,2023-06-05,Congés Payés,Approuvé,Vacances familiales
3795780c-7ae7-45fe-8f27-471a3685bebf,emp-38,2023-08-20,2023-08-21,Congés Payés,Approuvé,Vacances familiales
79d54a63-a5e5-44ba-859a-db9a36d76fac,emp-38,2023-06-15,2023-06-18,Congés Payés,Approuvé,Vacances familiales
cf0b2915-113c-4e31-97c4-af76c5e1523e,emp-38,2024-06-14,2024-06-19,Raisons personnelles,Approuvé,Raisons personnelles
790f6ea1-37fc-447e-b30a-84fa84870cb4,emp-38,2024-12-27,2024-12-30,Congés Payés,Approuvé,Voyage
1ecca270-4dda-41fa-a407-584da1345bdf,emp-38,2024-11-09,2024-11-19,Congés Payés,Approuvé,Vacances familiales
601912e6-6065-489f-b7d6-ad0cd403b63f,emp-38,2024-12-03,2024-12-13,Congés Payés,Approuvé,Vacances
7c87049c-953f-4789-9a28-01ff22e5671a,emp-38,2025-08-17,2025-08-19,Congés Payés,Approuvé,Vacances familiales
e06a6779-fb2c-4987-97a5-6833605bcd8e,emp-38,2025-05-10,2025-05-11,Congés Payés,Approuvé,Vacances
72ae34da-c0e8-421d-a639-ce835bbf4ad7,emp-38,2025-05-02,2025-05-04,Maladie,Approuvé,Consultation médicale
81f91ed5-c24a-49e0-89c7-07a12522f0b7,emp-38,2025-11-04,2025-11-05,Autres,Approuvé,Déménagement
73d48ce1-0024-4c2e-a670-0ff0860b43af,emp-38,2026-01-15,2026-01-20,Congés Payés,Approuvé,Repos
5a0e6e22-d719-4423-8fd9-992d6c39cd9d,emp-38,2026-01-13,2026-01-14,Raisons personnelles,Approuvé,Raisons personnelles
f8886270-39c5-40c3-be15-8dea302aed8d,emp-38,2026-06-02,2026-06-07,Maladie,Rejeté,Consultation médicale
2e1ad09f-b570-4497-b01c-e28cd0242240,emp-39,2025-10-31,2025-11-03,Congés Payés,Approuvé,Voyage
7c364022-dd43-4326-98de-fc3cbe6a8f0b,emp-39,2025-10-23,2025-10-26,Congés Payés,Approuvé,Repos
d916ab3f-e283-4dba-ae31-36c203a53157,emp-39,2025-12-22,2025-12-24,Congés Payés,Approuvé,Vacances
36817d5d-a267-4c34-99c8-6e34128ed639,emp-39,2025-10-22,2025-10-25,Autres,Approuvé,Formation externe
61e0de4e-b6c7-4c6d-a9b2-7dd62c016d3e,emp-39,2026-05-08,2026-05-13,Maladie,Approuvé,Repos médical
48a7ad61-34dd-419a-8eb3-da447181c9d2,emp-39,2026-03-16,2026-03-30,Congés Payés,Approuvé,Vacances
d30c9d3a-a056-4c32-970b-ce93ed841e9e,emp-39,2026-06-07,2026-06-21,Congés Payés,Approuvé,Vacances familiales
c85d6ea0-164c-4450-ba57-d22ac8cd4fb6,emp-39,2026-02-21,2026-02-26,Congés Payés,Approuvé,Repos
11a826c5-52d7-4ae2-aac2-3f3e89800812,emp-39,2026-03-24,2026-03-31,Congés Payés,Approuvé,Voyage
0328c199-1639-42aa-9e6b-f83a041e9ba6,emp-39,2026-06-07,2026-06-21,Autres,Approuvé,Événement familial
7c95643d-6b1d-44b9-990a-ccdd4069067f,emp-40,2024-04-24,2024-04-29,Congés Payés,Approuvé,Repos
575493f0-b243-4e65-820b-a6656edaecbd,emp-40,2024-05-04,2024-05-11,Congés Payés,Approuvé,Repos
164ae935-063c-46d1-9e91-eb3400dd9afb,emp-40,2024-04-15,2024-04-17,Maladie,Approuvé,Consultation médicale
463e7571-0627-4ab0-aac9-430b279cde1f,emp-40,2024-08-27,2024-09-03,Congés Payés,Approuvé,Vacances familiales
5a8bd80d-a74a-4c25-bab1-0f170a79e6ad,emp-40,2024-10-22,2024-10-24,Congés Payés,Approuvé,Repos
1c651a37-d8f8-4c84-afac-57a2e8dffaa5,emp-40,2025-01-17,2025-01-19,Congés Payés,Approuvé,Repos
08986da4-a9e6-4248-a73c-5832b0812ba3,emp-40,2025-04-21,2025-04-26,Congés Payés,Approuvé,Vacances
0bf19b25-9fd3-465d-a565-dea6faaf437d,emp-40,2025-08-16,2025-08-21,Maternité/Paternité,Approuvé,Congé parental
e8c00242-ed0f-4408-b5b7-2b59ebeb2624,emp-40,2025-09-05,2025-09-12,Congés Payés,Approuvé,Vacances familiales
2f244ba9-471f-4570-b3d9-bd7cbeeda4e7,emp-40,2025-12-13,2025-12-27,Congés Payés,Approuvé,Voyage
540ac42d-b403-441a-b093-61d65c9583d9,emp-40,2025-03-01,2025-03-02,Raisons personnelles,Approuvé,Raisons personnelles
0cb5dd98-69e3-4cf0-919c-69d533a53c05,emp-40,2025-01-24,2025-01-25,Maternité/Paternité,Approuvé,Congé parental
133879a4-54cf-4a50-b2b5-1ccf5866c5e4,emp-40,2026-02-23,2026-02-25,Congés Payés,Approuvé,Repos
33081246-3081-4c09-a688-8092c2c39306,emp-40,2026-01-31,2026-02-02,Congés Payés,Approuvé,Vacances
3ec28703-a03b-4e9d-a0f9-991a87a80417,emp-40,2026-03-31,2026-04-05,Congés Payés,Rejeté,Repos
9d28a73a-d516-49d8-92f3-d62092f23470,emp-40,2026-02-13,2026-02-14,Maladie,Approuvé,Consultation médicale
c9239e60-b4da-4fdb-8282-b7542c62d529,emp-40,2026-01-08,2026-01-11,Maladie,Approuvé,Consultation médicale
bc8ff701-f143-4cb0-bc7e-de130c2f2269,emp-40,2026-04-11,2026-04-13,Maladie,Approuvé,Repos médical
f92df30a-7500-4f7e-9576-3b16e3fa486d,emp-40,2026-03-21,2026-03-23,Congés Payés,Approuvé,Vacances
90e4a6dd-9fdc-4ce1-acd3-c54fa5f8c41f,emp-41,2022-03-20,2022-03-27,Raisons personnelles,Approuvé,Raisons personnelles
6a515ef2-8138-4f07-aee9-0abdff20af78,emp-41,2023-08-29,2023-08-31,Congés Payés,Approuvé,Repos
f4424e59-8f45-437d-9faf-c0c6461b1cf3,emp-41,2023-04-04,2023-04-09,Maladie,Approuvé,Grippe
526b3eee-96e5-4034-94d0-e8aabd514aa9,emp-41,2023-01-16,2023-01-17,Congés Payés,Approuvé,Vacances familiales
c28cf686-3966-43a3-9025-502c5a9ff2d0,emp-41,2024-09-17,2024-09-18,Autres,Approuvé,Formation externe
cf4185b5-d02d-4e1d-ad6b-9a03e76d68e8,emp-41,2026-05-17,2026-05-20,Maladie,Approuvé,Repos médical
54b24063-9c73-45ae-aa39-84eff620827a,emp-41,2026-05-04,2026-05-07,Congés Payés,Approuvé,Voyage
24b8f16d-1569-4593-b4cf-8d58cacc62bd,emp-42,2023-12-15,2023-12-20,Congés Payés,Approuvé,Voyage
1409acab-2021-4b60-9295-da1a736681fc,emp-42,2023-12-22,2023-12-25,Maladie,Approuvé,Grippe
e2effd9d-d3c5-4198-a716-5af9f6a60d85,emp-42,2023-10-15,2023-10-20,Maladie,Approuvé,Grippe
c12d3fa6-ea87-4198-b441-76c19dae42f1,emp-42,2023-12-28,2024-01-02,Congés Payés,Approuvé,Vacances
e3f285e7-144e-4182-944d-c9758e3afe19,emp-42,2024-08-19,2024-08-24,Congés Payés,Approuvé,Vacances familiales
d0a9232e-ce25-4cb0-b1e1-b617ccda0b1b,emp-42,2024-06-11,2024-06-13,Maternité/Paternité,Approuvé,Congé parental
91728315-221e-476b-b06f-31019e603950,emp-42,2024-02-15,2024-02-20,Maladie,Approuvé,Grippe
42b717fa-691d-4c41-9e5a-0a07e4ab9c23,emp-42,2025-10-09,2025-10-23,Congés Payés,Approuvé,Repos
bde911f4-10b5-4fec-9897-327ca9244a61,emp-42,2025-01-16,2025-01-18,Maladie,Approuvé,Repos médical
b61b3da9-718b-47fb-934a-85a203dadab0,emp-42,2025-07-27,2025-07-30,Congés Payés,Approuvé,Voyage
8eabb5f8-67b8-4143-b109-3a22bc05a76d,emp-42,2025-10-12,2025-10-15,Raisons personnelles,Approuvé,Raisons personnelles
1c3e6045-94e8-416c-a8fa-cae87328ac9f,emp-42,2026-02-04,2026-02-05,Maladie,Approuvé,Repos médical
338c9b9f-f696-44ec-8fee-ae43facc569f,emp-42,2026-02-04,2026-02-05,Maladie,Approuvé,Repos médical
d31de69d-6ce3-429e-b27d-5e08a454ff08,emp-42,2026-04-19,2026-04-24,Congés Payés,Approuvé,Voyage
2fd01025-416a-49d3-a0ee-37eabe2ee3d9,emp-43,2022-10-25,2022-10-28,Congés Payés,Approuvé,Vacances familiales
74a82fcc-6dcb-4ee1-9107-ea1e5379a41a,emp-43,2022-11-05,2022-11-08,Congés Payés,Approuvé,Vacances
febc7783-c8fd-4d02-ad73-d31039724f43,emp-43,2022-11-18,2022-11-19,Congés Payés,Approuvé,Vacances familiales
63e089df-572d-4170-a1f1-9436a19df055,emp-43,2023-05-24,2023-05-27,Congés Payés,Approuvé,Vacances
0ff4c526-f5c0-4e74-83d1-2bebd2f7895e,emp-43,2023-11-19,2023-11-26,Raisons personnelles,Approuvé,Raisons personnelles
a8005722-e56e-44e4-9009-62ba399b161a,emp-43,2023-06-25,2023-06-30,Congés Payés,Approuvé,Voyage
a2a9e126-d58b-4609-9e26-f10479770430,emp-43,2023-06-19,2023-06-22,Raisons personnelles,Approuvé,Raisons personnelles
3e41906f-190f-47e1-81b1-96601ba0de6b,emp-43,2023-12-22,2024-01-01,Maladie,Approuvé,Consultation médicale
dc8d6c2c-81d2-4393-a2e4-6af677957478,emp-43,2023-08-31,2023-09-05,Maladie,Approuvé,Repos médical
d3d84c8e-3b47-47ab-a4d6-14a0e4a1e48d,emp-43,2024-05-26,2024-05-29,Congés Payés,Approuvé,Repos
ff007748-2acb-4b24-871d-4885f05e0aaf,emp-43,2024-11-11,2024-11-13,Autres,Approuvé,Déménagement
de8ab94e-2c9e-45b5-86b6-183bc1306901,emp-43,2025-03-19,2025-03-24,Congés Payés,Approuvé,Vacances familiales
8a7f883a-32a6-43df-a587-60965a1c7c3f,emp-43,2025-09-28,2025-10-08,Congés Payés,Approuvé,Vacances familiales
c33cdf7f-5d20-4d2a-84ec-d824913883c9,emp-43,2025-09-11,2025-09-18,Congés Payés,Approuvé,Voyage
70ecc5a5-a4bb-4c5d-b8f4-cd2eb4849fe9,emp-43,2025-03-27,2025-03-29,Maladie,Approuvé,Consultation médicale
3f29960b-7965-45a5-94cd-f235a46a1262,emp-43,2025-03-27,2025-03-30,Congés Payés,Approuvé,Vacances familiales
1e218621-11e0-407b-ae1c-79d65a543184,emp-43,2025-12-28,2025-12-31,Congés Payés,Approuvé,Voyage
8fe082c7-6ed6-4307-82f5-2b739d5547d6,emp-43,2026-04-08,2026-04-13,Raisons personnelles,Approuvé,Raisons personnelles
4efda311-6864-4178-8119-e4542e8f70c8,emp-43,2026-06-13,2026-06-16,Autres,Approuvé,Événement familial
408978c3-cc97-4619-9a69-4fa50c4cbc9d,emp-43,2026-03-10,2026-03-17,Congés Payés,Approuvé,Voyage
d8272ecc-eeb5-4d06-9244-405f3eeaac85,emp-43,2026-03-03,2026-03-10,Maladie,Approuvé,Repos médical
98c416dc-c17e-472f-b039-cc8de2ca3dcd,emp-43,2026-02-16,2026-02-18,Congés Payés,Approuvé,Vacances
97f40594-8d2a-484d-94b6-a0dd423add81,emp-44,2021-11-01,2021-11-02,Congés Payés,Approuvé,Repos
3c04d8d1-07ce-4c42-9889-abc36f940f17,emp-44,2021-06-28,2021-06-29,Congés Payés,Rejeté,Vacances familiales
f042c4f4-d219-494d-bf7f-d971c3adba5a,emp-44,2022-12-29,2023-01-12,Congés Payés,Approuvé,Voyage
b1756b9e-7997-4d0a-b804-cb42cb5e7a0d,emp-44,2022-10-17,2022-10-24,Congés Payés,Approuvé,Vacances familiales
d1b58817-883b-42e0-a0ed-9670b82e3174,emp-44,2023-12-05,2023-12-15,Maladie,Rejeté,Grippe
b5bf479d-d963-42f8-beb3-8dbcfa80093a,emp-44,2023-12-08,2023-12-15,Congés Payés,Approuvé,Vacances
10904bd2-a743-43d3-ba66-703ede617755,emp-44,2023-07-15,2023-07-18,Raisons personnelles,Approuvé,Raisons personnelles
32bb20cd-ed2e-4371-bfc7-91473e43f73d,emp-44,2023-02-05,2023-02-08,Raisons personnelles,Approuvé,Raisons personnelles
07d50df5-44b1-45fe-8307-42d6187c7c4c,emp-44,2023-02-25,2023-02-26,Maternité/Paternité,Approuvé,Congé parental
6a37227b-1241-418a-bcb5-858800797406,emp-44,2024-02-22,2024-02-23,Congés Payés,Approuvé,Voyage
a400ccd8-107a-4082-85e2-d4a57537160b,emp-44,2024-03-17,2024-03-22,Congés Payés,Approuvé,Voyage
fb3e41b2-b6c6-497d-a25d-8c52566bd524,emp-44,2024-12-24,2024-12-26,Congés Payés,Approuvé,Voyage
4b057e80-704b-47d4-aec7-e2892e95f3e0,emp-44,2024-07-25,2024-08-01,Maternité/Paternité,Approuvé,Congé parental
0172c020-47c9-4857-ba88-ff8730722f98,emp-44,2025-09-04,2025-09-05,Congés Payés,Rejeté,Repos
d0866187-8025-4195-9702-cf7a0584d154,emp-44,2025-07-25,2025-07-26,Raisons personnelles,Approuvé,Raisons personnelles
54776c27-d078-4e7e-a7eb-ca09c28eebab,emp-44,2025-02-11,2025-02-18,Maternité/Paternité,Approuvé,Congé parental
ee46ea03-5e19-4a5e-8749-85806446eb80,emp-44,2025-01-21,2025-02-04,Maladie,Approuvé,Consultation médicale
8aed1df7-e413-4d9c-88ef-3184906dab3a,emp-44,2025-12-19,2025-12-22,Congés Payés,Approuvé,Vacances familiales
444c7efb-da86-4b14-a8b2-cc943ecd7df2,emp-44,2025-04-09,2025-04-10,Raisons personnelles,Approuvé,Raisons personnelles
1fa1ae86-bcfb-45e4-8987-cb9125ee3a96,emp-44,2025-11-26,2025-11-28,Congés Payés,Approuvé,Voyage
ad64e12d-61c1-4a5a-b2b2-b85f2ccdf806,emp-44,2026-01-15,2026-01-17,Maladie,Approuvé,Repos médical
8a12d38a-35b3-4065-a8b0-877b003388c0,emp-44,2026-05-14,2026-05-17,Maladie,Approuvé,Repos médical
cdab9dee-1853-4698-bfd6-73d0fd6a4512,emp-44,2026-03-01,2026-03-11,Congés Payés,Approuvé,Vacances
f63d5265-5685-4148-9a74-3d17566d3cb0,emp-44,2026-01-12,2026-01-14,Maladie,Approuvé,Grippe
dd1039b0-89ce-4c38-af97-b69cdf35b813,emp-45,2022-12-06,2022-12-13,Congés Payés,Approuvé,Vacances
bc605403-7f19-49db-836a-7493eefdf37f,emp-45,2022-12-10,2022-12-11,Congés Payés,Approuvé,Voyage
96194265-81d9-4e0b-9c71-fc74d4617685,emp-45,2022-12-30,2022-12-31,Autres,Approuvé,Déménagement
b028c4c8-c230-4818-b457-0acc07aa5e79,emp-45,2022-12-17,2022-12-18,Congés Payés,Approuvé,Vacances familiales
6edf0e45-2039-4333-adc1-20beaad32523,emp-45,2022-12-06,2022-12-09,Raisons personnelles,Approuvé,Raisons personnelles
95e82689-8fd0-4046-9c77-3f4bfc72dd8c,emp-45,2023-03-22,2023-03-23,Congés Payés,Approuvé,Vacances familiales
20bb5f6d-0c54-41e4-900d-6e310aa10c85,emp-45,2023-11-30,2023-12-05,Congés Payés,Approuvé,Voyage
37805c5d-2a90-4fb9-836d-45fa1c682360,emp-45,2023-04-16,2023-04-17,Congés Payés,Approuvé,Vacances familiales
609391fe-0ac6-49bb-8cb4-0bbc97474e29,emp-45,2023-12-21,2023-12-22,Congés Payés,Approuvé,Vacances
4378b854-33af-4bf3-8a68-92ed5ca25006,emp-45,2023-06-28,2023-07-01,Maladie,Approuvé,Repos médical
a0aa7ae1-4775-4103-a1c1-b30f66c68e6b,emp-45,2024-09-16,2024-09-18,Maternité/Paternité,Approuvé,Congé parental
9d29c9af-9dac-4b9e-abbf-cf7a2ae75018,emp-45,2024-02-27,2024-03-05,Maladie,Rejeté,Grippe
497ba3d0-3c05-40d9-9568-f82111f7f24b,emp-45,2024-03-22,2024-03-27,Congés Payés,Approuvé,Repos
45dc3d86-af4c-4b10-9209-15f5aa0e97a7,emp-45,2024-05-08,2024-05-10,Autres,Approuvé,Formation externe
d65e11e8-c806-4698-9387-33d92fbac932,emp-45,2024-01-27,2024-02-06,Congés Payés,Approuvé,Voyage
1f69652f-e532-44e9-8faa-0972ff72ae3d,emp-45,2024-02-06,2024-02-16,Maladie,Approuvé,Grippe
bea314fe-749a-4247-948e-f3ad19b669a1,emp-45,2025-12-13,2025-12-23,Congés Payés,Approuvé,Vacances familiales
d7ef8028-684e-4b1b-934a-82eab71f43cb,emp-45,2025-07-31,2025-08-10,Congés Payés,Approuvé,Voyage
b7935966-098b-4e4c-831f-6b252254ea1b,emp-45,2025-01-28,2025-02-07,Congés Payés,Rejeté,Voyage
c2d1ae97-1049-4677-aa55-e99bdb751cbf,emp-45,2025-07-11,2025-07-12,Maladie,Approuvé,Consultation médicale
94f72e96-d516-4d0d-b087-3d2cdba5ba8c,emp-45,2025-03-07,2025-03-08,Maladie,Approuvé,Grippe
42e552a0-345a-4dff-b40a-1def08bd0c93,emp-45,2025-08-03,2025-08-05,Congés Payés,Approuvé,Vacances familiales
776f0769-f661-4a11-bd95-62d8c698d86b,emp-45,2025-03-29,2025-04-03,Maladie,Approuvé,Repos médical
459f63bf-b4dd-4589-af24-9f0cead19b49,emp-45,2026-06-01,2026-06-04,Congés Payés,Approuvé,Voyage
dd46733f-a80a-4719-9fcb-f055a94e3b9e,emp-45,2026-03-05,2026-03-07,Maladie,Approuvé,Repos médical
209d1762-49ea-4f53-bcdf-56033b727708,emp-45,2026-04-17,2026-05-01,Congés Payés,Approuvé,Vacances
939046ab-890d-4564-9968-28e1fa14c5a4,emp-46,2023-12-15,2023-12-22,Maladie,Approuvé,Consultation médicale
dfe03892-f990-4650-af4f-0a758fdc641d,emp-46,2023-12-20,2023-12-27,Maladie,Approuvé,Consultation médicale
63838e97-a64e-4287-a0bf-9b2ef70deeef,emp-46,2023-12-03,2023-12-05,Raisons personnelles,Approuvé,Raisons personnelles
e1297578-e363-4a32-a15a-1b8b7f558cbc,emp-46,2024-10-19,2024-10-26,Congés Payés,Approuvé,Vacances familiales
e89fae03-0003-471e-baf6-782406494a79,emp-46,2024-04-04,2024-04-11,Congés Payés,Approuvé,Vacances
cb93d7d1-2a07-44cf-b7f8-497944de2fa1,emp-46,2024-07-16,2024-07-26,Congés Payés,Approuvé,Voyage
a2564c92-7da6-4a64-b6ff-36eeeede23fc,emp-46,2025-12-17,2025-12-18,Autres,Approuvé,Formation externe
e513322c-899c-483c-99cd-5c4dd1e9abe1,emp-46,2026-01-14,2026-01-15,Congés Payés,Approuvé,Repos
2998208d-1717-4f5b-ba9b-7c67251ef638,emp-46,2026-06-15,2026-06-20,Congés Payés,En attente,Vacances familiales
7530ee84-2c19-45ff-bc88-f1432c4c651e,emp-47,2025-11-21,2025-11-22,Congés Payés,Rejeté,Vacances familiales
0142a7f9-d26f-4e67-bd28-fe1e7352c676,emp-47,2025-08-01,2025-08-04,Congés Payés,Approuvé,Repos
c29ec031-6679-4a9e-8c1e-4d7c7bd81347,emp-47,2025-08-27,2025-08-29,Congés Payés,Approuvé,Vacances
c48d26e1-1be5-4ef1-8a2d-ae9dd10c9017,emp-47,2026-05-17,2026-05-27,Congés Payés,Approuvé,Vacances
b22f48a8-01ce-41c1-8f34-1c30a02aa4ab,emp-47,2026-01-23,2026-01-24,Autres,Approuvé,Déménagement
80a5220c-8e4f-4649-983a-e191dc1a97a2,emp-47,2026-03-12,2026-03-13,Congés Payés,Approuvé,Vacances familiales
2ad45f83-9bb6-480d-87f1-6d471c00beb1,emp-47,2026-01-06,2026-01-08,Raisons personnelles,Approuvé,Raisons personnelles
3c712bdc-25a3-47ef-9b6a-86bc3ef6d6a4,emp-47,2026-04-18,2026-04-21,Maladie,Approuvé,Consultation médicale
3e335696-2eef-4297-8384-0b8d2f5e2b73,emp-47,2026-05-14,2026-05-19,Congés Payés,Approuvé,Repos
af2a54b6-273e-46bf-bced-c3a0b8c6c5ec,emp-48,2023-12-23,2023-12-28,Congés Payés,Approuvé,Vacances familiales
76c7d524-1e6b-46b1-912c-ccdae126a0ea,emp-48,2023-05-14,2023-05-16,Congés Payés,Approuvé,Vacances
4f2e550a-0afd-426b-919c-d537850ad388,emp-48,2023-05-26,2023-05-29,Congés Payés,Rejeté,Repos
4a540b9d-c9e4-4e48-a753-568f2e6727b9,emp-48,2023-12-29,2024-01-03,Maladie,Approuvé,Consultation médicale
e1483273-312a-4218-a2a2-b0d2efa4f7e6,emp-48,2023-06-12,2023-06-17,Congés Payés,Approuvé,Vacances familiales
3f89a73b-fd78-4cf0-9aac-b73475027932,emp-48,2023-01-18,2023-01-23,Raisons personnelles,Approuvé,Raisons personnelles
21efdf76-046b-4ac5-9fb6-7b9f2df03d98,emp-48,2023-10-01,2023-10-03,Raisons personnelles,Approuvé,Raisons personnelles
fc8e4594-4cd8-45f5-8f97-10a5cab1dbc7,emp-48,2024-03-20,2024-03-21,Maladie,Rejeté,Repos médical
17297927-516b-45d0-bce5-63af00d6bdbf,emp-48,2024-05-31,2024-06-03,Congés Payés,Rejeté,Vacances familiales
2a121b74-70be-46af-abbd-eeabbc5255d0,emp-48,2024-08-14,2024-08-16,Congés Payés,Approuvé,Vacances
80692f1f-0025-40fe-8162-99aaaf01e837,emp-48,2024-10-09,2024-10-10,Congés Payés,Approuvé,Vacances familiales
01f3b141-f74b-45af-b022-241f08dc7f07,emp-48,2025-06-17,2025-06-18,Maladie,Approuvé,Grippe
6bdb7fa7-95d2-4484-b2cc-3e76a9fa0f23,emp-48,2025-01-12,2025-01-13,Autres,Approuvé,Événement familial
b33d2241-e894-472e-8a82-ec3e76d5fef4,emp-48,2026-05-06,2026-05-08,Maladie,Rejeté,Grippe
8c98e45d-1b2a-4af8-b65e-2b7d03b37a52,emp-48,2026-04-20,2026-04-23,Congés Payés,Approuvé,Repos
ce791742-ae1c-4826-9d33-8c9df5965291,emp-48,2026-05-24,2026-05-25,Maladie,Approuvé,Grippe
ee08f845-196a-468e-8070-0e6562020e4a,emp-49,2024-11-04,2024-11-11,Congés Payés,Approuvé,Vacances
63bcfdc1-c575-4957-942f-829dc0703961,emp-49,2024-09-03,2024-09-06,Autres,Rejeté,Événement familial
e879f28a-8538-436f-8dd5-fd8ff65c12be,emp-49,2024-05-16,2024-05-17,Maladie,Approuvé,Repos médical
123167ed-3798-4d1d-9afd-54fe50fd9b3b,emp-49,2025-10-18,2025-10-25,Congés Payés,Approuvé,Voyage
fde265d1-bf13-4225-93dc-a1bb8d78561c,emp-49,2025-09-09,2025-09-10,Autres,Approuvé,Formation externe
69b43a92-c653-4330-9788-f7ce38b38e12,emp-49,2025-08-26,2025-08-28,Maternité/Paternité,Approuvé,Congé parental
c5ba4b06-7d8d-4619-92ca-49c72b9b0094,emp-49,2025-08-30,2025-08-31,Maladie,Approuvé,Grippe
f46a7e6b-1fd9-4576-963b-ac8a06fedc94,emp-49,2025-11-27,2025-11-29,Congés Payés,Approuvé,Vacances
d7624dae-40f6-4432-b9d7-e391fa8c9141,emp-49,2025-07-05,2025-07-10,Maladie,Approuvé,Repos médical
64004172-8cc9-45f4-8f03-f319480be658,emp-49,2025-07-11,2025-07-16,Maladie,Approuvé,Repos médical
ac09b77d-d3e7-40d8-9d4f-6da1aaf3b2c6,emp-49,2026-03-23,2026-03-26,Maladie,Approuvé,Grippe
8e734212-83a4-44f6-b3fb-3863982357fb,emp-49,2026-04-18,2026-04-23,Raisons personnelles,Approuvé,Raisons personnelles
3212036d-a786-409a-a4c2-2b65b6d22dfb,emp-49,2026-01-20,2026-01-25,Maternité/Paternité,Approuvé,Congé parental
7ec0dc15-24da-4f98-a8c4-91be6450b4fd,emp-50,2021-10-10,2021-10-20,Autres,Approuvé,Formation externe
a5eab899-0051-4f77-bda3-3a16607c122e,emp-50,2021-11-27,2021-12-02,Congés Payés,Approuvé,Vacances familiales
96a0bc0c-3312-446f-bfae-8a0090765436,emp-50,2021-11-04,2021-11-06,Maternité/Paternité,Approuvé,Congé parental
1fd13b21-dca4-400f-a1bb-2abc3b0b49f0,emp-50,2021-09-18,2021-09-23,Autres,Approuvé,Événement familial
81522d96-da3c-489f-880b-5572c7c6ef0d,emp-50,2021-12-25,2021-12-26,Autres,Rejeté,Événement familial
7c741ff7-311f-492c-b18b-90ad49d6830f,emp-50,2021-11-26,2021-11-29,Autres,Approuvé,Formation externe
c82db9b4-83ed-4bd2-b648-1cbab5d845c1,emp-50,2022-01-15,2022-01-22,Congés Payés,Approuvé,Vacances familiales
7c5e0828-0ed1-46a5-81d8-a1491300357d,emp-50,2022-06-07,2022-06-08,Congés Payés,Approuvé,Vacances
0b41d70f-9b05-436f-bb27-8cf1dd589886,emp-50,2022-09-05,2022-09-12,Congés Payés,Approuvé,Vacances
5d271213-3f56-4827-bf2d-8020883fc785,emp-50,2022-05-10,2022-05-11,Congés Payés,Approuvé,Vacances
abe5be52-169b-45af-a604-55c738b81f45,emp-50,2023-10-28,2023-11-07,Congés Payés,Approuvé,Vacances
ecc10679-982e-4f3b-9ac3-6bf2410a78d2,emp-50,2023-05-23,2023-06-02,Congés Payés,Approuvé,Vacances familiales
c730072d-e0a8-42d9-8353-38d207ae7608,emp-50,2023-02-04,2023-02-05,Maladie,Approuvé,Repos médical
e983c900-93d0-4be4-aaed-38a9b241fdc7,emp-50,2024-03-28,2024-04-07,Congés Payés,Rejeté,Vacances
c43c19cc-b8f5-4307-8b6d-b659f0d9366a,emp-50,2024-12-28,2024-12-31,Maladie,Approuvé,Consultation médicale
7389acd3-f4de-44c8-b9dc-2a894cdd59d2,emp-50,2024-07-13,2024-07-16,Congés Payés,Approuvé,Repos
95d57a50-7289-4342-9e3e-3c92e8c517c9,emp-50,2024-02-26,2024-03-02,Congés Payés,Approuvé,Repos
4fedc81a-016f-41c2-a5fe-ead9f744d2ac,emp-50,2025-02-12,2025-02-14,Congés Payés,Approuvé,Repos
880db35a-a8c2-4af4-a1c7-850fd09dabe6,emp-50,2025-04-26,2025-05-01,Congés Payés,Approuvé,Vacances familiales
5d58c405-cda7-4dac-820c-e8df38176f87,emp-50,2026-04-05,2026-04-07,Raisons personnelles,Approuvé,Raisons personnelles
da88c2c4-b462-41fb-9005-36047684978e,emp-50,2026-05-14,2026-05-19,Congés Payés,Approuvé,Voyage
121d6ca9-0f50-4a50-be35-25dfcc8f8cbf,emp-50,2026-01-27,2026-02-03,Autres,Approuvé,Événement familial
128ffcbf-30fe-4fd4-a2b7-270bd8437c46,emp-50,2026-02-21,2026-02-26,Raisons personnelles,Approuvé,Raisons personnelles
f2abd82d-280b-49af-b5b1-bbcdafc6be38,emp-50,2026-03-13,2026-03-20,Maternité/Paternité,Approuvé,Congé parental
59049e6e-97a4-4462-8d87-895e37599525,emp-50,2026-06-04,2026-06-18,Raisons personnelles,En attente,Raisons personnelles
a4814531-4693-492c-96e1-36f84ce366a4,emp-50,2026-02-01,2026-02-03,Congés Payés,Approuvé,Vacances familiales
8f8b4891-3527-4a34-b691-a80d47fb9c8f,emp-51,2025-05-29,2025-06-05,Congés Payés,Approuvé,Vacances familiales
9af26ada-ad85-4996-a920-badc64e2897b,emp-51,2025-11-05,2025-11-07,Congés Payés,Approuvé,Vacances
9711da14-1e95-4e51-805b-2baa456409b5,emp-51,2025-11-28,2025-12-01,Congés Payés,Approuvé,Voyage
33f41271-60df-4394-a1b8-f405b0bd7789,emp-51,2025-07-21,2025-07-26,Autres,Approuvé,Événement familial
f68cf5d1-82e5-41db-90e2-661b9b03180d,emp-51,2025-12-27,2026-01-06,Congés Payés,Approuvé,Voyage
b8fbd279-5e7c-4907-80d6-7bc7cdbcb13f,emp-51,2025-05-25,2025-05-26,Maladie,Approuvé,Repos médical
46adb66a-0669-487b-b195-fd28fba23d8a,emp-51,2025-09-18,2025-09-21,Congés Payés,Approuvé,Vacances
476cacbd-e8a3-4e58-9cf2-53ccf2fea18c,emp-51,2026-05-22,2026-05-27,Maladie,Approuvé,Repos médical
6eb95bbd-ff3c-4aa8-a163-ca19f6b7a57e,emp-51,2026-04-11,2026-04-13,Maladie,Approuvé,Grippe
ae13d3b8-1271-43e0-af94-0d9371253f0a,emp-51,2026-01-16,2026-01-17,Congés Payés,Approuvé,Repos
07fc8219-1294-4494-ada1-7a24a475b343,emp-51,2026-01-07,2026-01-14,Maladie,Approuvé,Grippe
b5377ec4-213b-4ce7-a1d7-487803fa9c8f,emp-51,2026-04-16,2026-04-19,Maladie,Approuvé,Repos médical
3a8c4cbc-713e-4341-bfed-6fe96ac6ca6b,emp-52,2024-09-13,2024-09-23,Congés Payés,Approuvé,Repos
cf3c3e0f-57db-4aba-9415-9ac5da19e2b8,emp-52,2024-11-28,2024-12-08,Maladie,Approuvé,Consultation médicale
e2901557-47a6-40c4-ab1d-ca2837b12aa6,emp-52,2024-11-04,2024-11-09,Raisons personnelles,Approuvé,Raisons personnelles
0b05ac72-1d2b-44fb-a69d-508f9566dc32,emp-52,2024-09-17,2024-09-24,Congés Payés,Approuvé,Repos
60eb5233-5c7c-404b-8a9a-03e4cc2c3d6b,emp-52,2024-12-17,2024-12-24,Congés Payés,Approuvé,Repos
c3decfec-0ff1-44f8-b30d-8704e6dfe643,emp-52,2024-11-07,2024-11-12,Raisons personnelles,Approuvé,Raisons personnelles
89baaa84-b645-45c1-a8f8-72b69c827a59,emp-52,2024-09-11,2024-09-13,Maladie,Approuvé,Repos médical
9d5a3497-902e-4981-9d29-c4171793ccff,emp-52,2025-10-31,2025-11-02,Congés Payés,Approuvé,Voyage
ccbec515-87a0-40bf-9fb1-aac277ee9993,emp-52,2025-06-27,2025-07-04,Maladie,Approuvé,Grippe
59668b13-f1ef-441b-b45a-c557a4f7b73e,emp-52,2026-03-22,2026-03-24,Congés Payés,Approuvé,Voyage
ecb72a94-d424-4f4c-b8aa-0b737c4ea7d3,emp-52,2026-02-16,2026-02-26,Maladie,Approuvé,Repos médical
8d00050f-b733-447d-8d57-474f5eef1cfa,emp-52,2026-02-24,2026-03-01,Autres,Rejeté,Formation externe
67df6b04-7044-447c-a9d2-40743cb2a78c,emp-52,2026-06-07,2026-06-17,Raisons personnelles,Rejeté,Raisons personnelles
d8a9baa1-44bf-462e-a069-e16445483221,emp-52,2026-04-04,2026-04-07,Congés Payés,Approuvé,Repos
c0f50efb-85f5-426b-8912-e44606bc62a9,emp-52,2026-03-23,2026-04-02,Raisons personnelles,Approuvé,Raisons personnelles
294596c6-2bda-4386-a8c5-5b275b545589,emp-53,2022-09-15,2022-09-17,Maladie,Approuvé,Consultation médicale
c779f6fd-4bc9-4b85-acfa-f37dc9b9224c,emp-53,2022-08-12,2022-08-14,Autres,Approuvé,Formation externe
5720a4b3-61c3-4f24-9107-604d3f9bd4b9,emp-53,2022-08-14,2022-08-16,Congés Payés,Approuvé,Repos
9cd8f4aa-7c14-4b0c-9498-a7d7ef16e8a2,emp-53,2022-09-19,2022-09-24,Congés Payés,Approuvé,Vacances
c09923d4-e584-43a3-b4bf-0216c7dccf06,emp-53,2022-10-24,2022-10-29,Autres,Approuvé,Formation externe
e4f27870-307d-41fb-8fb4-ae8f28bc3544,emp-53,2022-08-28,2022-08-31,Autres,Approuvé,Formation externe
a91a7f5f-59ca-4a7f-b032-ee1555d021a9,emp-53,2022-12-11,2022-12-21,Congés Payés,Approuvé,Repos
e4a0000e-4442-4c8d-8b2e-945c81c43ccc,emp-53,2023-11-04,2023-11-05,Autres,Approuvé,Formation externe
6f39999e-dede-4c7e-b0be-4922c50c9b2a,emp-53,2023-05-01,2023-05-11,Congés Payés,Approuvé,Vacances familiales
130e01e1-58a6-4179-95f9-b6074eb2fb5e,emp-53,2023-07-29,2023-07-31,Maladie,Approuvé,Repos médical
f4654a26-79c3-4818-8874-994da7406485,emp-53,2024-10-06,2024-10-09,Maladie,Rejeté,Grippe
13af056e-3002-43f2-8599-87d88ce0ef06,emp-53,2024-07-07,2024-07-14,Congés Payés,Rejeté,Vacances
17e39e3b-73a4-491f-b3c4-8a8fa7c1e928,emp-53,2024-01-28,2024-02-02,Maternité/Paternité,Approuvé,Congé parental
482fede0-ad21-44aa-bd9a-29b86ce405d2,emp-53,2024-12-24,2024-12-27,Autres,Approuvé,Événement familial
14462d72-404a-492b-9c19-248afea22b96,emp-53,2025-07-21,2025-07-31,Raisons personnelles,Approuvé,Raisons personnelles
244d8691-002b-4cfa-bb21-7f5a779372b9,emp-53,2025-03-24,2025-04-03,Maladie,Approuvé,Consultation médicale
27346ae4-10d4-4034-bdd5-da8b9cc785aa,emp-53,2026-05-06,2026-05-09,Congés Payés,Approuvé,Voyage
f6844b03-4363-40e6-8d5b-237768f0ade3,emp-53,2026-03-08,2026-03-13,Congés Payés,Approuvé,Repos
5f7b8f60-0441-4dc8-9cf6-deccf7682cf8,emp-54,2024-11-18,2024-11-21,Maladie,Approuvé,Repos médical
89fe1e9e-ce79-4f16-a70a-6360aed38a6c,emp-54,2025-10-22,2025-10-23,Congés Payés,Approuvé,Vacances familiales
867ba0b8-927c-40d6-bea8-de4dfd7adbae,emp-54,2025-07-30,2025-08-06,Congés Payés,Approuvé,Vacances familiales
fd1e79f5-52f9-4a59-adbf-43e045bcda4d,emp-54,2026-03-14,2026-03-16,Congés Payés,Approuvé,Voyage
96e687ca-737d-4123-9145-73f24c994d2c,emp-54,2026-01-06,2026-01-16,Raisons personnelles,Approuvé,Raisons personnelles
1db8a3de-6197-450b-810b-a21355b255e3,emp-55,2025-11-22,2025-11-29,Congés Payés,Approuvé,Voyage
7fce36bc-fb71-4061-a7ff-b85803a9f7f4,emp-55,2026-01-23,2026-02-06,Congés Payés,Approuvé,Vacances
f2580d63-5b5a-404a-9e68-0ce96a9a970d,emp-56,2023-11-17,2023-11-24,Congés Payés,Approuvé,Vacances familiales
7b92ec64-1dd5-4caa-9629-bee3e65f1976,emp-56,2023-10-05,2023-10-12,Congés Payés,Approuvé,Vacances familiales
e5ea49b9-d878-4c5b-b959-c87d4fc9a0ce,emp-56,2023-10-04,2023-10-11,Congés Payés,Approuvé,Vacances familiales
f013fb16-9712-4003-8402-a79b6bfa6f8f,emp-56,2024-04-30,2024-05-05,Raisons personnelles,Approuvé,Raisons personnelles
445d8616-3145-41de-9276-357bc4fdd815,emp-56,2024-08-28,2024-08-29,Congés Payés,Approuvé,Vacances familiales
24eefaa0-83a3-47df-b1fc-7214b03b7088,emp-56,2025-11-02,2025-11-04,Congés Payés,Approuvé,Repos
37ca7b22-5d11-4384-99ce-02d907ec27dd,emp-56,2025-07-01,2025-07-15,Raisons personnelles,Rejeté,Raisons personnelles
bc912f28-8035-40ad-9861-a77f626fad51,emp-56,2025-09-16,2025-09-21,Congés Payés,Approuvé,Repos
c2fefe04-cfb3-48c7-8960-8743dbec01d3,emp-57,2026-02-20,2026-02-22,Congés Payés,Rejeté,Voyage
751b55be-aef2-4413-a4b8-9f1c73f6f01a,emp-57,2026-03-28,2026-04-04,Congés Payés,Approuvé,Repos
f95c552b-7b84-4db6-a46f-b1c468bbf3d8,emp-57,2026-05-13,2026-05-23,Autres,Approuvé,Événement familial
9dc0b3cd-4b4a-460e-8748-035a07d8a246,emp-57,2026-06-11,2026-06-18,Raisons personnelles,En attente,Raisons personnelles
a6b1cf10-0d7b-4f19-8a69-3605ce478ea1,emp-57,2026-05-11,2026-05-18,Congés Payés,Approuvé,Voyage
ae6d13b1-6bb8-47cc-99d8-8861f6f1ee9a,emp-57,2026-02-13,2026-02-14,Congés Payés,Approuvé,Vacances familiales
cf89f998-e4b2-4837-a338-6cec7d20a18c,emp-58,2021-11-04,2021-11-18,Raisons personnelles,Approuvé,Raisons personnelles
149cc52f-97af-42b4-9b8b-cd512b8f3ca6,emp-58,2021-12-22,2021-12-25,Congés Payés,Approuvé,Vacances familiales
894e82d7-f4fd-4196-95d8-016fa9b9bfb3,emp-58,2021-11-01,2021-11-03,Congés Payés,Approuvé,Repos
608bc5a7-7680-4336-b33e-bfa80e218c57,emp-58,2022-10-26,2022-11-09,Congés Payés,Approuvé,Vacances familiales
4f9a75bf-4829-4d21-9fc7-2a1695af634a,emp-58,2023-09-13,2023-09-18,Autres,Approuvé,Événement familial
ea880a1b-9a2f-45f3-a8d4-ef5372591de3,emp-58,2025-03-20,2025-03-21,Congés Payés,Approuvé,Voyage
cd4a77bc-4d96-4d91-ba99-1d1073a59238,emp-58,2025-05-18,2025-05-23,Congés Payés,Rejeté,Voyage
cb31b819-ff97-46ca-831e-184823ab9bfe,emp-58,2026-02-24,2026-03-06,Autres,Approuvé,Déménagement
b84f37cf-45ca-4bda-a382-7b7fbaf012b1,emp-59,2021-12-28,2021-12-31,Congés Payés,Approuvé,Voyage
590bc4ca-5d66-4f2d-80b7-7d5995b2d1d0,emp-59,2021-09-18,2021-09-20,Maternité/Paternité,Approuvé,Congé parental
030348fd-5466-475c-9740-5271ea67af8e,emp-59,2021-11-29,2021-12-06,Maladie,Rejeté,Grippe
2bc38712-226c-4360-864a-34cd91af19f8,emp-59,2021-08-20,2021-08-27,Congés Payés,Approuvé,Voyage
78e0ed07-971e-4d56-8711-dadd39c8db46,emp-59,2021-12-18,2021-12-23,Congés Payés,Approuvé,Repos
a0073971-0cfe-486f-bb01-4cb272e9be73,emp-59,2021-11-15,2021-11-20,Congés Payés,Approuvé,Voyage
c819ecf3-8d98-41f7-a13c-58bcae1713f7,emp-59,2022-12-18,2022-12-25,Raisons personnelles,Approuvé,Raisons personnelles
8acb0b05-d6ba-4d00-9f6e-a606fe62bfa0,emp-59,2022-08-12,2022-08-13,Autres,Approuvé,Événement familial
fc9216dc-d87b-4a49-b348-549567e3ee9f,emp-59,2022-05-08,2022-05-13,Congés Payés,Approuvé,Vacances
9bb6616e-eca8-447a-b363-a6d188552f05,emp-59,2022-02-25,2022-03-02,Congés Payés,Approuvé,Repos
85c1dd09-23fd-4274-93a3-665653162f85,emp-59,2022-10-27,2022-10-28,Congés Payés,Approuvé,Voyage
9c04ec63-d4ae-49ff-aec2-b0306d877620,emp-59,2022-07-21,2022-07-22,Congés Payés,Approuvé,Repos
764007bb-d5f7-48d2-9744-ec6c2383040b,emp-59,2022-08-21,2022-08-28,Congés Payés,Approuvé,Repos
3ff82a92-65f4-4f57-aa8b-dfe905b129a4,emp-59,2023-02-10,2023-02-17,Maladie,Approuvé,Grippe
ba76f22c-7006-47b7-9a13-e4a985a02c69,emp-59,2023-01-10,2023-01-11,Congés Payés,Approuvé,Voyage
c56beffb-eb12-43fb-b26c-de74699ff28b,emp-59,2023-07-27,2023-08-06,Raisons personnelles,Approuvé,Raisons personnelles
2794f97d-dc86-40de-b35a-38661353e1dc,emp-59,2024-07-03,2024-07-08,Raisons personnelles,Approuvé,Raisons personnelles
aba63c91-043d-4b9f-bc0b-5555e1a2b10d,emp-59,2024-03-10,2024-03-11,Congés Payés,Approuvé,Vacances familiales
cfa02e51-9c65-4c95-bc01-099c7a6c25bf,emp-59,2024-09-03,2024-09-08,Maladie,Approuvé,Consultation médicale
a6cebd1c-cd54-4680-866e-ef5f067b56ca,emp-59,2024-08-25,2024-08-26,Congés Payés,Approuvé,Vacances familiales
01df1f29-9359-4b3a-a9be-eb166793e923,emp-59,2024-08-15,2024-08-29,Congés Payés,Approuvé,Vacances familiales
9b8fa490-d006-4397-bebc-374c0de2b9b3,emp-59,2024-10-18,2024-10-25,Congés Payés,Approuvé,Vacances
fac8f9cc-089e-4a53-a4dd-e61602321119,emp-59,2025-08-01,2025-08-08,Maladie,Approuvé,Consultation médicale
36920c45-f52e-4fa1-8be4-d6800ebf2164,emp-59,2025-07-24,2025-07-27,Maladie,Approuvé,Consultation médicale
147096f0-f139-4cba-b11f-07389f4ea2f0,emp-59,2025-02-01,2025-02-06,Congés Payés,Approuvé,Vacances
6ee66c33-686b-4392-80b0-3f52674a8be4,emp-59,2025-08-02,2025-08-12,Congés Payés,Approuvé,Repos
150de628-c6a0-4901-a75d-bd925f7fea6b,emp-59,2025-08-12,2025-08-13,Congés Payés,Approuvé,Repos
0f127f16-79a0-4153-8a04-abd82f64ff42,emp-59,2026-02-26,2026-03-03,Maladie,Rejeté,Consultation médicale
7a863dcc-462f-4466-ae2d-e2aee8de6111,emp-59,2026-04-10,2026-04-24,Autres,Approuvé,Déménagement
5c0a1da9-e4cd-4851-8e92-45a01f464651,emp-59,2026-06-09,2026-06-11,Maladie,Approuvé,Consultation médicale
354e0314-5a30-4378-b978-270e8e75b9fe,emp-59,2026-02-21,2026-02-23,Congés Payés,Approuvé,Voyage
987647ca-a258-4a61-88c8-de82535d5d15,emp-59,2026-02-23,2026-02-28,Raisons personnelles,Approuvé,Raisons personnelles
6bf440e5-238d-4abe-896e-8593830ba787,emp-59,2026-02-10,2026-02-12,Autres,Approuvé,Événement familial
be0ae8e7-6326-4b45-a228-4bdb4082d210,emp-60,2024-12-22,2024-12-24,Maladie,Approuvé,Grippe
79e6ff09-7a4f-4e8b-8f10-70fea1b3b032,emp-60,2024-12-14,2024-12-16,Congés Payés,Approuvé,Vacances
152412d2-4b13-479c-9dee-238a93762c7b,emp-60,2025-08-23,2025-09-06,Maternité/Paternité,Rejeté,Congé parental
d1e663ee-3db4-4bd8-88b0-cb4769648485,emp-60,2025-09-17,2025-09-18,Maladie,Approuvé,Consultation médicale
e62e0ba4-e74c-4583-b0ca-9490731e6b69,emp-60,2025-05-30,2025-06-06,Maternité/Paternité,Approuvé,Congé parental
7b6a437b-41d1-4f8e-b86d-d90a1bc9c3d9,emp-60,2025-07-06,2025-07-08,Congés Payés,Approuvé,Voyage
0a12d310-e1d2-4ac8-8da7-62f9a8ff4832,emp-60,2025-05-06,2025-05-13,Congés Payés,Approuvé,Vacances familiales
0e284da5-d017-45c1-a76a-17f82f9c687c,emp-60,2026-04-17,2026-04-20,Maladie,Approuvé,Consultation médicale
0a0751a7-1d12-4b80-864c-450375adc88c,emp-60,2026-04-20,2026-04-23,Congés Payés,Approuvé,Repos
20fffab3-832b-49b6-82d7-3ba4fa25c7bf,emp-60,2026-02-07,2026-02-14,Maladie,Approuvé,Consultation médicale
8389b98f-89ef-4f93-bd65-aa16f59c39ef,emp-60,2026-03-22,2026-03-25,Maternité/Paternité,Approuvé,Congé parental
a397239b-6e10-463b-933a-2b17cb511c6c,emp-61,2023-12-23,2023-12-24,Maladie,Approuvé,Grippe
2b0e12d3-d4f1-456b-8644-1bb52153a4d4,emp-61,2024-06-09,2024-06-19,Congés Payés,Approuvé,Vacances familiales
b9e60c7a-4e97-470a-b7e4-3ea975d35561,emp-61,2024-08-16,2024-08-21,Autres,Approuvé,Événement familial
37337086-affd-468d-aa54-c233cdc56933,emp-61,2025-04-12,2025-04-22,Congés Payés,Approuvé,Voyage
7522d263-a793-4929-a6f4-f7f445eff813,emp-61,2025-03-06,2025-03-11,Congés Payés,Approuvé,Repos
49af3375-17cc-43a9-8c39-72c280a174a7,emp-61,2025-11-22,2025-11-24,Congés Payés,Approuvé,Repos
3bc5eacf-aff5-438d-b69e-46bff7f04e29,emp-61,2026-05-10,2026-05-11,Congés Payés,Approuvé,Repos
832f8d5e-35e9-4511-9016-2637f22713b2,emp-61,2026-06-16,2026-06-26,Congés Payés,En attente,Vacances
831dfe3c-fb89-4f8a-981a-c8cc228f02c5,emp-61,2026-03-02,2026-03-09,Raisons personnelles,Approuvé,Raisons personnelles
0d1a6168-abe5-452d-b8ad-9b7232ca14a4,emp-62,2023-12-03,2023-12-10,Maladie,Approuvé,Repos médical
81f4d6a9-14a6-435b-b01b-1237178dd325,emp-62,2023-08-18,2023-08-19,Congés Payés,Approuvé,Repos
02c7518b-1aea-42fd-adaa-046d1f7ed184,emp-62,2023-07-23,2023-07-30,Autres,Approuvé,Déménagement
3aa2197f-b8d3-4612-b3fa-45e6f3c8c6d5,emp-62,2023-10-15,2023-10-17,Congés Payés,Approuvé,Voyage
cf435414-52cf-4a90-b483-73b92c322429,emp-62,2024-07-21,2024-07-31,Maladie,Approuvé,Repos médical
901c198a-cbec-4623-8d73-63860d504a5f,emp-62,2024-08-01,2024-08-08,Congés Payés,Approuvé,Voyage
d888a2f2-1d66-4cb3-b7ff-f5b537979021,emp-62,2024-09-19,2024-09-29,Congés Payés,Approuvé,Voyage
c5043d9a-62aa-4630-8e0a-ccf6dbaf83d4,emp-62,2024-03-21,2024-03-31,Congés Payés,Rejeté,Voyage
60fba0d0-c8b3-46ae-af31-e6d2d39f2bdf,emp-62,2024-07-08,2024-07-13,Congés Payés,Approuvé,Repos
adfb3b6b-ad2e-4f64-8868-7cc510a90e6b,emp-62,2024-06-04,2024-06-06,Congés Payés,Approuvé,Voyage
d30f02b0-ed2c-4069-be35-d45625baf05b,emp-62,2025-04-21,2025-04-23,Maladie,Approuvé,Consultation médicale
33d3cddb-f8f3-43dc-ab33-477feeb628bd,emp-62,2025-08-02,2025-08-05,Congés Payés,Approuvé,Repos
c00ad509-95d9-4dc6-9ab7-b6bce6a8101f,emp-62,2025-11-07,2025-11-08,Congés Payés,Approuvé,Voyage
3ffab045-c9a6-4c89-8283-844b41a65030,emp-62,2025-03-18,2025-03-28,Congés Payés,Approuvé,Voyage
8d78fc4b-fe71-43eb-a4e5-edce47a21f30,emp-62,2026-03-28,2026-04-02,Raisons personnelles,Approuvé,Raisons personnelles
b6a44240-808c-4a5e-b404-805885bef333,emp-62,2026-02-12,2026-02-19,Maladie,Approuvé,Repos médical
a75b41cb-1857-443c-b9d1-2096853b26d9,emp-62,2026-02-01,2026-02-06,Congés Payés,Rejeté,Vacances
5a7fb740-6977-4b9f-b820-170e05f2b63b,emp-62,2026-02-18,2026-02-25,Congés Payés,Approuvé,Vacances familiales
a788fa4d-22e4-477f-a878-3d5a065def55,emp-62,2026-02-22,2026-02-24,Maladie,Approuvé,Consultation médicale
bb3b8bb9-874e-432f-a44d-1ce15957b2ba,emp-63,2025-09-24,2025-09-29,Congés Payés,Rejeté,Repos
4f84dd78-c946-44b8-9eb4-8748f2c8c48b,emp-63,2025-09-28,2025-09-29,Congés Payés,Approuvé,Vacances
920458ed-fd0e-47a7-8626-5396a31bd45c,emp-63,2026-03-15,2026-03-16,Congés Payés,Approuvé,Repos
77dbaa34-b053-44f0-b9ae-8b64f64ded5d,emp-64,2024-07-25,2024-07-30,Congés Payés,Approuvé,Vacances
16c22142-5fff-4bf7-b9a6-90718d3e4517,emp-64,2024-08-04,2024-08-06,Congés Payés,Approuvé,Voyage
483885e2-ef73-4bdc-8054-1152f45c3b97,emp-64,2024-08-30,2024-09-01,Maladie,Approuvé,Consultation médicale
3202926b-b345-499f-8723-cbe2127c29e0,emp-64,2025-06-12,2025-06-15,Congés Payés,Approuvé,Voyage
1a9b22ed-250d-4b89-b103-a965cf04e595,emp-64,2025-01-10,2025-01-12,Raisons personnelles,Approuvé,Raisons personnelles
a34732a4-f5f0-438d-b1f5-f7db48ce6286,emp-64,2026-03-19,2026-03-24,Congés Payés,Approuvé,Vacances familiales
c69e4d07-0320-42a4-85e5-1a9a12cc96f8,emp-64,2026-05-19,2026-06-02,Maternité/Paternité,Approuvé,Congé parental
20ae2993-4ac3-46c8-af70-a244a648bcf7,emp-64,2026-01-11,2026-01-12,Congés Payés,Approuvé,Repos
27fa125e-b683-4363-b328-2dfbffff9dd5,emp-65,2023-09-17,2023-09-27,Congés Payés,Approuvé,Voyage
5f512e20-a61e-48c2-947b-69a705b0fa48,emp-65,2023-10-07,2023-10-12,Congés Payés,Approuvé,Vacances
423df80e-49ab-421f-a217-217fd446b2f0,emp-65,2024-12-23,2024-12-24,Congés Payés,Approuvé,Repos
f6e061f6-8a7e-4a26-a901-bda2568194d1,emp-65,2024-11-08,2024-11-13,Autres,Approuvé,Événement familial
2145ecbd-cb28-4767-8008-eaf932eaf6af,emp-65,2024-12-28,2024-12-31,Congés Payés,Rejeté,Repos
719d2e62-0fab-4ccf-8158-c524ea35fc04,emp-65,2024-11-02,2024-11-04,Raisons personnelles,Approuvé,Raisons personnelles
c20bf8a9-d604-4c31-91a8-73911e2cd407,emp-65,2024-01-03,2024-01-13,Maladie,Approuvé,Grippe
250a0054-7de5-49e4-beb3-07ff2b967199,emp-65,2025-11-29,2025-12-04,Congés Payés,Approuvé,Voyage
a71fd819-1975-41f4-9225-2c48188b5f2a,emp-65,2025-06-30,2025-07-14,Congés Payés,Approuvé,Voyage
481a802a-a43f-42f2-acee-6e1bb86428a7,emp-65,2026-02-01,2026-02-04,Raisons personnelles,Approuvé,Raisons personnelles
efc69c89-4583-4947-ac79-dfcdfc898e09,emp-65,2026-03-13,2026-03-18,Maladie,Approuvé,Repos médical
ed2ef298-1ddf-4e27-960c-92749c65c569,emp-66,2024-09-17,2024-10-01,Congés Payés,Approuvé,Vacances familiales
81168c82-2799-4eab-ad3b-809af1b4733f,emp-66,2024-11-30,2024-12-03,Autres,Approuvé,Formation externe
94c7a6d2-02f4-4c55-bb02-c1d0eac21b89,emp-66,2024-04-17,2024-04-22,Maladie,Approuvé,Consultation médicale
7bbc3584-7af7-48cd-b9f4-ef7fd007b283,emp-66,2025-02-03,2025-02-04,Raisons personnelles,Approuvé,Raisons personnelles
963876fb-928d-428a-b252-27c48fa29217,emp-66,2025-01-12,2025-01-26,Maladie,Approuvé,Repos médical
0ca9cc5a-55ee-4c03-8385-ed3fa5a3522d,emp-66,2025-08-21,2025-08-22,Congés Payés,Approuvé,Vacances
231d5110-4c92-48a2-8aa5-5617095f2032,emp-66,2026-03-12,2026-03-13,Congés Payés,Approuvé,Vacances
2dbe0b53-fd45-4cdd-ac0b-2d454f449789,emp-66,2026-01-13,2026-01-15,Congés Payés,Approuvé,Vacances
7c4fd50b-814c-4658-8210-1d249e4d8d71,emp-66,2026-03-27,2026-03-28,Maladie,Approuvé,Repos médical
4c5bb112-c414-437d-bdc4-3b76204b0ce7,emp-66,2026-01-20,2026-01-30,Congés Payés,Approuvé,Vacances
1dc1e2fc-d311-4b27-9c46-64baa7547877,emp-66,2026-01-25,2026-01-26,Congés Payés,Approuvé,Repos
d9c54b1a-10ad-436e-83a0-2b2a137396a6,emp-67,2023-09-02,2023-09-04,Congés Payés,Approuvé,Repos
846760d4-9497-4f79-bb00-dbe704cf7371,emp-67,2023-02-09,2023-02-16,Maladie,Approuvé,Repos médical
7b370ab2-ffd3-4db3-bc88-e483d1b210f3,emp-67,2024-02-01,2024-02-11,Congés Payés,Approuvé,Vacances
a3b3ccf7-5592-4b21-9b83-ea873e9b0a31,emp-67,2024-08-14,2024-08-15,Maladie,Approuvé,Repos médical
0a318157-1fe8-4f47-838e-4f9956997ddc,emp-67,2025-01-27,2025-01-29,Congés Payés,Approuvé,Voyage
82ed2f67-56f5-45bd-812d-0c6a0b33864a,emp-67,2025-12-04,2025-12-09,Congés Payés,Approuvé,Voyage
9cc85c25-45d9-4f0a-b5b0-17f32002d762,emp-67,2025-02-21,2025-02-23,Raisons personnelles,Approuvé,Raisons personnelles
aae46eb9-5020-4c84-b338-fc9147261417,emp-67,2025-10-28,2025-10-30,Congés Payés,Approuvé,Vacances
9333a954-ae6b-45c4-8ce9-8389f8620984,emp-67,2025-10-21,2025-10-22,Congés Payés,Approuvé,Voyage
0e341f05-7fbf-4abb-b7fd-fd2c4222ca53,emp-67,2025-08-16,2025-08-18,Congés Payés,Approuvé,Vacances familiales
a862a254-2511-4e8f-8e02-65bf2d143b99,emp-67,2026-05-12,2026-05-26,Maternité/Paternité,Approuvé,Congé parental
6e972469-050e-49de-af38-eaff18fd5a22,emp-67,2026-03-21,2026-03-26,Congés Payés,Rejeté,Vacances familiales
53c132db-710e-4770-9283-e269182f8fe6,emp-67,2026-05-10,2026-05-17,Maladie,Approuvé,Consultation médicale
5ae4a424-3d2d-481c-a74b-42964150d1db,emp-67,2026-06-13,2026-06-23,Maternité/Paternité,Approuvé,Congé parental
2baa29e5-17ec-4287-a086-fe7000b555d7,emp-67,2026-04-30,2026-05-05,Congés Payés,Approuvé,Repos
81bf5791-3e0c-4dc7-a0f8-153ef57f2089,emp-68,2022-10-16,2022-10-18,Congés Payés,Approuvé,Vacances
b6c6e332-ad2a-47f8-82fa-2cf682305af2,emp-68,2022-12-30,2022-12-31,Congés Payés,Approuvé,Vacances familiales
5e6c5ef9-c38f-4ee7-9e83-b4bc1b8d4665,emp-68,2022-12-07,2022-12-14,Autres,Approuvé,Événement familial
0e4e8c89-6cf2-422a-95a3-eccc06c9edd1,emp-68,2022-09-27,2022-10-04,Congés Payés,Approuvé,Repos
0169c892-86fe-47f6-bb6b-b371122a7307,emp-68,2022-09-18,2022-09-19,Congés Payés,Approuvé,Repos
12d0e4ac-da4c-437f-a2b1-13a43e6d8412,emp-68,2023-04-12,2023-04-14,Congés Payés,Approuvé,Vacances familiales
3febd2d5-d471-409b-8cd0-fc891ca0dfe9,emp-68,2023-05-06,2023-05-08,Congés Payés,Approuvé,Vacances
e5d85894-fa1e-4ef9-aca4-2f6fbbbd3d06,emp-68,2023-03-12,2023-03-15,Maternité/Paternité,Approuvé,Congé parental
95db83e9-7584-4897-be74-b0ce4570231a,emp-68,2024-07-08,2024-07-15,Maladie,Rejeté,Repos médical
3e660e0b-de4b-4407-a756-10e907acbe52,emp-68,2024-03-01,2024-03-02,Raisons personnelles,Approuvé,Raisons personnelles
4b03ce1d-09eb-4e22-bb1f-ff29ed4c0b2e,emp-68,2024-12-21,2024-12-24,Maladie,Rejeté,Consultation médicale
857c8cf5-f9f5-4737-a908-386daf5a0118,emp-68,2025-04-07,2025-04-17,Congés Payés,Approuvé,Vacances familiales
04a9cb2b-ac67-4e76-95cd-58d1662b342f,emp-68,2025-05-24,2025-06-03,Autres,Rejeté,Formation externe
57e1293c-2b0c-4104-87d1-037fded51521,emp-68,2025-02-11,2025-02-18,Maternité/Paternité,Approuvé,Congé parental
2aeaf701-7a02-4f6c-85a4-ab061aeeb37f,emp-68,2025-11-27,2025-12-04,Congés Payés,Approuvé,Vacances familiales
4d1da7e0-04d3-4f88-8ff3-3976b2324807,emp-68,2025-07-11,2025-07-16,Congés Payés,Rejeté,Voyage
b1f6f29b-f0c0-4ea2-affe-06c764f1fec0,emp-68,2025-07-25,2025-07-30,Maternité/Paternité,Approuvé,Congé parental
ad95b05c-62cf-4dec-9c1c-ce1fa3d39a9f,emp-68,2026-03-02,2026-03-05,Congés Payés,Approuvé,Vacances familiales
b5095c71-d167-469a-9067-b10a9b0bd0bb,emp-68,2026-05-21,2026-05-22,Maternité/Paternité,Approuvé,Congé parental
fa81a3e0-53e4-48b9-ac2b-f74e82d0961f,emp-68,2026-01-11,2026-01-14,Maladie,Approuvé,Grippe
89c8a9b6-e0d5-49b3-80d2-02783627e056,emp-68,2026-04-05,2026-04-12,Congés Payés,Approuvé,Vacances familiales
a6365f3e-0386-4ea8-a62d-9659b538279e,emp-68,2026-03-09,2026-03-14,Congés Payés,Approuvé,Vacances
2568d383-a0ad-4d99-ae20-4550e61d82e8,emp-69,2024-03-01,2024-03-02,Congés Payés,Approuvé,Vacances familiales
324b4a5d-41e3-4664-9dd1-ce9ff2948b26,emp-69,2024-05-08,2024-05-10,Autres,Approuvé,Formation externe
3407269d-d184-4b36-8006-2afa87d25e7e,emp-69,2025-03-12,2025-03-26,Maternité/Paternité,Approuvé,Congé parental
576fd747-e98e-447f-bcd7-6a61264dec0c,emp-69,2025-05-25,2025-06-01,Maternité/Paternité,Approuvé,Congé parental
ca352385-11df-41d2-a05f-d7fca2151f9a,emp-69,2025-01-07,2025-01-10,Congés Payés,Approuvé,Vacances familiales
f48f0025-b4fe-46df-bcc8-ec9d00ba837b,emp-69,2025-04-27,2025-05-04,Congés Payés,Approuvé,Voyage
49003ac1-cb82-4000-94e3-2d3f0492c057,emp-69,2025-06-24,2025-07-01,Congés Payés,Approuvé,Voyage
0191643e-7ec2-4b3d-ba76-16a1eab456a4,emp-69,2025-08-19,2025-08-29,Congés Payés,Approuvé,Vacances familiales
1378781b-9d7f-48b8-8251-90b76224920c,emp-69,2026-05-08,2026-05-15,Autres,Approuvé,Formation externe
8b519008-033f-41d8-a05d-84e1bdb5ff39,emp-69,2026-04-14,2026-04-21,Maladie,Approuvé,Repos médical
26ee0d7b-c6a7-408c-b686-32f7530f1883,emp-70,2022-06-16,2022-06-30,Raisons personnelles,Approuvé,Raisons personnelles
023078e5-ef03-4e5a-a742-585dae94402b,emp-70,2022-10-16,2022-10-17,Congés Payés,Approuvé,Repos
3ca1268e-4113-4892-b25a-86b117b86b96,emp-70,2022-09-01,2022-09-02,Congés Payés,Approuvé,Vacances
1ba5eace-57df-4897-900b-71ce83526148,emp-70,2023-01-14,2023-01-16,Congés Payés,Rejeté,Repos
2d25081e-e7cc-4f6c-b5e9-76b6f2a30d3c,emp-70,2023-05-30,2023-06-04,Congés Payés,Approuvé,Vacances
41ceb62a-f401-4fae-85d4-bcb9f0c42d81,emp-70,2023-07-30,2023-08-02,Raisons personnelles,Approuvé,Raisons personnelles
df0a36ec-3832-497b-ae02-45c53af271a5,emp-70,2023-02-05,2023-02-08,Raisons personnelles,Approuvé,Raisons personnelles
f64353b8-3313-4bcc-8fcc-01f4b37015d9,emp-70,2023-12-30,2024-01-04,Congés Payés,Approuvé,Repos
fb236a97-f383-48c2-8032-c7160e126e2d,emp-70,2024-12-16,2024-12-19,Congés Payés,Rejeté,Voyage
8f0a570c-a3e5-40e9-9373-5f87724c4efb,emp-70,2024-11-05,2024-11-12,Congés Payés,Approuvé,Voyage
d33e751f-0aa5-4e6b-b145-ec362da5e77c,emp-70,2024-10-21,2024-10-22,Congés Payés,Approuvé,Voyage
b0636622-f011-4642-9fc3-39d7ae305cf4,emp-70,2024-12-30,2025-01-06,Congés Payés,Approuvé,Vacances familiales
3cc94ff4-a453-4ab5-8aa0-e7d0fdd9d32a,emp-70,2024-04-01,2024-04-11,Maladie,Approuvé,Repos médical
09b59097-fa67-43f4-99fa-58033e758819,emp-70,2024-02-18,2024-02-21,Raisons personnelles,Approuvé,Raisons personnelles
1eae1c79-b899-4389-8d25-f55c2060d3b3,emp-70,2025-05-30,2025-06-04,Congés Payés,Approuvé,Vacances familiales
2f805386-77f0-4fc8-88ba-116b8e689101,emp-70,2025-10-11,2025-10-12,Congés Payés,Approuvé,Repos
4edb5baf-d5da-41c9-881f-e46c6469803d,emp-70,2025-03-26,2025-03-28,Congés Payés,Approuvé,Vacances
c034edec-71a3-4273-a3f9-6b13e94d0bc2,emp-70,2025-12-12,2025-12-19,Congés Payés,Approuvé,Vacances familiales
921df1df-59b5-426f-b052-8f81b6c821a7,emp-70,2025-01-06,2025-01-08,Maladie,Approuvé,Grippe
03d8534e-3356-468d-9130-cd300f3ef9eb,emp-70,2025-02-04,2025-02-05,Maladie,Approuvé,Consultation médicale
f6d15cd4-d25a-4dfc-b688-a4239c527882,emp-70,2026-02-11,2026-02-13,Congés Payés,Approuvé,Repos
0043bdf2-bea0-4b58-8bba-e119056cf738,emp-70,2026-04-11,2026-04-13,Maladie,Approuvé,Consultation médicale
afba83ce-675c-4ee4-9b83-6242de1f13b1,emp-70,2026-04-02,2026-04-04,Maladie,Approuvé,Grippe
47ac7b2a-2491-4a1a-a298-f58a6016d6bc,emp-70,2026-01-13,2026-01-20,Autres,Approuvé,Formation externe
96328054-3ec4-4786-978d-bc1e230577dc,emp-71,2026-04-24,2026-04-25,Congés Payés,Approuvé,Vacances familiales
8008f961-fcd7-440b-8469-fef708f7971e,emp-71,2026-03-03,2026-03-05,Congés Payés,Approuvé,Vacances
10935c6f-41fc-4cdf-ba07-c55c1ae73519,emp-72,2022-04-02,2022-04-04,Autres,Approuvé,Déménagement
baebd8cd-8f4b-427f-a521-9674ba420c72,emp-72,2022-03-23,2022-03-26,Congés Payés,Approuvé,Vacances familiales
5571fda0-7d0e-47ce-8af5-f254d92a30f6,emp-72,2022-12-03,2022-12-06,Congés Payés,Approuvé,Vacances
e1cc71ac-a115-4a0c-b763-361c4301f3fc,emp-72,2022-05-28,2022-05-29,Maladie,Approuvé,Grippe
0d96d9f1-2fb6-4c95-a98a-99e878dfe2a7,emp-72,2022-04-03,2022-04-08,Congés Payés,Approuvé,Vacances
9ba145e3-1f2b-48b7-90c9-d66e13d2bfab,emp-72,2022-09-27,2022-09-29,Maladie,Rejeté,Repos médical
f6ca864a-9bb3-46dc-9cd6-fb68f2211974,emp-72,2022-12-17,2022-12-19,Raisons personnelles,Approuvé,Raisons personnelles
91ab2f97-6f92-4a3b-97f6-52ca24c04bb4,emp-72,2023-06-20,2023-06-22,Maternité/Paternité,Approuvé,Congé parental
49f68413-6826-4c8e-9b77-4a42d8b3a0a6,emp-72,2023-01-10,2023-01-15,Maladie,Approuvé,Repos médical
9acf367b-a3e2-46cd-8267-5e5a69fb4567,emp-72,2023-12-27,2024-01-10,Congés Payés,Approuvé,Vacances
1f04c3f0-2645-4a17-a663-1ee70033a746,emp-72,2024-08-07,2024-08-14,Maladie,Approuvé,Grippe
affb02e4-da4a-4975-9e78-7af0beb25800,emp-72,2024-04-13,2024-04-15,Congés Payés,Approuvé,Voyage
671aa642-ffbc-412c-9478-9a1332fc3648,emp-72,2024-03-09,2024-03-11,Maladie,Approuvé,Repos médical
3af51dc6-26f4-45cd-b398-127a47efb97f,emp-72,2024-01-13,2024-01-15,Maladie,Approuvé,Repos médical
0e8fdaae-628c-4c2d-bfeb-6f81e2b7300c,emp-72,2024-12-06,2024-12-20,Autres,Approuvé,Événement familial
a178b219-658a-40b7-8a0e-414a1ae1107c,emp-72,2024-09-23,2024-09-25,Congés Payés,Approuvé,Voyage
5935ba4a-4889-486c-b798-047fff10cd20,emp-72,2024-01-27,2024-02-01,Congés Payés,Approuvé,Vacances
31492f5a-a44d-43fa-97c9-75f1a68b3cd5,emp-72,2025-04-15,2025-04-17,Congés Payés,Approuvé,Repos
5a8b1f26-a8e6-43b8-a72e-d4bcc7593d64,emp-72,2025-04-12,2025-04-14,Congés Payés,Approuvé,Repos
6410c4cf-7154-401b-9df0-dfd2b1a2d639,emp-72,2025-11-22,2025-11-24,Autres,Approuvé,Événement familial
c1a51e37-4108-471c-8daf-d694fc108ebf,emp-72,2025-03-27,2025-03-30,Congés Payés,Approuvé,Voyage
df57132a-7f30-4f2c-a65a-35aa4295a5eb,emp-72,2025-01-11,2025-01-18,Congés Payés,Approuvé,Repos
401c98a6-b6b8-4c55-b9f6-e527f55f20d7,emp-72,2025-03-20,2025-03-25,Congés Payés,Approuvé,Repos
bf07f95f-a1dc-45a7-84fc-245e2c44eb64,emp-72,2026-05-24,2026-05-29,Congés Payés,Approuvé,Voyage
f30a2cb3-afb6-4aee-866f-4f4a2b94e63d,emp-72,2026-02-18,2026-02-19,Autres,Approuvé,Événement familial
e41e35be-ade7-4dc4-b930-6ef6ac1f9128,emp-72,2026-04-17,2026-04-27,Raisons personnelles,Approuvé,Raisons personnelles
90662e8e-158b-48bd-89fc-ad317ec56733,emp-72,2026-05-31,2026-06-01,Autres,Rejeté,Formation externe
7459f5f2-6c86-4ecb-9b2f-2bda006330fc,emp-72,2026-02-11,2026-02-13,Congés Payés,Approuvé,Repos
e719a55c-a7a7-4fb0-8929-2ddd0d352fe9,emp-73,2026-06-12,2026-06-17,Maladie,En attente,Repos médical
af80742b-016d-4139-8884-cbff6bc6116d,emp-73,2026-03-04,2026-03-07,Raisons personnelles,Approuvé,Raisons personnelles
08d7b63e-1afc-4edb-911f-8b50e1b60d14,emp-73,2026-06-15,2026-06-16,Maladie,Rejeté,Grippe
124d3309-c654-4c73-8753-4689adf9805a,emp-73,2026-06-04,2026-06-09,Maladie,Approuvé,Consultation médicale
84e2fc82-841a-42de-865e-7b19ff946d36,emp-73,2026-04-09,2026-04-12,Maladie,Approuvé,Grippe
67daea01-741a-4fac-bcfc-9a3ff8be76b5,emp-74,2024-05-09,2024-05-14,Congés Payés,Approuvé,Voyage
89f99d74-4242-4621-bbf4-e3c7752c9c98,emp-74,2024-07-29,2024-08-05,Raisons personnelles,Approuvé,Raisons personnelles
abde052f-0bef-4210-a0b6-439cd12d7611,emp-74,2024-06-25,2024-07-02,Congés Payés,Approuvé,Voyage
803268e5-bfbf-47ef-9d61-3a1d54fbb163,emp-74,2024-01-04,2024-01-18,Autres,Approuvé,Événement familial
4b4e7518-b540-4047-9011-29e51e894231,emp-74,2024-09-25,2024-09-28,Congés Payés,Approuvé,Vacances familiales
c15b6014-2503-4206-950c-bc70598fe4f9,emp-74,2025-03-10,2025-03-12,Congés Payés,Rejeté,Voyage
450445d1-ebcd-489a-9f46-85103e52f8dd,emp-74,2025-04-06,2025-04-08,Maladie,Approuvé,Grippe
a6990fb1-a8e4-4662-9e32-edff12515f02,emp-74,2025-08-14,2025-08-19,Maladie,Approuvé,Consultation médicale
1247b421-09dd-4649-83f6-e176461305b9,emp-74,2025-02-13,2025-02-16,Congés Payés,Approuvé,Vacances familiales
0535d0b2-9385-421b-948e-f3fcf677e230,emp-74,2025-12-11,2025-12-18,Congés Payés,Approuvé,Vacances
6d47f2ab-f4e4-448b-bf13-c278b7fb0339,emp-74,2025-01-22,2025-01-23,Congés Payés,Approuvé,Repos
7698c796-3ca2-41fd-ae88-8b3702c5298b,emp-74,2025-06-22,2025-06-27,Congés Payés,Approuvé,Repos
af04007c-2556-49f0-a944-c6ab5e6e29cb,emp-74,2026-04-13,2026-04-16,Congés Payés,Approuvé,Repos
f3c696ef-86f0-4bd5-9e4e-5fa368eb7e74,emp-74,2026-04-27,2026-05-07,Congés Payés,Approuvé,Vacances familiales
1bc9f100-b4a4-48d2-acf0-0952508c4e22,emp-74,2026-02-01,2026-02-11,Congés Payés,Approuvé,Vacances familiales
481ccacc-cb33-4bfc-a86a-4a83a97df729,emp-74,2026-06-08,2026-06-13,Autres,Approuvé,Formation externe
59da58dd-7ae2-4ec0-b400-a1f1e1cc6937,emp-75,2023-01-09,2023-01-14,Autres,Rejeté,Événement familial
4686f8db-3639-47a4-bac0-4f75875737af,emp-75,2023-04-30,2023-05-05,Congés Payés,Approuvé,Vacances
47c31ca8-b920-4f8b-bbe5-74eae5d77997,emp-75,2023-09-01,2023-09-15,Autres,Approuvé,Formation externe
81c78274-15a7-4aa5-ab7d-478c10f98caa,emp-75,2023-04-10,2023-04-17,Autres,Approuvé,Événement familial
73280573-8755-49ac-bcb4-82681816d573,emp-75,2024-06-03,2024-06-10,Raisons personnelles,Rejeté,Raisons personnelles
c9600003-48e2-443f-a1a3-d9b1fa663650,emp-75,2024-02-29,2024-03-03,Congés Payés,Approuvé,Vacances familiales
502aa239-7a8e-4416-b469-ce4d1d92e89e,emp-75,2025-02-24,2025-02-27,Maladie,Approuvé,Grippe
8aca2d50-6b4d-40bc-9ad3-9c730be244c9,emp-75,2025-04-23,2025-04-30,Maladie,Rejeté,Repos médical
06c2bd20-8202-41f9-97bc-1ead69364d97,emp-75,2026-06-12,2026-06-19,Congés Payés,En attente,Vacances familiales
1a927d6d-dbc8-46dd-b54f-b76cd2272b52,emp-75,2026-01-17,2026-01-22,Congés Payés,Approuvé,Voyage
80b6e9f6-7cd8-4535-a4b6-4da1f778ff6a,emp-75,2026-05-24,2026-06-07,Congés Payés,Approuvé,Repos
2fc5fdbb-4331-4b93-b9f5-bc1579d5de71,emp-75,2026-01-23,2026-01-24,Congés Payés,Approuvé,Vacances familiales
9d86dbcb-2d93-4ba1-b50c-3a8654fbe057,emp-75,2026-05-27,2026-05-30,Autres,Rejeté,Déménagement
cb14ed21-5b1d-4845-b114-b1d9b67b61fd,emp-75,2026-06-01,2026-06-06,Autres,Rejeté,Formation externe
172fde9b-4091-4883-b9b3-4d48bb442650,emp-76,2022-12-02,2022-12-07,Maladie,Approuvé,Repos médical
b34b0394-a1dd-4c84-ac95-7067840aac27,emp-76,2022-08-19,2022-08-20,Raisons personnelles,Approuvé,Raisons personnelles
319dd3d5-d285-4bfc-9760-2a2e684d234c,emp-76,2022-05-25,2022-05-30,Congés Payés,Approuvé,Vacances
7d58f01f-d7e0-4f22-8a2b-95b8d3801ea3,emp-76,2023-09-15,2023-09-29,Congés Payés,Rejeté,Voyage
da1a0134-d2da-4c9d-833a-f5a31c28c042,emp-76,2023-09-11,2023-09-13,Raisons personnelles,Approuvé,Raisons personnelles
c4f82218-5bf8-4ae7-bd9a-b5801070aec4,emp-76,2023-04-18,2023-04-25,Raisons personnelles,Approuvé,Raisons personnelles
96a96299-60c1-4eb5-82c8-7eb61ee64941,emp-76,2023-07-20,2023-07-22,Autres,Approuvé,Formation externe
74420472-2179-46d3-a324-0244d2fc9805,emp-76,2024-06-21,2024-06-24,Congés Payés,Approuvé,Voyage
9e54ee0b-a2e0-440e-96bf-175b530ca7bc,emp-76,2024-09-27,2024-10-04,Congés Payés,Rejeté,Voyage
3f05d1c1-4521-458a-aabf-dcbcde98dd15,emp-76,2024-06-14,2024-06-21,Maladie,Approuvé,Grippe
35866da9-bbb1-45d7-8c11-38b892dd306f,emp-76,2024-03-24,2024-03-29,Congés Payés,Approuvé,Vacances familiales
b1b194d0-dee6-46ac-a969-e7950ef69c06,emp-76,2024-04-10,2024-04-17,Congés Payés,Approuvé,Vacances
d3de6584-b6f0-43c1-b2a4-da30ec3f210b,emp-76,2025-08-07,2025-08-12,Congés Payés,Approuvé,Repos
0b00a6ef-cf9a-4c64-aef5-5b75b0008c07,emp-76,2025-01-27,2025-01-28,Congés Payés,Approuvé,Voyage
6e0c5cd2-0cc1-4da4-9461-34866b33352a,emp-76,2025-07-26,2025-07-28,Congés Payés,Approuvé,Repos
b2c5dbf5-8602-4221-9f5b-65d32a8b5715,emp-76,2025-03-30,2025-04-04,Congés Payés,Approuvé,Vacances
7587e055-38d5-493c-af86-186d1f8388fd,emp-76,2025-07-15,2025-07-17,Maladie,Approuvé,Consultation médicale
379db36e-8212-4c70-8fb6-c1b0f06f21c8,emp-76,2026-05-06,2026-05-11,Raisons personnelles,Approuvé,Raisons personnelles
4366c817-fe06-48fe-8955-3662b698228f,emp-76,2026-01-25,2026-02-01,Congés Payés,Approuvé,Voyage
1b04254c-bf84-4e40-a807-0f62cad443a9,emp-77,2023-05-29,2023-05-31,Maladie,Approuvé,Grippe
685c6a52-bb03-402b-b151-1d66f2bb4fba,emp-77,2023-04-19,2023-04-22,Autres,Approuvé,Formation externe
23d964cd-415a-47d1-be25-86e5b769467e,emp-77,2023-06-11,2023-06-18,Congés Payés,Approuvé,Vacances
f6d7be82-4e97-448d-80ae-7182b7df3320,emp-77,2024-04-02,2024-04-03,Congés Payés,Approuvé,Vacances
bb1ac450-f0a7-4e32-a5b1-f4e0342f8064,emp-77,2024-04-15,2024-04-20,Congés Payés,Approuvé,Vacances
5be79659-d425-4154-9924-4febc6e49b82,emp-77,2024-09-16,2024-09-18,Raisons personnelles,Approuvé,Raisons personnelles
12e2e168-2157-4371-938d-02673cd3af2b,emp-77,2024-01-24,2024-02-03,Congés Payés,Approuvé,Voyage
2128909f-4066-4b38-aa28-099dfdd19b7f,emp-77,2024-09-08,2024-09-13,Congés Payés,Rejeté,Repos
1e822ef7-78c7-4e39-a642-9f15d3f6fb40,emp-77,2024-09-18,2024-09-20,Congés Payés,Approuvé,Vacances familiales
0f85b5d1-6a2b-45a9-9a47-ab2b15b54716,emp-77,2024-03-13,2024-03-15,Autres,Rejeté,Événement familial
2ae2ff95-254b-4a6c-b631-a37e11c47db9,emp-77,2025-03-07,2025-03-14,Congés Payés,Approuvé,Repos
fa92599c-a011-4c53-801a-9ae3f0b5574a,emp-77,2025-03-25,2025-03-28,Congés Payés,Approuvé,Voyage
9ad7ebfe-2d88-4c53-ba11-e00fb7bd2a16,emp-77,2025-10-02,2025-10-04,Maladie,Approuvé,Repos médical
5a6d49cf-f8d7-413c-8220-c2241caed856,emp-77,2025-10-16,2025-10-21,Autres,Approuvé,Événement familial
846dd6e6-2688-4aa5-8c1c-8a32fd24fe63,emp-77,2026-04-08,2026-04-09,Maladie,Approuvé,Repos médical
5ec33110-ea1b-4d29-b3d5-42abf9ea2f9a,emp-77,2026-05-21,2026-05-24,Congés Payés,Approuvé,Repos
b3ace632-ab70-429c-9519-c91636d1100b,emp-77,2026-02-27,2026-03-01,Congés Payés,Rejeté,Vacances familiales
4f34a754-ccfc-41ca-9935-83acb6bdf064,emp-77,2026-02-01,2026-02-03,Maladie,Approuvé,Consultation médicale
3498ae46-218a-49e9-af5e-1d2a5c29c880,emp-77,2026-03-31,2026-04-07,Autres,Approuvé,Déménagement
532f1376-bb61-45a9-ac8c-459f4a814547,emp-78,2025-12-20,2025-12-23,Congés Payés,Approuvé,Voyage
7ef35e07-bf15-46fa-b62f-da511cc87361,emp-78,2025-10-01,2025-10-03,Maladie,Approuvé,Consultation médicale
2428c394-314d-4347-9699-2f1b4854b536,emp-78,2025-11-26,2025-12-03,Congés Payés,Approuvé,Repos
31a8bd1b-da93-4f47-8b29-23f3fd2ec895,emp-78,2025-12-10,2025-12-15,Maladie,Approuvé,Grippe
39911a84-6179-428d-a799-70edf60deb77,emp-78,2026-03-12,2026-03-26,Congés Payés,Approuvé,Vacances familiales
51845511-57a7-4663-9ee7-631b0e25b20c,emp-78,2026-01-23,2026-02-02,Congés Payés,Approuvé,Vacances
e23324ea-4f2e-45e5-b339-890deddb0c2b,emp-78,2026-01-20,2026-01-27,Raisons personnelles,Approuvé,Raisons personnelles
e260ddd1-c03c-4879-bfb0-f548540de3e9,emp-78,2026-03-15,2026-03-20,Congés Payés,Approuvé,Voyage
558d1b55-6c6c-401f-b3b4-8fc9cd0e19ce,emp-79,2025-09-12,2025-09-15,Congés Payés,Rejeté,Vacances
8ccf6c13-189c-4636-bd15-e96753ae5c00,emp-79,2025-09-26,2025-10-06,Maladie,Approuvé,Consultation médicale
12c04824-e1a4-43f0-9b11-ea63bbdf88bd,emp-79,2025-12-22,2025-12-27,Congés Payés,Approuvé,Vacances familiales
3724eab6-79ac-479e-95fa-db279d93bc4f,emp-79,2025-10-05,2025-10-07,Congés Payés,Approuvé,Repos
dee8a83a-a988-4b02-8c74-838bbe9a1e8c,emp-79,2025-12-13,2025-12-16,Congés Payés,Approuvé,Vacances familiales
747bacf6-8de7-4bae-9e13-0b5db0e650c1,emp-79,2025-10-22,2025-10-24,Congés Payés,Approuvé,Voyage
91e045d9-f3c0-468e-a2a2-b02ee2519386,emp-79,2025-12-18,2025-12-25,Congés Payés,Approuvé,Voyage
1b1a5b31-b0d7-4df8-8149-38786b90a3fd,emp-79,2026-06-07,2026-06-10,Congés Payés,Approuvé,Repos
554be599-1ccf-4774-aa26-aefacad32220,emp-79,2026-04-13,2026-04-16,Congés Payés,Approuvé,Vacances
489969cf-c718-4b9c-a83b-6f2e8cb4d871,emp-80,2024-09-17,2024-09-18,Congés Payés,Approuvé,Repos
a55ecc85-e743-4070-bb7f-2ce587796ba9,emp-80,2024-09-09,2024-09-12,Congés Payés,Approuvé,Repos
629aa9c1-2129-4640-af9e-7ce9f8495aa7,emp-80,2024-10-01,2024-10-03,Congés Payés,Approuvé,Repos
2efc50ba-40dd-4092-8968-7b1b3dc0e8c9,emp-80,2025-04-08,2025-04-10,Congés Payés,Approuvé,Repos
039e3c5d-6ef7-4e41-ac3a-185f92c86d5c,emp-80,2025-12-08,2025-12-10,Congés Payés,Approuvé,Repos
291443ed-5e97-498a-94ad-9ce352e68fef,emp-80,2026-05-21,2026-05-24,Maladie,Approuvé,Repos médical
efa6833d-9568-42c8-9e33-555642741924,emp-80,2026-04-10,2026-04-11,Raisons personnelles,Approuvé,Raisons personnelles
41081487-cd70-49ef-b201-b721317b071e,emp-80,2026-05-09,2026-05-10,Maladie,Approuvé,Grippe
7245fd87-204c-4779-a805-546dcef24376,emp-80,2026-01-03,2026-01-06,Congés Payés,Approuvé,Voyage
c2a666e6-fbaf-457a-a5d5-d459758328d9,emp-80,2026-02-09,2026-02-16,Congés Payés,Approuvé,Vacances
6d175679-6263-432e-bcae-de110b5cae60,emp-81,2022-09-24,2022-09-26,Maladie,Approuvé,Consultation médicale
b09d2ded-fdea-4acb-a52f-bc011e0edb04,emp-81,2023-04-28,2023-04-29,Congés Payés,Approuvé,Vacances familiales
02e0f1b5-8006-4fdd-a29a-da1f57e94e4a,emp-81,2025-02-16,2025-02-26,Congés Payés,Approuvé,Vacances familiales
84108927-cec3-46ee-8cf2-38107c252ee4,emp-81,2026-05-03,2026-05-04,Congés Payés,Approuvé,Vacances
80ce470f-2e94-43a9-95d7-1f5e5e60f94a,emp-81,2026-03-13,2026-03-23,Maladie,Approuvé,Consultation médicale
4cbfbd33-40dd-423e-8b87-50d336c426c7,emp-81,2026-01-01,2026-01-02,Maladie,Approuvé,Grippe
3ab06736-09f4-4a9c-be3c-50c78c9930ce,emp-82,2021-12-16,2021-12-18,Raisons personnelles,Approuvé,Raisons personnelles
689e12c5-4a13-4af9-bc62-55531f8fcc6d,emp-82,2021-11-19,2021-11-24,Maternité/Paternité,Approuvé,Congé parental
6138a6f3-0844-4200-9a25-471ca8dbbe6f,emp-82,2022-10-29,2022-11-03,Congés Payés,Approuvé,Vacances familiales
2f1e4842-d774-4799-9eeb-29366c12962a,emp-82,2022-02-14,2022-02-24,Congés Payés,Approuvé,Vacances
7bdf610c-7689-4e02-bcac-b5e9d56e6e6b,emp-82,2022-12-02,2022-12-09,Congés Payés,Approuvé,Vacances
d4777cf4-6a61-41dc-bad5-8d3f8befc91a,emp-82,2022-11-13,2022-11-15,Maladie,Rejeté,Repos médical
a0140336-603a-4eee-9cc6-4c749303bfbd,emp-82,2022-03-20,2022-03-21,Congés Payés,Approuvé,Repos
dfd8a052-c60e-4766-bddd-76470634893b,emp-82,2022-07-07,2022-07-10,Maladie,Approuvé,Grippe
4218271d-c182-4068-9435-38caf4f74c36,emp-82,2022-09-26,2022-10-06,Congés Payés,Approuvé,Repos
cb9f3fb7-5916-4a18-a438-47ca71cc88b5,emp-82,2023-01-24,2023-02-07,Congés Payés,Rejeté,Vacances familiales
783b6b54-6115-4dd1-bf6c-a3d86a49c41c,emp-82,2023-09-11,2023-09-16,Autres,Rejeté,Formation externe
26d7eca7-f2bb-433e-88e7-63b782ba90a0,emp-82,2023-07-16,2023-07-21,Congés Payés,Approuvé,Vacances familiales
87626fc4-be4b-4d2b-8627-e18870ca61c1,emp-82,2023-03-23,2023-03-28,Maladie,Approuvé,Repos médical
09f7ae25-ccab-4808-9493-cc6cc105a515,emp-82,2024-09-25,2024-09-27,Autres,Approuvé,Déménagement
ca2e5a5f-5b61-4ea7-92e8-be541efa9822,emp-82,2024-03-28,2024-03-30,Congés Payés,Approuvé,Vacances familiales
b71dda6c-3b9b-4b7b-a8e7-358f525d2bcb,emp-82,2024-05-18,2024-05-28,Congés Payés,Rejeté,Vacances familiales
644b3c16-ce1f-4222-abe0-bd9e0930c002,emp-82,2024-01-01,2024-01-06,Maladie,Rejeté,Consultation médicale
f8d4132a-ee30-485b-8e69-269a99be0d85,emp-82,2024-10-08,2024-10-10,Congés Payés,Approuvé,Repos
3409933c-0f69-4d41-9ffe-40e18ec3a2ef,emp-82,2024-11-16,2024-11-23,Autres,Approuvé,Événement familial
f9e2ca04-f6cf-4f48-8ec6-a8b5f9769e0e,emp-82,2024-01-09,2024-01-14,Raisons personnelles,Approuvé,Raisons personnelles
c8106cf0-4502-41c1-98f8-86db9c4cecba,emp-82,2025-07-15,2025-07-25,Congés Payés,Approuvé,Vacances familiales
4b72f007-b732-4e4f-acc7-f394a4c6c570,emp-82,2025-06-16,2025-06-18,Maladie,Approuvé,Consultation médicale
c351eade-b128-485b-b44d-1b39949039b9,emp-82,2025-04-29,2025-05-06,Congés Payés,Approuvé,Voyage
e493fd25-21b2-4233-9f0b-c318a46ae3de,emp-82,2025-04-03,2025-04-06,Autres,Approuvé,Déménagement
c1db2743-79cd-4d18-8a35-bfdcdf7a432a,emp-82,2025-11-28,2025-11-30,Congés Payés,Approuvé,Voyage
88b3bf3e-b44f-4f74-b14f-b320e60e4c3b,emp-82,2025-04-07,2025-04-08,Congés Payés,Approuvé,Voyage
4e25e9c8-aec6-42dc-9d70-3daf56d92f30,emp-82,2025-09-27,2025-09-28,Maternité/Paternité,Approuvé,Congé parental
79a1bf66-dd02-4417-8a98-8876041b4b41,emp-82,2026-01-29,2026-02-05,Maternité/Paternité,Approuvé,Congé parental
bad167b3-7392-40e4-8cbc-ab44c874923f,emp-82,2026-01-22,2026-01-24,Raisons personnelles,Approuvé,Raisons personnelles
95be2d81-8c3b-4156-9ef7-0dd7e04bbfe2,emp-83,2023-09-22,2023-10-02,Congés Payés,Approuvé,Voyage
eba4a851-d3f8-4ed6-8979-85a49d18a8ec,emp-83,2023-09-18,2023-09-21,Congés Payés,Approuvé,Repos
53e72ba3-ad04-4085-9690-e0e82923b062,emp-83,2023-06-04,2023-06-05,Congés Payés,Approuvé,Vacances
c9ef4b63-b4da-47ea-97b8-8e557a4e3491,emp-83,2023-06-13,2023-06-14,Congés Payés,Approuvé,Voyage
d5ea50ab-2c43-4e16-b8bc-6d099bd5613c,emp-83,2023-08-26,2023-08-28,Autres,Approuvé,Déménagement
6b1c80f7-dc94-4603-a5d2-293bff62284c,emp-83,2023-05-28,2023-05-30,Raisons personnelles,Approuvé,Raisons personnelles
47e60d78-67c1-42c5-a679-e69b1a9cee72,emp-83,2023-06-01,2023-06-04,Raisons personnelles,Approuvé,Raisons personnelles
cb44fa5b-c0b2-46e8-83b3-4e062dd3084b,emp-83,2024-08-07,2024-08-12,Maladie,Approuvé,Repos médical
3f27b72a-0a4f-415b-ad12-5f3e1a3e7c40,emp-83,2024-06-03,2024-06-08,Congés Payés,Approuvé,Repos
227ad3f4-bf2f-4cfe-8d6a-aa463cede131,emp-83,2024-07-07,2024-07-17,Autres,Approuvé,Déménagement
bb529625-eee5-4d95-bb84-1a6de857a16f,emp-83,2025-03-17,2025-03-19,Congés Payés,Approuvé,Voyage
bc810d98-d24f-43a3-bfd9-79d180ad951c,emp-83,2025-10-23,2025-10-26,Maladie,Approuvé,Consultation médicale
514d0716-29b5-41f2-b524-7f9dafbce604,emp-83,2025-07-17,2025-07-20,Congés Payés,Approuvé,Voyage
e3c512b5-9e19-435c-8f21-43d282a35b07,emp-83,2025-06-20,2025-06-21,Raisons personnelles,Rejeté,Raisons personnelles
f25e9814-aaa9-4c48-91fd-d452b8e1428b,emp-83,2025-09-12,2025-09-17,Congés Payés,Approuvé,Vacances familiales
46541e91-f3a7-4cf3-b74d-c1f91636718a,emp-83,2025-10-25,2025-11-01,Congés Payés,Approuvé,Vacances familiales
6bd33de4-6993-4a95-83ab-eddca9e24b3b,emp-83,2025-05-01,2025-05-04,Congés Payés,Approuvé,Repos
3c90a05c-234b-47b9-8d7b-3fa63ddc8bd3,emp-83,2026-01-29,2026-01-30,Congés Payés,Approuvé,Vacances familiales
c2acfee6-3721-4e1c-addd-0e5715b69639,emp-83,2026-02-06,2026-02-13,Maladie,Rejeté,Consultation médicale
b7cb64f5-99f4-4d5f-8650-43b7624c8ea4,emp-83,2026-02-27,2026-02-28,Congés Payés,Rejeté,Vacances familiales
ed60cdaa-155d-4fa8-a291-4dae500cf10b,emp-84,2026-05-23,2026-05-26,Maladie,Approuvé,Grippe
bc11cf2e-ab7a-465f-8d5a-4b982c897994,emp-84,2026-03-16,2026-03-17,Congés Payés,Approuvé,Vacances
5f951d8e-c471-435a-8e8d-46d09653080a,emp-85,2025-11-05,2025-11-12,Congés Payés,Approuvé,Repos
f69937e1-cc4c-4bca-814d-f2ad1bf9f8e6,emp-85,2025-11-29,2025-12-02,Maladie,Approuvé,Consultation médicale
266075b9-1025-44b7-8891-0360d97d7a14,emp-85,2025-10-21,2025-10-26,Congés Payés,Approuvé,Voyage
fcff45ca-de7a-46c3-8bc2-3f6143814e58,emp-85,2026-05-22,2026-05-29,Congés Payés,Approuvé,Repos
7dec222d-5789-4ce3-b6b9-f9a2a70d5210,emp-85,2026-04-19,2026-04-29,Congés Payés,Approuvé,Voyage
a8f60c68-45a2-4e63-916d-dbc4847c48cb,emp-85,2026-02-24,2026-02-27,Congés Payés,Approuvé,Vacances
f23fc238-30ec-402e-a07c-b27f90b65927,emp-86,2022-09-16,2022-09-21,Congés Payés,Approuvé,Vacances
1f864299-6714-4a20-8576-cd9c37129275,emp-86,2022-11-12,2022-11-14,Congés Payés,Approuvé,Repos
e736fa69-c490-41ee-a22d-6d306eccbd18,emp-86,2022-08-31,2022-09-02,Congés Payés,Approuvé,Vacances
f60bf3ef-51eb-494b-befe-c51db7f0f446,emp-86,2022-07-21,2022-07-26,Congés Payés,Approuvé,Vacances
d0729c23-69e5-4685-84c0-b73fcdbd2686,emp-86,2022-05-02,2022-05-03,Congés Payés,Approuvé,Repos
176ce5a4-164b-4a31-b3d7-f4d6c7ae50df,emp-86,2023-04-10,2023-04-12,Congés Payés,Approuvé,Vacances familiales
a8d55389-379d-47cb-ad3d-d8539198e296,emp-86,2023-02-19,2023-02-21,Autres,Approuvé,Formation externe
26d93fd9-eb90-4025-88da-7ab488033144,emp-86,2023-07-15,2023-07-18,Autres,Approuvé,Formation externe
0eab65aa-e74d-4aa4-bf81-65bbdb8fb4ee,emp-86,2023-08-26,2023-08-27,Maladie,Rejeté,Consultation médicale
4cdffe2f-bbdd-4b4a-899d-d797d5b3a4c8,emp-86,2023-12-01,2023-12-02,Maladie,Rejeté,Grippe
48072bf7-6eea-4288-9992-fb2b3629ad1a,emp-86,2023-06-23,2023-06-25,Maladie,Rejeté,Repos médical
5deef24f-eca0-4626-832e-4f9b4b416d9e,emp-86,2024-05-02,2024-05-04,Maladie,Approuvé,Repos médical
327e2ec9-df74-4d43-9b11-2fc54fda5496,emp-86,2024-09-11,2024-09-12,Congés Payés,Approuvé,Repos
d23957d1-1fd7-4af9-b355-db1df6d35ea9,emp-86,2024-09-12,2024-09-13,Congés Payés,Rejeté,Vacances familiales
b55d22e3-fc18-41b1-8b1c-d8e994943c4f,emp-86,2024-10-22,2024-10-25,Congés Payés,Approuvé,Voyage
dcecf7ce-104c-4330-822c-2dc7da07d23b,emp-86,2024-05-11,2024-05-18,Congés Payés,Rejeté,Vacances
b31a3daa-da3b-4c04-8b8a-bb9cef6227f0,emp-86,2025-07-06,2025-07-16,Congés Payés,Approuvé,Vacances familiales
d9876257-dcd8-4107-a8ec-7bf17d2be3e3,emp-86,2025-09-20,2025-09-27,Raisons personnelles,Approuvé,Raisons personnelles
9fb2017d-e097-4302-8cea-3044bca2a266,emp-86,2026-01-11,2026-01-16,Maladie,Approuvé,Repos médical
c8fb7958-14d9-4046-aa62-dc6cb852b4a9,emp-86,2026-01-03,2026-01-05,Congés Payés,Approuvé,Voyage
45fc9da9-772d-42c6-a848-e086fa82cc90,emp-86,2026-04-10,2026-04-20,Maladie,Approuvé,Repos médical
ca76b79b-9222-44d2-9d58-cdec6b9e9fd2,emp-86,2026-04-30,2026-05-01,Congés Payés,Approuvé,Voyage
b0f97ed2-e7a3-4983-9735-26f82afa5f1d,emp-87,2025-10-30,2025-10-31,Congés Payés,Approuvé,Vacances familiales
34cc176b-c072-452a-b1d0-b6dd07f08ec4,emp-87,2025-11-17,2025-11-18,Congés Payés,Approuvé,Voyage
28477a5c-c022-4f9a-92f2-27e78784e504,emp-87,2025-10-15,2025-10-17,Congés Payés,Approuvé,Voyage
651a0013-7c14-4ae8-8682-c1757962d978,emp-87,2025-12-28,2025-12-31,Congés Payés,Approuvé,Vacances
bcc73eea-f30f-460f-b5b3-b7effea4b9f8,emp-87,2025-10-22,2025-10-24,Congés Payés,Approuvé,Repos
1881479b-69ca-4f9e-8d7f-44eb45857ea4,emp-87,2026-04-26,2026-05-06,Congés Payés,Approuvé,Repos
a70a70a6-58ed-4261-a196-ca39c18cbf9c,emp-87,2026-01-24,2026-02-03,Congés Payés,Rejeté,Repos
c1a05a81-c8a3-4cbd-80cb-e63ff465f2a9,emp-87,2026-03-31,2026-04-10,Congés Payés,Approuvé,Vacances familiales
7a78135a-d06c-4a0e-bbec-9e0cd0c17a63,emp-87,2026-04-01,2026-04-11,Maladie,Approuvé,Consultation médicale
04746d54-cbf9-446f-b6f4-1be1fdab832d,emp-88,2021-10-13,2021-10-18,Autres,Approuvé,Déménagement
d6a144ea-b00d-443e-9872-fa2d624f58ad,emp-88,2022-03-17,2022-03-20,Congés Payés,Approuvé,Voyage
9c5e851f-1a5d-4ecd-a2e3-1d02b0b9d981,emp-88,2022-01-02,2022-01-16,Raisons personnelles,Approuvé,Raisons personnelles
8f08d77e-8457-466a-9225-1686cb93f09d,emp-88,2022-02-19,2022-02-20,Maladie,Approuvé,Repos médical
91c3f4c9-e9ab-4d5c-8a09-8f4a3036880d,emp-88,2023-06-28,2023-06-30,Congés Payés,Approuvé,Vacances
4a4970c1-c241-43e9-b13a-8c02be27ab47,emp-88,2025-06-07,2025-06-12,Autres,Approuvé,Événement familial
6a0eab26-4579-47f8-b32a-0b01e8d916ad,emp-88,2025-06-30,2025-07-03,Congés Payés,Approuvé,Repos
2ee76a65-991a-4d3e-bc42-af840f2279bb,emp-88,2026-04-20,2026-04-23,Maladie,Approuvé,Grippe
40ac7c43-7e28-4a71-a168-e784156601df,emp-88,2026-04-22,2026-04-27,Maladie,Rejeté,Consultation médicale
68144b6a-d45b-4345-9bad-0478bdc546a8,emp-88,2026-01-23,2026-01-28,Maladie,Approuvé,Repos médical
828bf25f-debf-44ff-ac69-e125b4105cb5,emp-89,2024-10-07,2024-10-12,Congés Payés,Approuvé,Repos
72ff38c6-593a-4c48-96ea-4aa6cb83ceca,emp-89,2024-10-23,2024-10-30,Maladie,Approuvé,Consultation médicale
393fdb23-0761-45f9-8f3c-b2b4822583d4,emp-89,2024-11-23,2024-11-26,Autres,Approuvé,Événement familial
22a0560d-f740-4b43-93c5-1e7e9e532004,emp-89,2024-10-23,2024-10-28,Congés Payés,Approuvé,Repos
0fec203d-b309-4285-8e3e-47681db66d9b,emp-89,2024-10-25,2024-10-26,Raisons personnelles,Approuvé,Raisons personnelles
5d98bc8a-a4b7-4d1f-bd86-95ca23a011e7,emp-89,2024-11-30,2024-12-07,Maladie,Approuvé,Consultation médicale
57d6e5c8-e779-4335-abd2-58258900d881,emp-89,2025-04-09,2025-04-14,Congés Payés,Approuvé,Voyage
937a060a-b9fe-41cf-aaaf-3a63da5a6f9c,emp-89,2025-07-19,2025-08-02,Congés Payés,Approuvé,Vacances familiales
147fd7ea-bcb7-48e5-9ea8-2b7b99237d42,emp-89,2025-02-20,2025-02-27,Congés Payés,Approuvé,Voyage
f52f4e8b-4cce-495a-a7be-99d2230bde0c,emp-89,2025-10-11,2025-10-13,Congés Payés,Approuvé,Vacances
418bb131-e8da-48ea-9865-8d19a95abbad,emp-89,2025-11-18,2025-11-25,Congés Payés,Approuvé,Vacances
9f383707-46f4-483b-b008-87cd1fef93ac,emp-89,2026-02-03,2026-02-17,Maladie,Approuvé,Consultation médicale
4611fee9-9b26-4400-8a33-e13a122e9a39,emp-89,2026-02-26,2026-02-28,Congés Payés,Approuvé,Voyage
85f45393-2ab5-4718-9faf-509cc5f2ed48,emp-90,2026-01-22,2026-02-01,Maladie,Approuvé,Consultation médicale
b2b22148-ecc4-413b-a591-a6ba61caf44b,emp-90,2026-06-02,2026-06-03,Congés Payés,Approuvé,Vacances familiales
54a0915c-7540-437d-b70a-15aab2bc3888,emp-91,2021-12-05,2021-12-15,Congés Payés,Approuvé,Vacances
097c9e63-57b5-4597-92e8-83a9041006e5,emp-91,2021-12-21,2022-01-04,Congés Payés,Approuvé,Voyage
e9c652f8-4e07-4bb0-9482-8c635d32d671,emp-91,2021-12-16,2021-12-23,Congés Payés,Approuvé,Vacances familiales
f00cff73-67d7-4d91-8fa4-c800a1e9f1ba,emp-91,2021-10-24,2021-10-25,Congés Payés,Approuvé,Vacances
e53b3ad6-daeb-490c-8593-41c4702738b7,emp-91,2021-11-21,2021-12-01,Congés Payés,Approuvé,Vacances
6aa68523-3f27-495c-8075-84e8e96136c8,emp-91,2022-04-21,2022-05-01,Congés Payés,Approuvé,Repos
db721cf5-4dda-4688-bca9-f543ba6f8ad4,emp-91,2022-02-12,2022-02-19,Raisons personnelles,Approuvé,Raisons personnelles
67b099ba-3623-4b9f-98f6-da407d4c247b,emp-91,2022-06-28,2022-07-05,Maladie,Approuvé,Grippe
a9ea7dbe-7cb1-4e43-9151-43791efe2c13,emp-91,2023-04-09,2023-04-11,Congés Payés,Approuvé,Repos
36e29381-2e4f-4013-99f5-d4334442713c,emp-91,2023-10-26,2023-11-02,Maladie,Approuvé,Repos médical
6e5212c6-a153-4a67-8672-81afc54bfc05,emp-91,2023-08-10,2023-08-20,Congés Payés,Approuvé,Repos
78c569d1-76bd-4b19-91a8-2ccaada7ba71,emp-91,2023-11-07,2023-11-10,Congés Payés,Approuvé,Vacances
5583d1f1-665c-4122-bcd7-d406f1c605b4,emp-91,2023-01-18,2023-02-01,Congés Payés,Approuvé,Repos
276d9ea8-89d7-43e3-bfbb-b4c11934f78d,emp-91,2024-04-02,2024-04-09,Congés Payés,Approuvé,Vacances familiales
e16e1969-25ae-4881-9737-0aa4141e59e0,emp-91,2024-12-02,2024-12-05,Congés Payés,Approuvé,Vacances
17106a04-5598-440b-91b0-41d70311cb86,emp-91,2025-06-18,2025-06-20,Maladie,Approuvé,Repos médical
a9abbcec-0597-475b-b243-d19eb0d7f0a0,emp-91,2025-07-17,2025-07-19,Congés Payés,Approuvé,Repos
d1199c1f-4230-4fd6-b6cf-e478553dfece,emp-91,2026-01-20,2026-01-25,Maladie,Approuvé,Grippe
e4ab6c01-2309-46c8-aeef-706d17bea63a,emp-91,2026-02-20,2026-02-22,Autres,Approuvé,Déménagement
2aace552-8903-460b-b721-c5011578db58,emp-91,2026-02-01,2026-02-04,Maladie,Approuvé,Repos médical
f9d3d5ba-98b0-4b7a-930b-0be6c3e6148d,emp-91,2026-03-14,2026-03-15,Maternité/Paternité,Approuvé,Congé parental
50f46012-3445-4abd-a7fd-49a8bb309a73,emp-91,2026-02-03,2026-02-10,Congés Payés,Approuvé,Vacances
c4ae2b25-b7c1-4316-9168-14645f375326,emp-91,2026-01-05,2026-01-06,Congés Payés,Approuvé,Repos
8ca3970c-68bf-4560-bc6b-71ba816e091c,emp-91,2026-03-30,2026-04-02,Maladie,Approuvé,Grippe
c6c44761-fae7-4aa6-b0ad-cfe05bf179de,emp-92,2023-10-06,2023-10-09,Maladie,Approuvé,Repos médical
f19e9ec9-13b9-468f-804d-636bfd5a64a7,emp-92,2023-06-19,2023-06-21,Autres,Approuvé,Formation externe
9dccb671-3b00-42de-9100-0d3b001ff0ee,emp-92,2023-10-01,2023-10-03,Congés Payés,Approuvé,Repos
0fc5835f-fed0-4950-888e-fafc164600d0,emp-92,2023-12-05,2023-12-15,Congés Payés,Approuvé,Vacances
2a70206e-3dd7-42f7-93e2-1a30858dfb4c,emp-92,2023-07-01,2023-07-03,Maladie,Approuvé,Grippe
b379d250-f0ba-4156-9f8b-92d58cb9e3e4,emp-92,2023-07-25,2023-08-04,Maladie,Approuvé,Consultation médicale
a185b856-bdb2-4d58-b1ea-785273338658,emp-92,2023-09-25,2023-09-30,Maladie,Approuvé,Repos médical
f8f4c124-f6be-4795-ae55-e41e2df04531,emp-92,2024-09-07,2024-09-21,Congés Payés,Approuvé,Vacances familiales
962bc0f2-03e7-4d22-80cc-65cf788a5041,emp-92,2024-05-31,2024-06-07,Congés Payés,Approuvé,Vacances familiales
0cf656ee-1e4c-4b98-b055-4ff7675a8ab5,emp-92,2024-04-15,2024-04-20,Congés Payés,Approuvé,Vacances familiales
9b737b0a-25b6-4ec6-bbd0-79e2c9756972,emp-92,2024-04-20,2024-04-23,Congés Payés,Approuvé,Repos
29813f5b-5ce7-4153-b402-3183f34ee926,emp-92,2024-09-27,2024-10-02,Congés Payés,Rejeté,Voyage
dfb4f5e1-11df-4aeb-ab30-1476fb4c1463,emp-92,2024-09-15,2024-09-16,Congés Payés,Approuvé,Voyage
a3e238a9-dcc1-401d-ab5e-7193b84fe573,emp-92,2024-09-19,2024-09-21,Congés Payés,Approuvé,Voyage
af564491-360f-481e-8ed8-7d4d48081ded,emp-92,2025-10-23,2025-10-28,Congés Payés,Approuvé,Vacances
790e965b-dea0-4007-994c-33c4c55e6a75,emp-92,2025-08-24,2025-08-26,Congés Payés,Approuvé,Voyage
381add79-b158-47a7-9f29-c0c26dc4eeef,emp-92,2025-03-02,2025-03-12,Congés Payés,Approuvé,Vacances familiales
4a2a3c3b-bdf1-4913-b7a1-82bf5e88bb38,emp-92,2025-08-09,2025-08-14,Congés Payés,Approuvé,Vacances
bf2bd8b9-c35a-47d5-81b7-bd5280619950,emp-92,2026-04-19,2026-04-21,Congés Payés,Approuvé,Repos
db7b9ca9-4e54-48e5-b6df-69f013a3de45,emp-92,2026-05-07,2026-05-12,Congés Payés,Approuvé,Vacances familiales
91113a72-0d53-4611-8e18-93aaf628ae08,emp-92,2026-01-30,2026-01-31,Congés Payés,Approuvé,Vacances
8d311ded-d282-4e90-9302-525283ebeec2,emp-92,2026-03-12,2026-03-14,Maladie,Approuvé,Grippe
9d270ccd-9a85-4965-8b15-0f98c3333344,emp-92,2026-02-26,2026-03-05,Autres,Approuvé,Déménagement
5cdd2d74-03b2-4353-bb4d-8be15a726016,emp-93,2024-12-23,2024-12-25,Maladie,Approuvé,Consultation médicale
0c3941fb-ce24-4ab8-89bb-99d47abf48f7,emp-93,2024-12-27,2025-01-01,Maladie,Approuvé,Consultation médicale
4a928a70-9012-49db-97a3-7f6579ae6a31,emp-93,2024-12-26,2024-12-27,Congés Payés,Approuvé,Vacances familiales
ee735c6a-2d81-4c46-9209-764e51eb1aee,emp-93,2024-12-13,2024-12-16,Congés Payés,Rejeté,Vacances
273f8ca0-03fb-468c-aed8-84027215d310,emp-93,2025-11-01,2025-11-04,Congés Payés,Approuvé,Vacances familiales
50b9dc9d-82e0-44dc-8c08-6fefb08a4c7a,emp-93,2025-01-24,2025-01-31,Maladie,Rejeté,Repos médical
7c8fd080-8646-4533-b622-9b202d21b5e3,emp-93,2026-02-07,2026-02-14,Congés Payés,Approuvé,Repos
35917e91-4a8e-4b3d-a400-ecb180b22c5b,emp-93,2026-03-31,2026-04-14,Congés Payés,Approuvé,Repos
6c7ed983-1980-4c76-8e2b-913494e8d222,emp-93,2026-04-01,2026-04-03,Congés Payés,Approuvé,Voyage
2f05bea2-d816-4ecc-a7be-8a6a91700f09,emp-94,2024-07-29,2024-08-08,Maladie,Approuvé,Consultation médicale
5967c8e8-cc0e-4492-8df5-db90859e3702,emp-94,2025-07-04,2025-07-06,Congés Payés,Rejeté,Voyage
57d995c5-a845-4d00-9de6-b75172a303f2,emp-94,2025-05-21,2025-05-31,Maladie,Approuvé,Repos médical
2ff5ac49-3fcd-4316-8bba-ea6912252a1c,emp-94,2025-05-16,2025-05-26,Congés Payés,Approuvé,Voyage
2d5f11d3-beb8-40b7-b72d-9499c840e32b,emp-94,2026-01-11,2026-01-16,Maladie,Approuvé,Grippe
a19177a7-e8db-47f2-b74e-4ea190c4698e,emp-95,2024-11-07,2024-11-09,Raisons personnelles,Approuvé,Raisons personnelles
f21ebcd0-4414-408a-938f-e3e61a078b67,emp-95,2024-09-18,2024-09-23,Congés Payés,Approuvé,Vacances familiales
9af1eb4e-e707-4cf0-99d1-5a44f8787ec9,emp-95,2024-10-23,2024-10-24,Congés Payés,Approuvé,Vacances familiales
72a913ce-b649-49df-926d-1f45149ec025,emp-95,2024-09-11,2024-09-12,Congés Payés,Approuvé,Vacances
fea76a97-61c5-4c98-a8d0-e88a4689336a,emp-95,2024-09-15,2024-09-18,Congés Payés,Approuvé,Vacances familiales
761d4112-a886-45d0-b639-e8684ac5ba3c,emp-95,2024-10-19,2024-10-20,Maladie,Approuvé,Grippe
007f96a4-f6e0-4744-b820-53c19eec0cdd,emp-95,2025-08-31,2025-09-10,Congés Payés,Approuvé,Voyage
afa0556b-3248-463d-867b-30594c0b31de,emp-95,2025-02-20,2025-03-02,Raisons personnelles,Approuvé,Raisons personnelles
281d4d5d-fd32-41d6-b20a-0398c265a8a2,emp-95,2026-03-24,2026-03-31,Congés Payés,Approuvé,Repos
0582d09c-3604-43c9-8586-78824d3d5f33,emp-95,2026-05-22,2026-05-24,Congés Payés,Approuvé,Voyage
571f6a29-07d2-40cb-8c32-2767a1ce9396,emp-95,2026-04-07,2026-04-14,Autres,Approuvé,Événement familial
5165af87-67a4-4d75-9cdd-7519986e57aa,emp-95,2026-05-09,2026-05-19,Maladie,Approuvé,Grippe
313d0361-9987-493b-a37b-1b7fa116d9aa,emp-95,2026-04-16,2026-04-19,Raisons personnelles,Approuvé,Raisons personnelles
1617187a-0446-496f-811f-0058b55cb909,emp-95,2026-06-07,2026-06-17,Maternité/Paternité,En attente,Congé parental
6b67ad69-13dc-4cc6-a677-f275c557811d,emp-95,2026-05-20,2026-05-30,Autres,Approuvé,Événement familial
5e9959de-1f29-4f66-8725-ac0d325a2b55,emp-96,2022-08-10,2022-08-13,Maternité/Paternité,Approuvé,Congé parental
2cf530de-7941-4a26-a144-49cd00b7a4d9,emp-96,2022-10-17,2022-10-24,Maladie,Approuvé,Grippe
d9c799aa-5e4e-43f6-9c41-ddc0a898c44e,emp-96,2022-12-10,2022-12-15,Autres,Approuvé,Déménagement
39ea4d44-6d57-47c6-aa98-c452377d9e20,emp-96,2022-12-19,2022-12-20,Maladie,Approuvé,Repos médical
05901f36-201c-461a-bbab-2ba541a8e42c,emp-96,2022-09-17,2022-09-19,Congés Payés,Rejeté,Vacances
21509f45-f219-48bc-ad18-d094174006f3,emp-96,2022-09-29,2022-09-30,Congés Payés,Approuvé,Vacances
1b0af67e-59ff-4977-a30c-74315b3f083e,emp-96,2022-10-11,2022-10-13,Congés Payés,Approuvé,Voyage
ad50b46f-de07-4839-af18-0b33b8172aba,emp-96,2023-06-03,2023-06-06,Raisons personnelles,Approuvé,Raisons personnelles
c4614af0-94c9-4d5c-b45c-23845dd21e53,emp-96,2023-08-13,2023-08-23,Maladie,Approuvé,Consultation médicale
23ed0d99-3cf4-48e0-8dcb-9f87de5acb6c,emp-96,2024-12-02,2024-12-04,Congés Payés,Approuvé,Vacances familiales
84b9f06a-6912-4890-87ad-e59b939d461c,emp-96,2024-05-28,2024-05-30,Congés Payés,Approuvé,Repos
762aa134-3b16-415b-b671-23957a904be5,emp-96,2024-07-19,2024-07-22,Maternité/Paternité,Approuvé,Congé parental
ae1032b2-56ed-455f-befe-704a9a644d61,emp-96,2024-05-25,2024-05-28,Maladie,Approuvé,Consultation médicale
070cce30-498a-4dd0-a4de-a98ef3c00237,emp-96,2024-11-29,2024-12-09,Maladie,Approuvé,Consultation médicale
2051aad5-4fa3-40fb-9ab2-af0a5325746b,emp-96,2024-08-22,2024-08-24,Raisons personnelles,Approuvé,Raisons personnelles
10858628-6c26-48b2-a4e6-2b209185321b,emp-96,2024-09-25,2024-09-28,Congés Payés,Approuvé,Repos
0d2c5d05-bd27-44e3-83c2-327f6f9fd827,emp-96,2025-06-23,2025-06-26,Autres,Approuvé,Déménagement
581d9915-e6cc-4dd7-adfb-aeea87d9f360,emp-96,2025-11-27,2025-11-30,Raisons personnelles,Approuvé,Raisons personnelles
e7deb8cc-46d3-4f85-8df7-193554c4cfb6,emp-96,2025-09-17,2025-09-24,Congés Payés,Approuvé,Repos
3617c638-3380-4432-ab31-ccc5d397eea0,emp-96,2025-06-28,2025-07-03,Autres,Approuvé,Déménagement
bfb96d51-f7c6-41e7-b5eb-8bfcf5f93e9f,emp-96,2025-04-29,2025-04-30,Congés Payés,Rejeté,Voyage
364137f1-3265-41fa-9b94-9ee23ba7092f,emp-96,2025-05-02,2025-05-03,Autres,Approuvé,Déménagement
0582779c-e9c7-465c-8087-a02a417d4f38,emp-96,2026-06-06,2026-06-08,Congés Payés,Approuvé,Voyage
03d28cfb-7b10-4298-a958-42bb8f1ca77a,emp-96,2026-06-11,2026-06-18,Raisons personnelles,Approuvé,Raisons personnelles
e68d3bf8-3fce-4c9b-a797-7a01f24cd920,emp-97,2024-06-13,2024-06-15,Congés Payés,Approuvé,Vacances familiales
e8c50ca6-fdcd-4de8-8193-f6da7ca7e02f,emp-97,2025-09-28,2025-10-05,Congés Payés,Approuvé,Vacances
5c68ac9f-0e2c-4460-8c50-59a09f86223b,emp-97,2025-03-13,2025-03-23,Congés Payés,Approuvé,Vacances
568c4ecc-50fc-4b41-b830-dedbdbed2a5a,emp-97,2025-12-16,2025-12-23,Raisons personnelles,Approuvé,Raisons personnelles
6273e07b-e1db-4388-93b6-f3cecc84bd23,emp-97,2026-05-09,2026-05-12,Maladie,Approuvé,Consultation médicale
ec2ea5f8-4462-4963-93c8-0d64575f7d05,emp-97,2026-04-20,2026-04-25,Autres,Approuvé,Événement familial
0fd3690f-dd39-4596-91f0-e9078e31f129,emp-97,2026-01-26,2026-01-27,Congés Payés,Approuvé,Repos
08cd6310-9eb0-4466-88c9-3356ebe20bec,emp-98,2025-08-21,2025-08-24,Congés Payés,Approuvé,Vacances familiales
23dfed67-97ef-453d-959c-0fc353d47f36,emp-98,2025-08-16,2025-08-26,Raisons personnelles,Approuvé,Raisons personnelles
967241f7-28ce-4a41-9dc3-028d3a9253c2,emp-98,2025-06-10,2025-06-15,Raisons personnelles,Rejeté,Raisons personnelles
b140e4b4-f08f-4e0c-952f-f92fac120315,emp-98,2025-11-16,2025-11-18,Congés Payés,Approuvé,Vacances familiales
b9b90e7f-76ed-4851-8771-4ae7b8773a82,emp-98,2026-03-26,2026-04-05,Maladie,Approuvé,Grippe
7a66cc4a-2f62-41e0-ba10-3f3c071b4d4a,emp-98,2026-05-25,2026-06-04,Maladie,Approuvé,Grippe
e160b351-5070-487f-a2f4-c3897f625736,emp-98,2026-04-17,2026-04-22,Maladie,Approuvé,Consultation médicale
d9c9069d-197f-4e27-8274-05e2e6a813f6,emp-98,2026-01-11,2026-01-12,Congés Payés,Approuvé,Repos
99126acd-b1de-4226-bbe5-3b7148e6caab,emp-98,2026-03-19,2026-03-26,Autres,Approuvé,Déménagement
ed89bf92-6945-4cfa-a98d-f323068b1c67,emp-98,2026-05-17,2026-05-22,Congés Payés,Approuvé,Vacances
418c6b19-f7fd-46c6-80df-9c3a34e17925,emp-98,2026-01-14,2026-01-17,Congés Payés,Approuvé,Voyage
08d7225c-f651-4728-b66d-27ea4d6777c7,emp-99,2023-11-02,2023-11-03,Maladie,Approuvé,Consultation médicale
ee927563-3d33-49ee-9bd3-29734e03e66a,emp-99,2023-11-01,2023-11-11,Congés Payés,Approuvé,Vacances
d5d6d7fb-9258-41c4-a73d-8d8fde105a1a,emp-99,2024-10-01,2024-10-06,Raisons personnelles,Approuvé,Raisons personnelles
9f1d963d-0640-42b8-8855-c284d96d2faa,emp-99,2024-01-30,2024-01-31,Congés Payés,Approuvé,Repos
2391177d-a252-497e-8e46-440972ba5138,emp-99,2024-05-05,2024-05-19,Congés Payés,Approuvé,Vacances
78f41794-4e89-43f1-90a2-ada19c9c7cd4,emp-99,2024-02-09,2024-02-11,Congés Payés,Approuvé,Repos
ba5a2ff9-5674-4e1d-bf53-ea93dbc71a66,emp-99,2024-06-03,2024-06-13,Maternité/Paternité,Approuvé,Congé parental
c6479e47-0c71-4d64-ad7a-0d2779ce8424,emp-99,2024-06-12,2024-06-17,Congés Payés,Approuvé,Voyage
dac5df0d-3fac-4e16-a435-3091c67b0c3a,emp-99,2024-09-05,2024-09-07,Congés Payés,Approuvé,Vacances familiales
b9762048-db90-465f-aff0-d269809ba1ce,emp-99,2025-04-18,2025-04-19,Maladie,Approuvé,Consultation médicale
85d0eeaa-a580-4a41-a656-4e50d9844e56,emp-99,2025-08-14,2025-08-19,Congés Payés,Approuvé,Voyage
80bceffa-6c1a-4b8a-9554-7b03761f0ef7,emp-99,2025-05-23,2025-05-28,Congés Payés,Rejeté,Vacances
968a6357-91d8-475f-8ed6-0d302457e826,emp-99,2025-07-16,2025-07-19,Autres,Approuvé,Déménagement
838e3492-c8cc-4527-8442-cab902d17566,emp-99,2025-07-14,2025-07-16,Congés Payés,Approuvé,Repos
dedc52c6-7e22-4b95-8dfc-176ba1964382,emp-99,2025-06-28,2025-07-08,Raisons personnelles,Approuvé,Raisons personnelles
329b846b-eadb-445c-be11-c6004899e30f,emp-99,2026-01-08,2026-01-10,Autres,Approuvé,Formation externe
7c5b2158-8751-4a0a-a6cf-f41790e9f9a4,emp-99,2026-01-15,2026-01-22,Maladie,Rejeté,Repos médical
9e0c19bb-6671-4b11-80ef-aae7a72d99c7,emp-99,2026-04-19,2026-04-24,Maladie,Approuvé,Grippe
3bba9455-5a08-4061-a605-29e087c50714,emp-100,2023-11-05,2023-11-15,Congés Payés,Approuvé,Repos
e3706424-1010-4413-96bc-cc41ab415ff1,emp-100,2024-06-21,2024-06-26,Congés Payés,Approuvé,Repos
0ed066e5-7314-4e0c-b236-f73eb6c32916,emp-100,2024-11-30,2024-12-07,Maladie,Approuvé,Grippe
0f49fff1-f55a-4f9c-9bf4-3a277a994b7b,emp-100,2025-08-25,2025-08-26,Congés Payés,Approuvé,Repos
e19466b4-fb51-4d57-a476-d0b40fe4f73a,emp-100,2025-10-12,2025-10-14,Congés Payés,Rejeté,Repos
618bd3e7-f04d-45a9-b872-310f6decb171,emp-100,2025-06-10,2025-06-24,Congés Payés,Approuvé,Repos
5444aa9e-ea91-4d71-8640-eadc1e32ad57,emp-100,2026-02-28,2026-03-05,Congés Payés,Approuvé,Vacances
leave-demo-youssef,emp-demo-youssef,2026-07-02,2026-07-04,Congés Payés,En attente,Vacances d'été
