id,employee_id,date,check_in,check_out,status
4e68ee22-1fe1-4ee3-9179-ee13a7e06284,emp-demo-youssef,2026-05-18,2026-05-18T08:18:02.539283,2026-05-18T18:38:02.539283,Présent
2b9fa881-bc05-40d6-b39a-a1b81b72324c,emp-demo-youssef,2026-05-19,2026-05-19T08:13:02.539283,2026-05-19T18:49:02.539283,Présent
e6775f3d-3831-48e3-bd04-99ee3a4c19e2,emp-demo-youssef,2026-05-20,2026-05-20T08:38:02.539283,2026-05-20T17:54:02.539283,Présent
ba3454f9-8c63-4de8-9b1f-7b0f9fb38364,emp-demo-youssef,2026-05-21,2026-05-21T08:28:02.539283,2026-05-21T18:10:02.539283,Présent
f3de96a4-9939-4a6c-9afc-9d8048afc317,emp-demo-youssef,2026-05-22,2026-05-22T08:04:02.539283,2026-05-22T17:47:02.539283,Présent
ac784dfa-dd4a-4b45-b0ff-4a4c1585acf8,emp-demo-youssef,2026-05-25,2026-05-25T08:39:02.539283,2026-05-25T18:03:02.539283,Présent
bad2cb66-90da-4031-916f-7600e5570245,emp-demo-youssef,2026-05-26,2026-05-26T08:16:02.539283,2026-05-26T17:02:02.539283,Présent
51c07423-577b-4a11-8571-96bc5abde5c0,emp-demo-youssef,2026-05-27,2026-05-27T08:30:02.539283,2026-05-27T17:37:02.539283,Présent
1ac4f586-0552-4057-8d5e-4a2648b10d37,emp-demo-youssef,2026-05-28,2026-05-28T08:42:02.539283,2026-05-28T17:37:02.539283,Présent
fd2e2bb5-eb3c-4304-a45a-5386f349e763,emp-demo-youssef,2026-05-29,2026-05-29T08:33:02.539283,2026-05-29T17:28:02.539283,Présent
99d6c9d2-4601-4e23-977f-cadd777a8e7b,emp-demo-youssef,2026-06-01,2026-06-01T08:28:02.539283,2026-06-01T18:38:02.539283,Présent
2c35ac61-7bc6-4f39-9086-11145fb2b705,emp-demo-youssef,2026-06-02,2026-06-02T08:20:02.539283,2026-06-02T17:43:02.539283,Présent
2c4146e4-4632-4eb2-977f-45bb0c1e044e,emp-demo-youssef,2026-06-03,2026-06-03T08:07:02.539283,2026-06-03T17:00:02.539283,Présent
54d750fb-a4a0-4cd1-bc13-c4b5742fbec6,emp-demo-youssef,2026-06-04,2026-06-04T08:39:02.539283,2026-06-04T17:41:02.539283,Présent
b6e69ebd-a365-4108-b36b-238cbae47d74,emp-demo-youssef,2026-06-05,2026-06-05T08:03:02.539283,2026-06-05T17:39:02.539283,Présent
cb502645-0e37-4557-8cd7-9c4408370cef,emp-demo-youssef,2026-06-08,2026-06-08T08:06:02.539283,2026-06-08T17:54:02.539283,Présent
c298b637-7de0-4813-ac06-7d7402609414,emp-demo-youssef,2026-06-09,,,Absent
21e36baf-11ef-4ab8-852f-19146b1be295,emp-demo-youssef,2026-06-10,2026-06-10T08:48:02.539283,2026-06-10T17:18:02.539283,Présent
4f2a483a-0b77-488f-8f46-c17b4192edda,emp-demo-youssef,2026-06-11,2026-06-11T08:11:02.539283,2026-06-11T18:04:02.539283,Présent
930051f9-39cc-4c99-bc27-ab265e80ba8f,emp-demo-youssef,2026-06-12,2026-06-12T08:14:02.539283,2026-06-12T17:32:02.539283,Présent
d08c092f-014c-479e-87f5-ea9defed6136,emp-demo-fatima,2026-05-18,2026-05-18T08:17:02.539283,2026-05-18T17:00:02.539283,Présent
0e9aa4f3-004d-435a-9092-56e86a1eda96,emp-demo-fatima,2026-05-19,2026-05-19T08:37:02.539283,2026-05-19T18:47:02.539283,Présent
46a2eed5-87d3-4aed-ac7b-2296be1090f4,emp-demo-fatima,2026-05-20,2026-05-20T08:30:02.539283,2026-05-20T17:24:02.539283,Présent
c584b995-cf22-4053-93ee-2015a8324780,emp-demo-fatima,2026-05-21,2026-05-21T08:34:02.539283,2026-05-21T18:37:02.539283,Présent
e1c35477-99c6-43a1-8fc0-7903365db86f,emp-demo-fatima,2026-05-22,2026-05-22T08:36:02.539283,2026-05-22T18:21:02.539283,Présent
b25e0891-7834-4827-8325-217a39ab88d4,emp-demo-fatima,2026-05-25,2026-05-25T08:20:02.539283,2026-05-25T18:34:02.539283,Présent
d9d0a467-43bd-4179-bfbb-b19b11b50bad,emp-demo-fatima,2026-05-26,,,Absent
596b1456-5db9-44c5-be01-c37e3ebe7e19,emp-demo-fatima,2026-05-27,2026-05-27T08:15:02.539283,2026-05-27T17:27:02.539283,Présent
02c213db-06d0-4eb9-a65a-de0624996b80,emp-demo-fatima,2026-05-28,2026-05-28T08:32:02.539283,2026-05-28T18:05:02.539283,Présent
86d81e4f-c117-4f08-819f-9016be83c250,emp-demo-fatima,2026-05-29,2026-05-29T08:12:02.539283,2026-05-29T17:04:02.539283,Présent
27b06bc4-4c27-4892-a63e-ecc7375b0155,emp-demo-fatima,2026-06-01,2026-06-01T08:18:02.539283,2026-06-01T17:42:02.539283,Présent
81a2cab3-0bcc-4998-bb1c-d1e651d42cd6,emp-demo-fatima,2026-06-02,2026-06-02T08:53:02.539283,2026-06-02T17:51:02.539283,Présent
9167acac-7675-4488-bc70-44076bd4f4a1,emp-demo-fatima,2026-06-03,,,Absent
d19fa19d-fdd9-44ba-93a8-81d31fe57fd9,emp-demo-fatima,2026-06-04,2026-06-04T10:45:02.539283,2026-06-04T17:48:02.539283,Retard
7cb66899-132b-4eff-89a8-cf626e94c4e5,emp-demo-fatima,2026-06-05,2026-06-05T08:24:02.539283,2026-06-05T17:32:02.539283,Présent
b42fb5a7-87cd-4088-80f7-4f06b559d9a4,emp-demo-fatima,2026-06-08,2026-06-08T08:52:02.539283,2026-06-08T17:04:02.539283,Présent
720de910-d5c4-4e4f-81e8-451c9161deb3,emp-demo-fatima,2026-06-09,2026-06-09T08:16:02.539283,2026-06-09T18:18:02.539283,Présent
d3c337ac-95f7-4ffa-b606-dfc41e5ed021,emp-demo-fatima,2026-06-10,2026-06-10T08:33:02.539283,2026-06-10T18:57:02.539283,Présent
524de8da-f483-46b1-bfc0-236b58d1797f,emp-demo-fatima,2026-06-11,2026-06-11T08:45:02.539283,2026-06-11T17:58:02.539283,Présent
0bf89b8d-ad7d-49f8-a4ca-7bb1810ff33e,emp-demo-fatima,2026-06-12,2026-06-12T08:47:02.539283,2026-06-12T18:27:02.539283,Présent
e40015c2-125d-4482-b972-976e1ce161b5,emp-demo-karim,2026-05-18,2026-05-18T08:07:02.539283,2026-05-18T17:26:02.539283,Présent
d3630751-62f3-4966-8a27-0dc36909f78b,emp-demo-karim,2026-05-19,2026-05-19T08:24:02.539283,2026-05-19T17:49:02.539283,Présent
966504f2-c58f-4352-b276-c6b14d3904a2,emp-demo-karim,2026-05-20,2026-05-20T08:19:02.539283,2026-05-20T17:35:02.539283,Présent
1670c85e-8e79-414c-ad8d-30d005d48154,emp-demo-karim,2026-05-21,2026-05-21T08:57:02.539283,2026-05-21T17:14:02.539283,Présent
d8229408-f1db-407a-8f6f-9f6f2cf08bb9,emp-demo-karim,2026-05-22,2026-05-22T08:18:02.539283,2026-05-22T18:22:02.539283,Présent
f476631b-5d1b-45b3-b4ed-a87761b3bb4a,emp-demo-karim,2026-05-25,2026-05-25T08:16:02.539283,2026-05-25T18:22:02.539283,Présent
a811993b-daeb-4ae6-b3db-9362a4e9bedb,emp-demo-karim,2026-05-26,2026-05-26T08:39:02.539283,2026-05-26T18:43:02.539283,Présent
4be821f9-ffdf-479e-912b-2786d7065181,emp-demo-karim,2026-05-27,2026-05-27T08:42:02.539283,2026-05-27T18:39:02.539283,Présent
16c7e7a7-b2af-409a-9c6b-b2cda5520e29,emp-demo-karim,2026-05-28,2026-05-28T09:56:02.539283,2026-05-28T17:27:02.539283,Retard
d6e5acc8-65eb-4c89-8831-bc9237b97542,emp-demo-karim,2026-05-29,2026-05-29T08:13:02.539283,2026-05-29T17:03:02.539283,Présent
e4c4f5c3-9bba-4a09-8184-c6b6ef8b6b8f,emp-demo-karim,2026-06-01,2026-06-01T08:52:02.539283,2026-06-01T17:11:02.539283,Présent
627acbaf-8908-4061-aa66-d62b4a1b3af0,emp-demo-karim,2026-06-02,2026-06-02T08:59:02.539283,2026-06-02T17:37:02.539283,Présent
eb789374-1569-437b-ba70-6457163d58bd,emp-demo-karim,2026-06-03,2026-06-03T08:09:02.539283,2026-06-03T17:15:02.539283,Présent
8379e966-744a-4bf3-b986-2df8befa19ab,emp-demo-karim,2026-06-04,2026-06-04T08:33:02.539283,2026-06-04T17:07:02.539283,Présent
c6e64581-3931-48c8-9c6f-d76310127fe9,emp-demo-karim,2026-06-05,2026-06-05T08:25:02.539283,2026-06-05T18:27:02.539283,Présent
ebd3f0f8-3438-4d40-987f-5e38683267f8,emp-demo-karim,2026-06-08,2026-06-08T10:19:02.539283,2026-06-08T18:19:02.539283,Retard
19f971e9-7280-4edd-8fa4-a55658bac68a,emp-demo-karim,2026-06-09,,,Absent
77788fa3-e008-4a81-8f6d-8fa777c80913,emp-demo-karim,2026-06-10,2026-06-10T08:18:02.539283,2026-06-10T17:21:02.539283,Présent
8f0f100e-d8df-4405-91a8-8f69df04b24e,emp-demo-karim,2026-06-11,2026-06-11T08:46:02.539283,2026-06-11T17:57:02.539283,Présent
6decbef7-aa0c-4d5b-9d7c-ed901baf6e05,emp-demo-karim,2026-06-12,,,Absent
821d6cb6-faac-44a7-80da-08e9d841745b,emp-demo-sara,2026-05-18,2026-05-18T08:51:02.539283,2026-05-18T17:31:02.539283,Présent
45b69c74-4083-46f2-b222-6645fd7aad22,emp-demo-sara,2026-05-19,2026-05-19T08:45:02.539283,2026-05-19T18:14:02.539283,Présent
1f1cae98-3fc8-4a5d-a0d4-22fddf907b38,emp-demo-sara,2026-05-20,2026-05-20T08:22:02.539283,2026-05-20T17:54:02.539283,Présent
f4b3a11e-1efb-4fe4-afd0-d79dc3a03fd6,emp-demo-sara,2026-05-21,2026-05-21T08:47:02.539283,2026-05-21T17:52:02.539283,Présent
a6da87f1-91b8-46ba-b57d-fa1d53a7645c,emp-demo-sara,2026-05-22,2026-05-22T10:05:02.539283,2026-05-22T17:28:02.539283,Retard
5c2c0924-12ad-439d-afab-4925c9b4f326,emp-demo-sara,2026-05-25,,,Absent
587bea1b-d398-4f16-b732-a49a190089e9,emp-demo-sara,2026-05-26,2026-05-26T08:00:02.539283,2026-05-26T17:12:02.539283,Présent
7b7229b2-afce-4f20-b3ad-9606fdebb659,emp-demo-sara,2026-05-27,2026-05-27T08:56:02.539283,2026-05-27T17:01:02.539283,Présent
3abaa052-4921-4f9e-a64b-ca788d319b1b,emp-demo-sara,2026-05-28,2026-05-28T08:40:02.539283,2026-05-28T18:23:02.539283,Présent
ef84c0e0-53f2-4bdf-aeba-1e29e20e8359,emp-demo-sara,2026-05-29,2026-05-29T08:01:02.539283,2026-05-29T17:59:02.539283,Présent
301afd19-a2b9-461d-bc39-05981c05bf5a,emp-demo-sara,2026-06-01,2026-06-01T08:27:02.539283,2026-06-01T18:32:02.539283,Présent
ef388007-d23c-48e3-a993-93795cd97400,emp-demo-sara,2026-06-02,2026-06-02T08:16:02.539283,2026-06-02T18:46:02.539283,Présent
78b07264-6bed-40d3-b980-e360f75ba87b,emp-demo-sara,2026-06-03,2026-06-03T08:45:02.539283,2026-06-03T18:57:02.539283,Présent
cfaff43a-f1a0-40af-a1ff-ebaf23b23cdc,emp-demo-sara,2026-06-04,2026-06-04T08:36:02.539283,2026-06-04T18:50:02.539283,Présent
ffa3a27f-a5fd-45b5-8e41-10884c41cc92,emp-demo-sara,2026-06-05,2026-06-05T08:40:02.539283,2026-06-05T17:28:02.539283,Présent
420a2c3e-711d-4759-b1a3-aaa3b6fe7ca1,emp-demo-sara,2026-06-08,2026-06-08T08:15:02.539283,2026-06-08T17:56:02.539283,Présent
5d8222ac-b1ca-4d6c-8216-6a7e91c4e1ff,emp-demo-sara,2026-06-09,2026-06-09T08:22:02.539283,2026-06-09T17:51:02.539283,Présent
caf36971-36af-4ffd-af3f-261e6c95a182,emp-demo-sara,2026-06-10,2026-06-10T08:27:02.539283,2026-06-10T17:15:02.539283,Présent
a81b7303-17fc-4b04-90a8-cb5c523bfc2b,emp-demo-sara,2026-06-11,2026-06-11T08:08:02.539283,2026-06-11T17:46:02.539283,Présent
87a7a97d-97db-4b32-8340-ae87c239804c,emp-demo-sara,2026-06-12,2026-06-12T08:49:02.539283,2026-06-12T18:12:02.539283,Présent
cacef38a-0046-4743-ac4f-6f8724ae6a19,emp-demo-admin,2026-05-18,,,Absent
428b1be8-b892-4bce-b184-fb474225e0e7,emp-demo-admin,2026-05-19,2026-05-19T08:01:02.539283,2026-05-19T17:48:02.539283,Présent
b6aa62dd-b9f9-43eb-b094-70afe918f448,emp-demo-admin,2026-05-20,2026-05-20T08:37:02.539283,2026-05-20T18:28:02.539283,Présent
6614497c-84a4-4f5b-aa76-a3f0f2baac1e,emp-demo-admin,2026-05-21,2026-05-21T08:52:02.539283,2026-05-21T18:11:02.539283,Présent
93bdb071-b2bc-40a0-b5f0-57dfff882c40,emp-demo-admin,2026-05-22,2026-05-22T08:58:02.539283,2026-05-22T18:00:02.539283,Présent
c9fe1969-d6f9-43b4-9de5-9fd9c97e3d89,emp-demo-admin,2026-05-25,2026-05-25T08:06:02.539283,2026-05-25T17:41:02.539283,Présent
ac3f2a6e-92d9-466e-86de-a91f732d6885,emp-demo-admin,2026-05-26,,,Absent
18ceb3fb-0d0e-4277-93bf-fc108e8eb904,emp-demo-admin,2026-05-27,2026-05-27T08:37:02.539283,2026-05-27T18:09:02.539283,Présent
2cb517cb-f226-45aa-a6e3-4a3c24051f37,emp-demo-admin,2026-05-28,2026-05-28T10:42:02.539283,2026-05-28T17:44:02.539283,Retard
4273a1d9-92d8-4bdc-a983-cb922a995382,emp-demo-admin,2026-05-29,2026-05-29T08:06:02.539283,2026-05-29T17:48:02.539283,Présent
0dbc99e6-c004-4274-9c59-2f88838dd54a,emp-demo-admin,2026-06-01,2026-06-01T08:59:02.539283,2026-06-01T18:03:02.539283,Présent
98f9cfee-7bce-40e2-bbf2-5cea145196d7,emp-demo-admin,2026-06-02,2026-06-02T08:38:02.539283,2026-06-02T18:59:02.539283,Présent
bd37a023-e995-4486-b5a8-c25690cc46b7,emp-demo-admin,2026-06-03,2026-06-03T08:15:02.539283,2026-06-03T17:32:02.539283,Présent
de2eb6e9-2ccb-4ab3-9061-71b8cfb1f3ce,emp-demo-admin,2026-06-04,2026-06-04T08:07:02.539283,2026-06-04T17:06:02.539283,Présent
56c5e781-076d-45e8-afb1-4d5ca3f9b498,emp-demo-admin,2026-06-05,2026-06-05T08:32:02.539283,2026-06-05T18:37:02.539283,Présent
8777b453-a339-4c84-885c-9df9b43d8e72,emp-demo-admin,2026-06-08,2026-06-08T08:27:02.539283,2026-06-08T17:33:02.539283,Présent
2940e8b8-e519-4aff-b16f-cdf56670fdd9,emp-demo-admin,2026-06-09,2026-06-09T08:18:02.539283,2026-06-09T18:24:02.539283,Présent
a3c2b577-ebcb-45a2-9b45-46cad0bbbd84,emp-demo-admin,2026-06-10,2026-06-10T08:52:02.539283,2026-06-10T17:26:02.539283,Présent
0bc553d1-bb8f-4d09-afe8-2237619728e0,emp-demo-admin,2026-06-11,2026-06-11T08:39:02.539283,2026-06-11T18:17:02.539283,Présent
79e29c6c-5ced-44fa-aa70-2934c3a950a6,emp-demo-admin,2026-06-12,2026-06-12T10:04:02.539283,2026-06-12T18:43:02.539283,Retard
7f185e02-bc95-474c-88d8-53bd15b0bd46,emp-1,2026-05-18,2026-05-18T08:15:02.539283,2026-05-18T18:25:02.539283,Présent
5852162f-dde3-44fa-bcd2-9120ce95299a,emp-1,2026-05-19,2026-05-19T08:58:02.539283,2026-05-19T18:55:02.539283,Présent
bf916f6e-5ea1-48bc-ae0d-30df53761bc7,emp-1,2026-05-20,2026-05-20T08:25:02.539283,2026-05-20T17:55:02.539283,Présent
f0406bd0-4296-4df0-9626-9fe839d6a568,emp-1,2026-05-21,2026-05-21T08:19:02.539283,2026-05-21T18:08:02.539283,Présent
d58bead0-5b98-43e7-8ea9-35f2abb2bdd1,emp-1,2026-05-22,2026-05-22T08:51:02.539283,2026-05-22T18:45:02.539283,Présent
adca0d42-3dc6-4823-86df-c59b1f936e7a,emp-1,2026-05-25,2026-05-25T08:08:02.539283,2026-05-25T17:33:02.539283,Présent
24530f8b-258d-4967-a8fc-50741ed987e8,emp-1,2026-05-26,2026-05-26T08:28:02.539283,2026-05-26T17:01:02.539283,Présent
d7066fb3-20cd-4984-a23b-8877e633fa6e,emp-1,2026-05-27,2026-05-27T08:31:02.539283,2026-05-27T17:17:02.539283,Présent
68de41d4-d311-4a25-96e8-1253df71a6e7,emp-1,2026-05-28,2026-05-28T08:51:02.539283,2026-05-28T17:18:02.539283,Présent
8383af91-0571-497d-9709-098dc0f54847,emp-1,2026-05-29,2026-05-29T08:57:02.539283,2026-05-29T18:11:02.539283,Présent
9c79d5a7-5bac-4006-a1fe-8a80a9b328d7,emp-1,2026-06-01,2026-06-01T08:00:02.539283,2026-06-01T17:11:02.539283,Présent
f31cabf8-d173-46d2-b54a-814ec4c5694a,emp-1,2026-06-02,2026-06-02T08:46:02.539283,2026-06-02T18:44:02.539283,Présent
e7546c31-b4ae-4ada-a0e6-9af10eff2b1b,emp-1,2026-06-03,2026-06-03T08:22:02.539283,2026-06-03T18:57:02.539283,Présent
a065dc23-13f9-4dc8-9803-5768e9eb9048,emp-1,2026-06-04,2026-06-04T08:08:02.539283,2026-06-04T18:11:02.539283,Présent
2e0e6ac0-0d84-477b-94be-dd1c757eedae,emp-1,2026-06-05,2026-06-05T08:46:02.539283,2026-06-05T17:12:02.539283,Présent
0395f6cd-3075-4c62-8e1b-9f0084c78262,emp-1,2026-06-08,2026-06-08T10:38:02.539283,2026-06-08T17:10:02.539283,Retard
ebecee76-0150-42d2-b70e-802687a8808d,emp-1,2026-06-09,2026-06-09T08:26:02.539283,2026-06-09T17:32:02.539283,Présent
8e83683e-1dc3-4452-9e4d-67837aa6bd76,emp-1,2026-06-10,2026-06-10T08:50:02.539283,2026-06-10T17:31:02.539283,Présent
38b8b566-1aef-4c5b-8b7b-acd519de07fe,emp-1,2026-06-11,2026-06-11T08:17:02.539283,2026-06-11T17:10:02.539283,Présent
27958a2d-650e-4291-acba-30d359e71983,emp-1,2026-06-12,,,Absent
23c73622-c256-4453-b1ba-2c7bb439da4e,emp-4,2026-05-18,2026-05-18T09:47:02.539283,2026-05-18T18:48:02.539283,Retard
0648c41a-e8ae-48b2-99a8-f89698a79d17,emp-4,2026-05-19,,,Absent
17761002-1b33-459b-99a8-b54309655586,emp-4,2026-05-20,2026-05-20T08:58:02.539283,2026-05-20T18:07:02.539283,Présent
a062edc8-0318-49b3-82e7-f7dd8506174d,emp-4,2026-05-21,2026-05-21T08:39:02.539283,2026-05-21T17:06:02.539283,Présent
49d5315a-9a9d-4716-83fd-b798149b78f9,emp-4,2026-05-22,2026-05-22T08:12:02.539283,2026-05-22T18:26:02.539283,Présent
8fdb0443-e50c-4660-94c7-98d79a04248e,emp-4,2026-05-25,2026-05-25T09:51:02.539283,2026-05-25T18:47:02.539283,Retard
f690aa2f-329c-4cc6-92b3-ff9939f731cc,emp-4,2026-05-26,2026-05-26T08:59:02.539283,2026-05-26T18:59:02.539283,Présent
80221e78-166f-42a6-885a-4b4b81cbc067,emp-4,2026-05-27,2026-05-27T08:05:02.539283,2026-05-27T17:12:02.539283,Présent
502d1494-60ed-40d3-8a07-c28b07615961,emp-4,2026-05-28,2026-05-28T08:35:02.539283,2026-05-28T17:03:02.539283,Présent
84f471b1-54fd-4cd8-ad03-1d4e0053d1ab,emp-4,2026-05-29,2026-05-29T08:51:02.539283,2026-05-29T17:31:02.539283,Présent
f4311ed3-bf3c-4576-8080-f556174b792d,emp-4,2026-06-01,2026-06-01T08:56:02.539283,2026-06-01T17:02:02.539283,Présent
9ee5689a-ee94-4c05-8cfe-9a5d39f0b6b9,emp-4,2026-06-02,2026-06-02T08:21:02.539283,2026-06-02T18:27:02.539283,Présent
87c30264-6410-40a8-b29d-122618cb80c8,emp-4,2026-06-03,2026-06-03T08:33:02.539283,2026-06-03T18:31:02.539283,Présent
b5c90e9c-4304-42ab-bc7b-b20bc3bab938,emp-4,2026-06-04,2026-06-04T08:43:02.539283,2026-06-04T18:40:02.539283,Présent
dcb17336-6188-4227-845e-e258df0dd9e7,emp-4,2026-06-05,2026-06-05T08:47:02.539283,2026-06-05T18:42:02.539283,Présent
8e099ebb-ecb7-405b-819e-11b4218e5515,emp-4,2026-06-08,2026-06-08T08:01:02.539283,2026-06-08T17:19:02.539283,Présent
bf6be870-5ce0-4820-abb3-d58343b96723,emp-4,2026-06-09,2026-06-09T08:52:02.539283,2026-06-09T17:39:02.539283,Présent
cbd52b32-6439-4cfd-9a02-51101787aab5,emp-4,2026-06-10,2026-06-10T08:26:02.539283,2026-06-10T17:17:02.539283,Présent
cd3d3fd4-66d6-404c-b6c7-6b05ddaca400,emp-4,2026-06-11,2026-06-11T08:55:02.539283,2026-06-11T17:18:02.539283,Présent
4b07468c-eab6-4fad-9fc4-4d32ef32d76f,emp-4,2026-06-12,2026-06-12T08:45:02.539283,2026-06-12T17:49:02.539283,Présent
10a1c367-9346-4df4-ac76-f6c7a80a1cf1,emp-5,2026-05-18,2026-05-18T08:36:02.539283,2026-05-18T17:43:02.539283,Présent
f7cba7c4-9148-4c58-86bc-915c07fe14df,emp-5,2026-05-19,2026-05-19T08:52:02.539283,2026-05-19T17:39:02.539283,Présent
0e2c32b4-6ece-420b-8bed-4913b8dee886,emp-5,2026-05-20,2026-05-20T08:03:02.539283,2026-05-20T17:01:02.539283,Présent
5c24cd95-2938-4605-9faa-0bb4b435d692,emp-5,2026-05-21,2026-05-21T08:20:02.539283,2026-05-21T18:50:02.539283,Présent
d44e94ef-02ee-4fca-a695-a3661fc72fb7,emp-5,2026-05-22,2026-05-22T08:20:02.539283,2026-05-22T17:45:02.539283,Présent
16bcbaf6-9ea1-4e33-a7de-cffcccb4416f,emp-5,2026-05-25,2026-05-25T08:49:02.539283,2026-05-25T17:57:02.539283,Présent
bb8939e3-620c-4ce3-94c0-6661fd30deef,emp-5,2026-05-26,2026-05-26T08:12:02.539283,2026-05-26T18:06:02.539283,Présent
917ac9c4-c4b1-4cda-9719-30c819524d48,emp-5,2026-05-27,2026-05-27T09:01:02.539283,2026-05-27T18:27:02.539283,Retard
e39313b7-d698-4ded-9e37-ecd0a71395f5,emp-5,2026-05-28,2026-05-28T08:11:02.539283,2026-05-28T18:18:02.539283,Présent
69a5b8fb-badc-4d26-922b-53badff2846d,emp-5,2026-05-29,2026-05-29T08:15:02.539283,2026-05-29T18:27:02.539283,Présent
7f2e9bf2-d785-400f-8d1c-d16f24bc7b55,emp-5,2026-06-01,2026-06-01T08:18:02.539283,2026-06-01T17:06:02.539283,Présent
9dc0de11-6152-46e1-babb-6c3263c2290d,emp-5,2026-06-02,2026-06-02T08:08:02.539283,2026-06-02T18:12:02.539283,Présent
a156e5e9-ba7c-4212-8216-afebf943200b,emp-5,2026-06-03,2026-06-03T09:37:02.539283,2026-06-03T17:54:02.539283,Retard
b27866c9-7f62-4122-b08a-df7c4f84598f,emp-5,2026-06-04,2026-06-04T08:09:02.539283,2026-06-04T18:31:02.539283,Présent
8c4a4a01-e73a-40e6-a18f-9471a22b2ec5,emp-5,2026-06-05,2026-06-05T08:29:02.539283,2026-06-05T18:20:02.539283,Présent
b7546ca4-443d-4c72-acb0-5424e1498886,emp-5,2026-06-08,2026-06-08T08:26:02.539283,2026-06-08T17:14:02.539283,Présent
4ef0c9e3-5d77-4441-81f0-c0680717d31e,emp-5,2026-06-09,2026-06-09T08:20:02.539283,2026-06-09T18:40:02.539283,Présent
2d298073-e8e4-48ea-80c7-a99c9688482c,emp-5,2026-06-10,2026-06-10T08:39:02.539283,2026-06-10T18:06:02.539283,Présent
fcab2a40-2c5b-4655-9cda-4a404a41b4a9,emp-5,2026-06-11,2026-06-11T08:33:02.539283,2026-06-11T17:16:02.539283,Présent
388134e7-f243-4c67-b05d-755433d3cc29,emp-5,2026-06-12,2026-06-12T08:35:02.539283,2026-06-12T18:47:02.539283,Présent
214ce3f4-b120-4c7b-aa40-d0f9593c73c2,emp-6,2026-05-18,2026-05-18T08:24:02.539283,2026-05-18T17:00:02.539283,Présent
382ebae1-d228-47ff-82b8-7fdcc42f9d04,emp-6,2026-05-19,2026-05-19T08:44:02.539283,2026-05-19T17:23:02.539283,Présent
f4584c15-8dcb-471c-bb30-c9006576dc6c,emp-6,2026-05-20,2026-05-20T09:38:02.539283,2026-05-20T17:49:02.539283,Retard
4404a6bc-5275-4e9e-9298-6c4b9dd43b86,emp-6,2026-05-21,2026-05-21T08:47:02.539283,2026-05-21T17:03:02.539283,Présent
63a98a01-9eac-4a2c-8d77-bafba574822b,emp-6,2026-05-22,2026-05-22T08:24:02.539283,2026-05-22T17:25:02.539283,Présent
b679f98a-9541-4993-a534-88675d102b58,emp-6,2026-05-25,2026-05-25T08:10:02.539283,2026-05-25T18:36:02.539283,Présent
f812c121-2974-4aac-a656-848f0c578bbd,emp-6,2026-05-26,2026-05-26T08:59:02.539283,2026-05-26T18:53:02.539283,Présent
3c5fc180-3e03-484d-9580-7abd0227c8da,emp-6,2026-05-27,2026-05-27T08:03:02.539283,2026-05-27T17:28:02.539283,Présent
f963d2b9-8ab8-47a0-8a0c-1266440cc4d2,emp-6,2026-05-28,2026-05-28T08:08:02.539283,2026-05-28T18:24:02.539283,Présent
bbee2028-2286-4109-896f-5e38b778841f,emp-6,2026-05-29,2026-05-29T08:10:02.539283,2026-05-29T17:33:02.539283,Présent
b1575ce1-774c-4595-bccf-d272477c7472,emp-6,2026-06-01,2026-06-01T08:09:02.539283,2026-06-01T18:44:02.539283,Présent
2ffac6a0-3395-4758-b031-8b0d5d7d6693,emp-6,2026-06-02,2026-06-02T08:04:02.539283,2026-06-02T17:57:02.539283,Présent
909342a4-e5af-448a-bc5e-38beb030ad29,emp-6,2026-06-03,2026-06-03T08:16:02.539283,2026-06-03T18:08:02.539283,Présent
923eaf64-e282-4034-b72a-1c319e7a5bdf,emp-6,2026-06-04,2026-06-04T08:19:02.539283,2026-06-04T18:02:02.539283,Présent
eddd2c7e-a6f4-4813-8c15-30dbe6b2c14f,emp-6,2026-06-05,2026-06-05T08:29:02.539283,2026-06-05T17:25:02.539283,Présent
804ec2fe-70ed-4709-ab04-63bd5d332c8c,emp-6,2026-06-08,2026-06-08T08:36:02.539283,2026-06-08T18:36:02.539283,Présent
23248e59-2094-46f6-8a27-51fa20269fa8,emp-6,2026-06-09,2026-06-09T09:50:02.539283,2026-06-09T17:40:02.539283,Retard
0536c420-add2-4393-975e-6cc00bf75d96,emp-6,2026-06-10,2026-06-10T08:49:02.539283,2026-06-10T18:23:02.539283,Présent
6be6b4ae-4b7c-4525-84fb-2221ff947833,emp-6,2026-06-11,2026-06-11T08:19:02.539283,2026-06-11T18:25:02.539283,Présent
723bd58a-a3d1-4ec0-8542-ff505bbbcf7d,emp-6,2026-06-12,2026-06-12T08:39:02.539283,2026-06-12T17:10:02.539283,Présent
21aa42db-e319-4ae5-9ba1-e9d5f6d211dd,emp-7,2026-05-18,2026-05-18T08:56:02.539283,2026-05-18T18:30:02.539283,Présent
72516a50-98d7-4c66-8ca1-a4bffef5dabe,emp-7,2026-05-19,2026-05-19T08:36:02.539283,2026-05-19T17:22:02.539283,Présent
9e74dc9e-87fb-4229-bfd7-a32d3b1e42c3,emp-7,2026-05-20,2026-05-20T08:34:02.539283,2026-05-20T17:35:02.539283,Présent
37073fa4-c847-413f-ae94-8f87e6e3cb29,emp-7,2026-05-21,2026-05-21T08:25:02.539283,2026-05-21T18:34:02.539283,Présent
23a7179d-6828-4119-9dbc-3b30343a564e,emp-7,2026-05-22,2026-05-22T08:25:02.539283,2026-05-22T17:51:02.539283,Présent
c02f319d-b529-4090-a89c-355a51bbd62f,emp-7,2026-05-25,2026-05-25T08:13:02.539283,2026-05-25T18:37:02.539283,Présent
d242250e-8e91-4a23-84cf-76f44cf50b6f,emp-7,2026-05-26,2026-05-26T08:10:02.539283,2026-05-26T18:10:02.539283,Présent
86b8c1ee-c187-4435-934f-c752535826a7,emp-7,2026-05-27,2026-05-27T08:18:02.539283,2026-05-27T18:42:02.539283,Présent
842eb136-b939-4f60-aee0-b3160343a33b,emp-7,2026-05-28,2026-05-28T09:35:02.539283,2026-05-28T18:16:02.539283,Retard
45dc4dc0-2783-415c-b00f-c585ae3f13f7,emp-7,2026-05-29,2026-05-29T08:08:02.539283,2026-05-29T18:59:02.539283,Présent
f421e3fc-2d64-4ffd-afc6-180f22c21160,emp-7,2026-06-01,2026-06-01T08:32:02.539283,2026-06-01T18:03:02.539283,Présent
560fc1e3-7d95-4066-96cf-50854af2c8e2,emp-7,2026-06-02,2026-06-02T08:36:02.539283,2026-06-02T18:10:02.539283,Présent
2c21e63a-0f0c-4a2b-a619-0f8fe71cf936,emp-7,2026-06-03,2026-06-03T08:18:02.539283,2026-06-03T18:36:02.539283,Présent
68666357-5eeb-406e-95cd-bd471516ea33,emp-7,2026-06-04,2026-06-04T08:42:02.539283,2026-06-04T18:04:02.539283,Présent
727ef5f2-b8a9-4a55-8bef-33e175bfcc00,emp-7,2026-06-05,2026-06-05T08:28:02.539283,2026-06-05T17:23:02.539283,Présent
3785b86c-0b5a-4f1c-b8f4-a7692a2569cf,emp-7,2026-06-08,2026-06-08T08:37:02.539283,2026-06-08T18:16:02.539283,Présent
c4d83148-a4dc-4607-adaa-6376e75a0fd6,emp-7,2026-06-09,2026-06-09T08:39:02.539283,2026-06-09T17:08:02.539283,Présent
cba3f739-d4ca-41ce-8057-67d37e30466c,emp-7,2026-06-10,2026-06-10T08:43:02.539283,2026-06-10T18:10:02.539283,Présent
20b8e64c-880c-4308-a379-2ff79c5475df,emp-7,2026-06-11,2026-06-11T08:37:02.539283,2026-06-11T18:32:02.539283,Présent
9dd3b9cb-f6ff-4b69-8e43-8b82f52f6797,emp-7,2026-06-12,2026-06-12T08:09:02.539283,2026-06-12T17:58:02.539283,Présent
5d9054be-2869-4d63-aaca-26a2366ad3d7,emp-8,2026-05-18,2026-05-18T08:59:02.539283,2026-05-18T17:53:02.539283,Présent
96f357d0-5791-4d58-843b-4771638b42ee,emp-8,2026-05-19,2026-05-19T08:31:02.539283,2026-05-19T18:09:02.539283,Présent
1b780f85-bc42-4c47-8893-543017cb6da7,emp-8,2026-05-20,2026-05-20T08:34:02.539283,2026-05-20T18:05:02.539283,Présent
8494e6f0-3d58-4a72-96cf-ffe898bfb33e,emp-8,2026-05-21,2026-05-21T08:24:02.539283,2026-05-21T17:02:02.539283,Présent
bf2e7571-18ef-4daf-a69a-0668050c34c5,emp-8,2026-05-22,2026-05-22T08:09:02.539283,2026-05-22T17:42:02.539283,Présent
06b991b2-f933-4ce3-9738-f8b88137a1fb,emp-8,2026-05-25,2026-05-25T08:34:02.539283,2026-05-25T18:13:02.539283,Présent
988cd4d6-5bde-460c-912f-8697f51b223c,emp-8,2026-05-26,2026-05-26T08:11:02.539283,2026-05-26T18:41:02.539283,Présent
cebdb977-bad5-4519-97fd-9effdc674241,emp-8,2026-05-27,2026-05-27T08:36:02.539283,2026-05-27T18:29:02.539283,Présent
f57a624d-ae59-4284-b2fc-1e2bfa154b88,emp-8,2026-05-28,2026-05-28T08:39:02.539283,2026-05-28T18:30:02.539283,Présent
4fb68346-ed2f-4d48-b053-9845e9290bf7,emp-8,2026-05-29,2026-05-29T09:49:02.539283,2026-05-29T17:16:02.539283,Retard
2b5de5b0-11e1-4a80-a840-ae53cbbaefe7,emp-8,2026-06-01,2026-06-01T08:49:02.539283,2026-06-01T17:31:02.539283,Présent
f86095c0-7d14-454e-9a6f-32384020faa3,emp-8,2026-06-02,2026-06-02T08:30:02.539283,2026-06-02T17:09:02.539283,Présent
fb94ca35-82ea-487d-b214-feb0f5a40029,emp-8,2026-06-03,2026-06-03T08:35:02.539283,2026-06-03T17:16:02.539283,Présent
384f97ea-5ba5-4c53-bc1b-f4d680c5dc76,emp-8,2026-06-04,2026-06-04T08:07:02.539283,2026-06-04T17:42:02.539283,Présent
56263688-300b-4be6-9296-a236666a7ef5,emp-8,2026-06-05,2026-06-05T08:57:02.539283,2026-06-05T18:27:02.539283,Présent
303daec6-b999-44fb-9b03-f65bd9a8a301,emp-8,2026-06-08,2026-06-08T08:06:02.539283,2026-06-08T18:41:02.539283,Présent
93852603-b21d-4086-b7de-181f62bb7115,emp-8,2026-06-09,2026-06-09T08:54:02.539283,2026-06-09T17:56:02.539283,Présent
6d473f73-53ea-4c87-9303-5b069d2a7a04,emp-8,2026-06-10,2026-06-10T08:45:02.539283,2026-06-10T18:45:02.539283,Présent
1cd695a8-0b4b-46d8-9369-0ef5e0f312f1,emp-8,2026-06-11,2026-06-11T08:13:02.539283,2026-06-11T18:59:02.539283,Présent
9bd7496c-7e54-4a9d-bcb0-a1a03b250ae8,emp-8,2026-06-12,2026-06-12T08:49:02.539283,2026-06-12T18:19:02.539283,Présent
f2856333-8de1-4a01-8433-3672f7c72cfa,emp-9,2026-05-18,2026-05-18T08:02:02.539283,2026-05-18T17:28:02.539283,Présent
cdedbe10-f386-4a35-8d69-61d6bfb19481,emp-9,2026-05-19,2026-05-19T08:45:02.539283,2026-05-19T18:26:02.539283,Présent
75eb53c5-4713-4a00-bba9-482cc97cde45,emp-9,2026-05-20,2026-05-20T08:29:02.539283,2026-05-20T17:05:02.539283,Présent
90cfc473-6451-484f-9e2d-7928acd28e59,emp-9,2026-05-21,2026-05-21T08:10:02.539283,2026-05-21T17:47:02.539283,Présent
b0d50b39-5a14-4188-a751-451969570f39,emp-9,2026-05-22,2026-05-22T08:25:02.539283,2026-05-22T17:31:02.539283,Présent
661d4f21-2ccb-49ad-b384-45740b7e3c4a,emp-9,2026-05-25,2026-05-25T08:08:02.539283,2026-05-25T17:40:02.539283,Présent
cb464a62-a80b-477f-8c39-2429f06be090,emp-9,2026-05-26,,,Absent
d05d8411-bd9a-4832-8a52-03c3b8573cca,emp-9,2026-05-27,2026-05-27T08:16:02.539283,2026-05-27T17:30:02.539283,Présent
1e28bf8c-cbd8-467a-8f35-41c77a63bd20,emp-9,2026-05-28,2026-05-28T08:08:02.539283,2026-05-28T18:18:02.539283,Présent
80bdcef4-7ff8-4c5e-b38c-90cfada9898a,emp-9,2026-05-29,2026-05-29T08:49:02.539283,2026-05-29T18:49:02.539283,Présent
f793f88c-a91a-431f-8c9b-29af937406ae,emp-9,2026-06-01,2026-06-01T09:12:02.539283,2026-06-01T18:15:02.539283,Retard
eacdc297-eb63-4520-936c-79eb6214a31f,emp-9,2026-06-02,2026-06-02T08:22:02.539283,2026-06-02T17:08:02.539283,Présent
3e0632b3-fcbd-4e09-aea0-023201f3514b,emp-9,2026-06-03,2026-06-03T08:59:02.539283,2026-06-03T17:18:02.539283,Présent
18452305-936a-46e0-9f32-17a9e1bb6099,emp-9,2026-06-04,2026-06-04T08:14:02.539283,2026-06-04T18:15:02.539283,Présent
dbef6a0b-3a46-459a-91b2-470b9e598101,emp-9,2026-06-05,2026-06-05T08:50:02.539283,2026-06-05T17:03:02.539283,Présent
b4d0378f-9cfe-4b9c-8606-cc79cbfd9bf3,emp-9,2026-06-08,2026-06-08T08:00:02.539283,2026-06-08T18:46:02.539283,Présent
73faddda-dcc6-4f30-89ac-3c2a7caf8641,emp-9,2026-06-09,2026-06-09T08:23:02.539283,2026-06-09T17:07:02.539283,Présent
5f7bb0f6-f75e-4455-a5c0-37eb6bb6492f,emp-9,2026-06-10,2026-06-10T08:34:02.539283,2026-06-10T18:46:02.539283,Présent
c2feb945-7f68-4831-9174-d690a613451e,emp-9,2026-06-11,2026-06-11T08:37:02.539283,2026-06-11T17:05:02.539283,Présent
e17e432b-725f-413e-a32b-5629b752605a,emp-9,2026-06-12,2026-06-12T08:01:02.539283,2026-06-12T17:24:02.539283,Présent
f7d856d2-0a1c-49a3-8cef-dc1aa2037280,emp-10,2026-05-18,2026-05-18T08:16:02.539283,2026-05-18T17:46:02.539283,Présent
160a60dc-019d-48cb-a2df-e28816d824fa,emp-10,2026-05-19,2026-05-19T08:17:02.539283,2026-05-19T18:48:02.539283,Présent
cc2226c8-df9a-4bd2-b591-e7edfeeda622,emp-10,2026-05-20,2026-05-20T08:07:02.539283,2026-05-20T18:57:02.539283,Présent
3079e859-9210-4e51-9b01-7bddcbf69224,emp-10,2026-05-21,,,Absent
b0547dca-fdc7-49f5-9670-da7fee548dc1,emp-10,2026-05-22,2026-05-22T08:44:02.539283,2026-05-22T17:32:02.539283,Présent
1fc364a0-7963-4ea8-8e05-e93725c4f255,emp-10,2026-05-25,2026-05-25T08:05:02.539283,2026-05-25T18:06:02.539283,Présent
0e8a1214-9161-49e9-9253-20a5ec3ca7f0,emp-10,2026-05-26,2026-05-26T08:53:02.539283,2026-05-26T18:42:02.539283,Présent
341094bd-2b42-423c-96c4-3ef2c0580343,emp-10,2026-05-27,2026-05-27T08:02:02.539283,2026-05-27T17:59:02.539283,Présent
1c78e43c-2b4e-4663-a494-973ee1414ea3,emp-10,2026-05-28,,,Absent
9a19cfe8-35e2-45c6-a968-f1b3491d6202,emp-10,2026-05-29,2026-05-29T08:54:02.539283,2026-05-29T18:56:02.539283,Présent
4ef26ad5-c073-4cff-bacb-8bc7d6a3f17c,emp-10,2026-06-01,2026-06-01T10:05:02.539283,2026-06-01T17:39:02.539283,Retard
09e62d3d-0127-4139-9b33-157c297afbea,emp-10,2026-06-02,2026-06-02T08:22:02.539283,2026-06-02T18:03:02.539283,Présent
68598f2c-4d3f-46f1-8f20-7112daa668be,emp-10,2026-06-03,2026-06-03T08:21:02.539283,2026-06-03T18:20:02.539283,Présent
e686a585-8690-47f6-9879-69fc2257dd34,emp-10,2026-06-04,2026-06-04T08:45:02.539283,2026-06-04T17:24:02.539283,Présent
c74c5159-52a7-4870-a73d-bdeb92596d7c,emp-10,2026-06-05,2026-06-05T08:27:02.539283,2026-06-05T17:12:02.539283,Présent
51e16bfd-4eac-48e0-9f26-738b7149cbb4,emp-10,2026-06-08,2026-06-08T08:01:02.539283,2026-06-08T18:21:02.539283,Présent
96a2dc43-be3f-404f-a29f-309cebe096cb,emp-10,2026-06-09,2026-06-09T08:09:02.539283,2026-06-09T17:35:02.539283,Présent
db78c940-0acb-410f-9ccd-f68d2ca76986,emp-10,2026-06-10,2026-06-10T08:31:02.539283,2026-06-10T18:03:02.539283,Présent
424e58a8-fb6d-48b2-bede-b7fe4801553c,emp-10,2026-06-11,,,Absent
510a4f0b-f6ab-4361-9222-8ef1277f6afa,emp-10,2026-06-12,2026-06-12T08:18:02.539283,2026-06-12T17:45:02.539283,Présent
0ef1e9ea-6cfa-405a-b35d-4c4c5d0ab8e6,emp-11,2026-05-18,2026-05-18T08:13:02.539283,2026-05-18T18:27:02.539283,Présent
7ba1b1de-8382-45c7-adb2-13a0c1597b58,emp-11,2026-05-19,2026-05-19T08:00:02.539283,2026-05-19T17:58:02.539283,Présent
6431d54c-665a-40e9-b386-b4af7cbc2ac1,emp-11,2026-05-20,2026-05-20T08:54:02.539283,2026-05-20T17:42:02.539283,Présent
eb4e9076-2dad-415a-a6d7-1c8e72ec9ba9,emp-11,2026-05-21,2026-05-21T08:37:02.539283,2026-05-21T18:53:02.539283,Présent
58ead894-c684-4ed4-adf3-38c9b703bb53,emp-11,2026-05-22,2026-05-22T08:03:02.539283,2026-05-22T17:39:02.539283,Présent
e91883b4-15cf-4597-a4f7-1761d988b7af,emp-11,2026-05-25,2026-05-25T08:02:02.539283,2026-05-25T18:55:02.539283,Présent
4a1f6ced-9a17-4f82-8d79-5cf6c450a459,emp-11,2026-05-26,2026-05-26T08:55:02.539283,2026-05-26T17:07:02.539283,Présent
f168db6e-5925-4f74-98bf-c2b1eab50cf2,emp-11,2026-05-27,2026-05-27T08:00:02.539283,2026-05-27T18:19:02.539283,Présent
f29ccaf3-7fb2-41ae-a2c2-eed5a91af1ae,emp-11,2026-05-28,2026-05-28T08:39:02.539283,2026-05-28T17:02:02.539283,Présent
f261c5af-1777-44ed-b30c-4ae5380e045d,emp-11,2026-05-29,2026-05-29T08:18:02.539283,2026-05-29T17:28:02.539283,Présent
908ca60b-661c-4163-8cf2-e09a911f8f04,emp-11,2026-06-01,2026-06-01T08:59:02.539283,2026-06-01T18:40:02.539283,Présent
b7cbdb7e-3c68-4dfb-8500-60ff02bc15e1,emp-11,2026-06-02,2026-06-02T08:01:02.539283,2026-06-02T17:28:02.539283,Présent
cc3d2b9f-3856-4786-8c35-9c0d71af6b99,emp-11,2026-06-03,2026-06-03T08:31:02.539283,2026-06-03T17:37:02.539283,Présent
3d98e8b7-79e4-4755-af0d-f937f9fe9421,emp-11,2026-06-04,2026-06-04T08:15:02.539283,2026-06-04T17:47:02.539283,Présent
77602342-c66f-4d2a-b925-dce10941fca7,emp-11,2026-06-05,2026-06-05T08:16:02.539283,2026-06-05T17:02:02.539283,Présent
980e7361-5cca-4dfb-b932-36e618741353,emp-11,2026-06-08,2026-06-08T08:59:02.539283,2026-06-08T18:03:02.539283,Présent
042c5b83-0ab2-4f6f-8332-09fcde958b20,emp-11,2026-06-09,2026-06-09T10:53:02.539283,2026-06-09T18:22:02.539283,Retard
a3f38b50-d8a1-4e1e-a518-f3fd5ff83189,emp-11,2026-06-10,2026-06-10T08:09:02.539283,2026-06-10T17:14:02.539283,Présent
592f1947-cc33-49d0-bd7c-cb17939b0b2b,emp-11,2026-06-11,2026-06-11T08:08:02.539283,2026-06-11T17:25:02.539283,Présent
9d5b376a-8b03-4f07-a4ae-9efc421541c6,emp-11,2026-06-12,,,Absent
fcf509a6-39c3-4182-8c2c-fa57a2003907,emp-12,2026-05-18,2026-05-18T08:44:02.539283,2026-05-18T18:00:02.539283,Présent
9add9623-a2f8-4eeb-ac7f-022cb5fbb0fc,emp-12,2026-05-19,2026-05-19T08:34:02.539283,2026-05-19T17:17:02.539283,Présent
be0c631d-7420-4fe6-b496-862eb6db82a6,emp-12,2026-05-20,2026-05-20T08:47:02.539283,2026-05-20T17:55:02.539283,Présent
9d85318a-6fcc-4c0b-bc44-cfe849088f92,emp-12,2026-05-21,2026-05-21T08:13:02.539283,2026-05-21T18:01:02.539283,Présent
a4bc5c06-2eec-4b19-9973-8586d1f421d1,emp-12,2026-05-22,2026-05-22T08:35:02.539283,2026-05-22T17:02:02.539283,Présent
c9e5c845-5a45-4a27-8e5c-b59c5fc43ab2,emp-12,2026-05-25,2026-05-25T08:32:02.539283,2026-05-25T17:51:02.539283,Présent
ae7b6b73-74d5-4519-8934-843120ac5cf4,emp-12,2026-05-26,2026-05-26T08:21:02.539283,2026-05-26T18:47:02.539283,Présent
e37d5f2f-236a-4599-ab78-f93c4eef06af,emp-12,2026-05-27,2026-05-27T08:58:02.539283,2026-05-27T17:38:02.539283,Présent
6f9aa48f-762b-4e1e-834a-074a80e58812,emp-12,2026-05-28,2026-05-28T08:36:02.539283,2026-05-28T17:53:02.539283,Présent
2f0b10e6-1e48-4418-ae8f-6bfcd5a1b389,emp-12,2026-05-29,2026-05-29T08:39:02.539283,2026-05-29T17:12:02.539283,Présent
f9ff45c3-f467-48f5-9cc6-0888208edaad,emp-12,2026-06-01,2026-06-01T08:44:02.539283,2026-06-01T18:52:02.539283,Présent
7855eb8b-0b79-406a-b70e-ceab1b7de281,emp-12,2026-06-02,2026-06-02T08:23:02.539283,2026-06-02T18:05:02.539283,Présent
1659c575-11e0-48c7-86e6-e92875b510b3,emp-12,2026-06-03,2026-06-03T08:48:02.539283,2026-06-03T17:18:02.539283,Présent
5505f180-14dd-4682-90cd-e697b9aa30a4,emp-12,2026-06-04,2026-06-04T09:19:02.539283,2026-06-04T18:15:02.539283,Retard
c6a9efca-e811-4f0e-aca4-8d07bda71f76,emp-12,2026-06-05,2026-06-05T08:59:02.539283,2026-06-05T18:11:02.539283,Présent
91792478-d436-4163-aca5-10fbb9e0d755,emp-12,2026-06-08,2026-06-08T08:23:02.539283,2026-06-08T17:43:02.539283,Présent
bcecbbfe-389f-41dc-92c7-5ec6d4fcb26a,emp-12,2026-06-09,2026-06-09T08:40:02.539283,2026-06-09T18:15:02.539283,Présent
3dde9f6f-963d-4ecd-85dd-9bd1da8b6de4,emp-12,2026-06-10,2026-06-10T08:15:02.539283,2026-06-10T17:40:02.539283,Présent
bd6085bd-b884-492f-8ab1-118926d69656,emp-12,2026-06-11,2026-06-11T10:06:02.539283,2026-06-11T18:08:02.539283,Retard
347178e0-2ae9-4da7-8ad8-6d033ebdff41,emp-12,2026-06-12,2026-06-12T08:12:02.539283,2026-06-12T18:03:02.539283,Présent
a0aa964b-b961-4f73-a6e3-69a1a854931d,emp-15,2026-05-18,2026-05-18T10:56:02.539283,2026-05-18T17:47:02.539283,Retard
9626ce79-7a5f-49b0-b755-2461e24d0283,emp-15,2026-05-19,2026-05-19T08:05:02.539283,2026-05-19T17:51:02.539283,Présent
ad3907d9-b60f-4c51-9c8b-83694b4ac0d1,emp-15,2026-05-20,2026-05-20T08:13:02.539283,2026-05-20T18:33:02.539283,Présent
68ff5f1a-0958-40f7-9208-15726744bfcb,emp-15,2026-05-21,2026-05-21T08:08:02.539283,2026-05-21T18:20:02.539283,Présent
e5624565-0414-4eb3-ae8e-ef93e52ab94e,emp-15,2026-05-22,2026-05-22T08:20:02.539283,2026-05-22T18:36:02.539283,Présent
78b73020-e420-4aee-a525-46cefcc98523,emp-15,2026-05-25,2026-05-25T08:11:02.539283,2026-05-25T18:51:02.539283,Présent
ef4c2f5d-38c5-4b32-83ed-8def3ab9f1cc,emp-15,2026-05-26,2026-05-26T08:55:02.539283,2026-05-26T17:46:02.539283,Présent
d4d221ce-1b4e-4fe1-9bd7-afa2a03344e0,emp-15,2026-05-27,2026-05-27T08:17:02.539283,2026-05-27T18:20:02.539283,Présent
e99a116b-4c2f-48d4-ba90-0aa9f09ce150,emp-15,2026-05-28,2026-05-28T08:00:02.539283,2026-05-28T18:33:02.539283,Présent
2a4b0b80-0466-4b88-8791-ac014d77ab46,emp-15,2026-05-29,2026-05-29T08:01:02.539283,2026-05-29T17:17:02.539283,Présent
955732fa-009f-4c30-b6ec-e577e6cff2f7,emp-15,2026-06-01,2026-06-01T08:35:02.539283,2026-06-01T18:07:02.539283,Présent
447ea16c-4819-44fc-8017-905e7b7c8fcf,emp-15,2026-06-02,2026-06-02T08:33:02.539283,2026-06-02T18:19:02.539283,Présent
ab7aa16b-0067-42fe-b1b0-cd29d9ab4f0d,emp-15,2026-06-03,2026-06-03T08:17:02.539283,2026-06-03T17:47:02.539283,Présent
2a3c6ab2-71ee-4a4d-a18d-adec7be8bf9f,emp-15,2026-06-04,2026-06-04T08:03:02.539283,2026-06-04T18:33:02.539283,Présent
43ed1dd8-ee2c-42a6-a135-df52f2a9632e,emp-15,2026-06-05,2026-06-05T08:21:02.539283,2026-06-05T18:09:02.539283,Présent
c02e9fe6-e2a5-43be-a413-0ee7fdde593e,emp-15,2026-06-08,2026-06-08T08:19:02.539283,2026-06-08T18:23:02.539283,Présent
2930025c-7107-420c-89f4-fa83b514d770,emp-15,2026-06-09,2026-06-09T08:10:02.539283,2026-06-09T17:30:02.539283,Présent
96250c6c-1fe5-443e-8c8e-734aa3026215,emp-15,2026-06-10,2026-06-10T08:29:02.539283,2026-06-10T17:30:02.539283,Présent
772f106d-ec5c-4702-9ae0-4fee2f8f58eb,emp-15,2026-06-11,2026-06-11T08:18:02.539283,2026-06-11T17:10:02.539283,Présent
d125d59e-3a2d-48f3-ac00-84c977f66fc4,emp-15,2026-06-12,2026-06-12T08:05:02.539283,2026-06-12T18:07:02.539283,Présent
92ed4ae0-4e6b-4057-b65d-2a9b9b9703c9,emp-16,2026-05-18,2026-05-18T08:05:02.539283,2026-05-18T17:16:02.539283,Présent
31bf55ef-43fd-41b1-8628-b4b7bcb710fa,emp-16,2026-05-19,2026-05-19T08:04:02.539283,2026-05-19T17:11:02.539283,Présent
3b6c917a-c2ea-48ae-9d27-8cbf9aedf125,emp-16,2026-05-20,2026-05-20T08:37:02.539283,2026-05-20T17:38:02.539283,Présent
a860e88c-2307-4251-9fc3-df7b3afe1bd0,emp-16,2026-05-21,2026-05-21T08:17:02.539283,2026-05-21T17:08:02.539283,Présent
a36dabec-9482-4275-b866-72ab2a4fed42,emp-16,2026-05-22,2026-05-22T08:22:02.539283,2026-05-22T17:03:02.539283,Présent
eb20290b-f318-4c45-a675-ebfb594af594,emp-16,2026-05-25,2026-05-25T08:54:02.539283,2026-05-25T17:22:02.539283,Présent
a8b75f01-35cb-469f-a7ca-a83beafa2746,emp-16,2026-05-26,,,Absent
98593a6e-5938-44ae-88f9-b4414506fc70,emp-16,2026-05-27,2026-05-27T08:06:02.539283,2026-05-27T18:11:02.539283,Présent
5acbc74c-5692-4661-9efe-50cbc015907f,emp-16,2026-05-28,2026-05-28T08:28:02.539283,2026-05-28T18:46:02.539283,Présent
5efef9a7-9bfc-4116-b2bc-0ef5c8b6bc18,emp-16,2026-05-29,2026-05-29T08:43:02.539283,2026-05-29T18:15:02.539283,Présent
b515d5a5-64df-40d4-a2f4-5808354c35c4,emp-16,2026-06-01,2026-06-01T08:14:02.539283,2026-06-01T18:53:02.539283,Présent
8cda87e4-ec9a-4afb-a5b0-82911d81c51f,emp-16,2026-06-02,2026-06-02T08:23:02.539283,2026-06-02T18:15:02.539283,Présent
e999572b-c5b2-4eb6-b7a9-ad7d2115d245,emp-16,2026-06-03,2026-06-03T08:28:02.539283,2026-06-03T17:29:02.539283,Présent
71173678-77b9-4951-bf10-f2dfd1da2372,emp-16,2026-06-04,2026-06-04T10:49:02.539283,2026-06-04T17:27:02.539283,Retard
7640da77-a199-4d9e-a83c-fd5292cd50f3,emp-16,2026-06-05,2026-06-05T08:30:02.539283,2026-06-05T18:37:02.539283,Présent
a7583e9b-b158-482e-b88e-82c159b777ba,emp-16,2026-06-08,2026-06-08T08:51:02.539283,2026-06-08T18:11:02.539283,Présent
df8d22ca-6868-42a5-8970-724db09cf47d,emp-16,2026-06-09,2026-06-09T08:50:02.539283,2026-06-09T18:58:02.539283,Présent
c0176410-1580-4665-a3a3-64c05746baf5,emp-16,2026-06-10,2026-06-10T08:02:02.539283,2026-06-10T18:48:02.539283,Présent
7b1d244e-3e5f-4721-89f6-7155099ad008,emp-16,2026-06-11,2026-06-11T08:11:02.539283,2026-06-11T17:36:02.539283,Présent
98069def-4494-4baa-a9df-1a4e4899ed82,emp-16,2026-06-12,,,Absent
14e78947-cfd5-4fef-968d-21e9fff939b2,emp-17,2026-05-18,2026-05-18T08:09:02.539283,2026-05-18T18:41:02.539283,Présent
10337118-3673-44fb-9346-48ebc18bdbbc,emp-17,2026-05-19,2026-05-19T08:08:02.539283,2026-05-19T17:56:02.539283,Présent
99044613-2f64-4ee6-ac68-6f5f0608341d,emp-17,2026-05-20,2026-05-20T08:59:02.539283,2026-05-20T17:31:02.539283,Présent
082e2b9c-5dc1-4084-9c88-72fb34769047,emp-17,2026-05-21,2026-05-21T08:30:02.539283,2026-05-21T17:10:02.539283,Présent
6e53065d-1504-4c90-ac0f-6f1007c45e20,emp-17,2026-05-22,2026-05-22T08:56:02.539283,2026-05-22T17:49:02.539283,Présent
cb5b1dab-a8e1-4d6a-b478-e20be323343d,emp-17,2026-05-25,2026-05-25T08:10:02.539283,2026-05-25T17:20:02.539283,Présent
5810d492-4693-4b66-8465-041b50b5e8f1,emp-17,2026-05-26,2026-05-26T08:28:02.539283,2026-05-26T18:16:02.539283,Présent
5a83fdf6-4c22-401d-9e78-bd0b8361c47c,emp-17,2026-05-27,,,Absent
c9b8e1c5-c806-4938-a8f9-6a42b35b6236,emp-17,2026-05-28,2026-05-28T08:58:02.539283,2026-05-28T17:32:02.539283,Présent
277e3aae-3e5d-4e57-a2b8-e25ee641077a,emp-17,2026-05-29,2026-05-29T10:41:02.539283,2026-05-29T18:14:02.539283,Retard
eb2f4f57-c8a2-4b0b-a445-889aa7b73fb1,emp-17,2026-06-01,2026-06-01T08:18:02.539283,2026-06-01T18:50:02.539283,Présent
05694134-1703-460c-b493-3852659ea76e,emp-17,2026-06-02,2026-06-02T08:09:02.539283,2026-06-02T18:51:02.539283,Présent
a0336833-4cf6-4bf4-811c-17d808a8da5c,emp-17,2026-06-03,2026-06-03T08:47:02.539283,2026-06-03T17:33:02.539283,Présent
9df835e8-0027-4cfc-9e31-f35605eca27e,emp-17,2026-06-04,2026-06-04T08:12:02.539283,2026-06-04T17:39:02.539283,Présent
0c76e874-ea00-46ef-9cd7-fee5a83d1400,emp-17,2026-06-05,2026-06-05T08:52:02.539283,2026-06-05T17:20:02.539283,Présent
f86cb9f6-bbc7-49e7-83e4-f9d57a7146b7,emp-17,2026-06-08,2026-06-08T08:41:02.539283,2026-06-08T18:29:02.539283,Présent
2de97701-672a-4b43-b053-c77fdd66b99e,emp-17,2026-06-09,2026-06-09T08:49:02.539283,2026-06-09T17:47:02.539283,Présent
6060fd5c-2e5e-4439-a5a6-f7ac86782afc,emp-17,2026-06-10,2026-06-10T08:33:02.539283,2026-06-10T18:22:02.539283,Présent
91bf2f41-d27b-4fae-a8fc-716f555bfd23,emp-17,2026-06-11,2026-06-11T09:33:02.539283,2026-06-11T18:08:02.539283,Retard
f3dceedc-d968-4bbe-bd3e-a88dcb9f24e2,emp-17,2026-06-12,2026-06-12T08:18:02.539283,2026-06-12T18:52:02.539283,Présent
a0cd851d-06c2-4263-a5d4-5446d635bd79,emp-19,2026-05-18,2026-05-18T08:15:02.539283,2026-05-18T17:09:02.539283,Présent
8450e1b5-c87d-4b47-8271-cc6c34d5ba8b,emp-19,2026-05-19,2026-05-19T08:27:02.539283,2026-05-19T18:18:02.539283,Présent
bc32aa1f-943c-4159-8314-8df85ab08fd6,emp-19,2026-05-20,2026-05-20T08:57:02.539283,2026-05-20T17:09:02.539283,Présent
d331fc0a-90e2-42c2-8aa6-3e0207f45871,emp-19,2026-05-21,2026-05-21T08:52:02.539283,2026-05-21T18:00:02.539283,Présent
41bba401-8f1b-407e-baaf-1b0069524ec2,emp-19,2026-05-22,2026-05-22T08:40:02.539283,2026-05-22T17:32:02.539283,Présent
7c566441-a42f-4489-9356-0fc53e2ab81c,emp-19,2026-05-25,2026-05-25T08:26:02.539283,2026-05-25T17:39:02.539283,Présent
61d2e367-c050-475a-bc3a-925b62a7619f,emp-19,2026-05-26,2026-05-26T08:28:02.539283,2026-05-26T18:07:02.539283,Présent
93702dc7-c9cd-4ba8-b5ae-545648160815,emp-19,2026-05-27,2026-05-27T08:06:02.539283,2026-05-27T18:37:02.539283,Présent
7b2b8bb5-9593-4ae7-88cf-91e4cca08b58,emp-19,2026-05-28,2026-05-28T08:37:02.539283,2026-05-28T17:12:02.539283,Présent
0ad7e6b8-6974-40e6-a5c8-fe0526ff1dfb,emp-19,2026-05-29,2026-05-29T08:14:02.539283,2026-05-29T18:49:02.539283,Présent
2bedca35-1c37-4af5-9510-5a85219704d8,emp-19,2026-06-01,2026-06-01T08:23:02.539283,2026-06-01T18:51:02.539283,Présent
8c1853c5-df75-476a-bc36-bf6fe880d97f,emp-19,2026-06-02,2026-06-02T08:20:02.539283,2026-06-02T17:15:02.539283,Présent
b3e89d33-c2f1-47cb-8f89-3679ccef72b3,emp-19,2026-06-03,2026-06-03T08:59:02.539283,2026-06-03T18:35:02.539283,Présent
8cd457ce-0bde-415f-a517-a48dedbf7b18,emp-19,2026-06-04,2026-06-04T08:37:02.539283,2026-06-04T17:18:02.539283,Présent
cc1730e6-9d57-4478-a331-389ff06c98e1,emp-19,2026-06-05,2026-06-05T08:39:02.539283,2026-06-05T17:11:02.539283,Présent
a618ee71-be75-49e5-9d6d-ac2521090d2e,emp-19,2026-06-08,2026-06-08T08:39:02.539283,2026-06-08T17:19:02.539283,Présent
1671d94c-0454-4891-9a10-2551c5c805da,emp-19,2026-06-09,2026-06-09T08:35:02.539283,2026-06-09T18:13:02.539283,Présent
94bebb23-3cf0-4d8b-b5df-6c8ac3f38062,emp-19,2026-06-10,2026-06-10T08:15:02.539283,2026-06-10T17:59:02.539283,Présent
2ded5b8a-b2de-48a4-9815-cd7eb7e7a96f,emp-19,2026-06-11,2026-06-11T08:17:02.539283,2026-06-11T17:06:02.539283,Présent
f1d59640-3291-4286-9d7d-e32ec5df7f95,emp-19,2026-06-12,2026-06-12T08:18:02.539283,2026-06-12T17:10:02.539283,Présent
71b0a9d2-c636-4e06-8ecd-aa4ca96047a3,emp-20,2026-05-18,2026-05-18T08:43:02.539283,2026-05-18T17:31:02.539283,Présent
024a932c-7acf-4443-b301-65048602c886,emp-20,2026-05-19,2026-05-19T08:15:02.539283,2026-05-19T17:15:02.539283,Présent
5ba580da-904c-4d01-b154-d3994dde19d3,emp-20,2026-05-20,2026-05-20T08:05:02.539283,2026-05-20T17:11:02.539283,Présent
cd7d75f0-63c3-4f39-8930-97d8e7fc3535,emp-20,2026-05-21,2026-05-21T08:41:02.539283,2026-05-21T17:16:02.539283,Présent
45be14f7-ebb3-4179-a7fc-ada7d41ac490,emp-20,2026-05-22,2026-05-22T08:07:02.539283,2026-05-22T18:07:02.539283,Présent
a8a7ae88-184b-4995-9cbb-1bebd4a46edd,emp-20,2026-05-25,2026-05-25T08:08:02.539283,2026-05-25T18:20:02.539283,Présent
eea95dce-d16a-4d1c-9641-65dd18d87a20,emp-20,2026-05-26,2026-05-26T08:45:02.539283,2026-05-26T17:05:02.539283,Présent
e06075f9-bac3-4479-8e4a-f043ad72b0d1,emp-20,2026-05-27,2026-05-27T08:43:02.539283,2026-05-27T17:15:02.539283,Présent
7f20550c-326c-4abd-8a3b-7ed469ad5a76,emp-20,2026-05-28,2026-05-28T08:35:02.539283,2026-05-28T18:22:02.539283,Présent
f1329496-2668-4885-834a-1eb59af58690,emp-20,2026-05-29,2026-05-29T08:58:02.539283,2026-05-29T18:41:02.539283,Présent
ee74a5ef-8849-45d2-929c-005cec0e3115,emp-20,2026-06-01,,,Absent
840a8153-f679-4033-b88d-7a88f9dd24f5,emp-20,2026-06-02,2026-06-02T08:59:02.539283,2026-06-02T17:09:02.539283,Présent
9a101390-9f11-43cf-9b72-88c0d3fe5739,emp-20,2026-06-03,2026-06-03T08:12:02.539283,2026-06-03T18:44:02.539283,Présent
095b189a-1e22-4611-9c8f-9b0908a02d57,emp-20,2026-06-04,2026-06-04T08:33:02.539283,2026-06-04T17:18:02.539283,Présent
73dec213-c549-4907-941d-a8c1e69acd52,emp-20,2026-06-05,2026-06-05T08:51:02.539283,2026-06-05T17:33:02.539283,Présent
c75a38ea-c057-4759-9e6e-6017ed17b364,emp-20,2026-06-08,2026-06-08T08:31:02.539283,2026-06-08T17:04:02.539283,Présent
e7e635b4-0c4d-44dd-92b8-bab08044f524,emp-20,2026-06-09,2026-06-09T08:56:02.539283,2026-06-09T17:54:02.539283,Présent
d3d3c237-c004-404f-ac73-9a3983a6c753,emp-20,2026-06-10,2026-06-10T08:17:02.539283,2026-06-10T17:39:02.539283,Présent
98b3d564-1d85-4d82-a98f-aff600ebce70,emp-20,2026-06-11,2026-06-11T08:39:02.539283,2026-06-11T18:44:02.539283,Présent
38f0ab49-a6fa-43a0-82f4-b4927a91c614,emp-20,2026-06-12,2026-06-12T08:10:02.539283,2026-06-12T17:09:02.539283,Présent
4255173e-36a9-4f73-a068-6f65cac37918,emp-21,2026-05-18,2026-05-18T08:55:02.539283,2026-05-18T17:46:02.539283,Présent
20430633-7e7a-44ae-93a1-594a37aa1d7f,emp-21,2026-05-19,2026-05-19T08:30:02.539283,2026-05-19T17:04:02.539283,Présent
7536fa93-14bd-4212-9dd7-04af671d81aa,emp-21,2026-05-20,2026-05-20T08:02:02.539283,2026-05-20T18:00:02.539283,Présent
7d2c8c47-b035-420b-8f3e-a96d0bb9651e,emp-21,2026-05-21,2026-05-21T08:53:02.539283,2026-05-21T18:59:02.539283,Présent
b050343b-b367-45fb-8264-a60de7e6dc95,emp-21,2026-05-22,2026-05-22T08:04:02.539283,2026-05-22T17:50:02.539283,Présent
73d99689-0cea-4d19-98f0-546f8e28f505,emp-21,2026-05-25,2026-05-25T08:38:02.539283,2026-05-25T18:46:02.539283,Présent
533e3e36-3928-4b02-8111-f86dc4373c7d,emp-21,2026-05-26,2026-05-26T08:50:02.539283,2026-05-26T18:46:02.539283,Présent
6a518792-293d-4508-9406-c849c5683166,emp-21,2026-05-27,2026-05-27T08:08:02.539283,2026-05-27T18:31:02.539283,Présent
48b81a9f-9814-4b95-a048-3adf52dfbbfd,emp-21,2026-05-28,2026-05-28T08:15:02.539283,2026-05-28T17:56:02.539283,Présent
437e1551-e103-4a69-adb3-c1dab0ad9ae1,emp-21,2026-05-29,2026-05-29T08:59:02.539283,2026-05-29T18:22:02.539283,Présent
989bd4c1-c5b8-428a-bb87-be4e665fa26c,emp-21,2026-06-01,2026-06-01T08:27:02.539283,2026-06-01T17:07:02.539283,Présent
a8274091-fe9a-4518-8c44-6a21136a3920,emp-21,2026-06-02,2026-06-02T09:03:02.539283,2026-06-02T17:17:02.539283,Retard
a17d1880-599c-4480-92e4-39d603aabb47,emp-21,2026-06-03,2026-06-03T08:47:02.539283,2026-06-03T18:28:02.539283,Présent
40550839-41ec-49df-a89f-dc45b865e4da,emp-21,2026-06-04,2026-06-04T08:11:02.539283,2026-06-04T18:01:02.539283,Présent
bc7194b6-77b9-4a1c-b3d2-1a648ae22b9f,emp-21,2026-06-05,2026-06-05T08:28:02.539283,2026-06-05T18:40:02.539283,Présent
4a3f4646-3d83-4b30-a8b3-c5b834d872a4,emp-21,2026-06-08,2026-06-08T08:30:02.539283,2026-06-08T17:49:02.539283,Présent
e887d959-3fc4-4bee-9b64-8ea7500c7fd4,emp-21,2026-06-09,2026-06-09T09:41:02.539283,2026-06-09T18:24:02.539283,Retard
baabe281-946f-42f6-8a21-beec46e071d1,emp-21,2026-06-10,2026-06-10T08:49:02.539283,2026-06-10T18:49:02.539283,Présent
57ac1863-becf-4992-b506-8e01f1c3202b,emp-21,2026-06-11,2026-06-11T08:15:02.539283,2026-06-11T17:46:02.539283,Présent
6bd01e33-4f64-4932-8128-6e5e77b1ee44,emp-21,2026-06-12,2026-06-12T08:01:02.539283,2026-06-12T17:03:02.539283,Présent
87d3e460-ec4e-44c4-8f38-f3442b95b0ea,emp-22,2026-05-18,2026-05-18T08:29:02.539283,2026-05-18T18:35:02.539283,Présent
2d25b4e3-2285-43dd-af44-8d37868317e8,emp-22,2026-05-19,2026-05-19T08:39:02.539283,2026-05-19T18:57:02.539283,Présent
6f24daaa-29c3-4c9b-973b-02c1d8ef7353,emp-22,2026-05-20,2026-05-20T10:27:02.539283,2026-05-20T17:56:02.539283,Retard
e3338382-6d80-436f-82b2-0f533fef53fa,emp-22,2026-05-21,2026-05-21T08:06:02.539283,2026-05-21T18:39:02.539283,Présent
a0ebf708-6843-4649-b6d1-f1ef03c9e76e,emp-22,2026-05-22,2026-05-22T08:42:02.539283,2026-05-22T17:54:02.539283,Présent
961d2d0d-936e-4589-8293-09081ccc9914,emp-22,2026-05-25,2026-05-25T08:32:02.539283,2026-05-25T18:42:02.539283,Présent
3eabc272-3c8a-4a3a-90a7-b4b768b98714,emp-22,2026-05-26,2026-05-26T08:15:02.539283,2026-05-26T18:33:02.539283,Présent
e5b640c3-4c9e-4bfe-881b-ed086e4ec048,emp-22,2026-05-27,2026-05-27T08:05:02.539283,2026-05-27T17:16:02.539283,Présent
5d6215c5-de8d-4c51-8621-50616cddbee0,emp-22,2026-05-28,2026-05-28T10:48:02.539283,2026-05-28T18:15:02.539283,Retard
565250ef-5fbe-40dc-ba2c-21f1b66c7365,emp-22,2026-05-29,2026-05-29T08:31:02.539283,2026-05-29T18:29:02.539283,Présent
3bb78aa0-7608-4e4d-b0f4-2abbbe149faf,emp-22,2026-06-01,2026-06-01T08:15:02.539283,2026-06-01T17:24:02.539283,Présent
a8790f61-82d8-454d-abe3-692be35fbcd1,emp-22,2026-06-02,2026-06-02T08:32:02.539283,2026-06-02T18:22:02.539283,Présent
8705f028-4459-4961-b5a0-ca4bcd5598eb,emp-22,2026-06-03,2026-06-03T08:48:02.539283,2026-06-03T17:58:02.539283,Présent
c0518b61-3fcf-414b-a156-2a9148e4c5a3,emp-22,2026-06-04,2026-06-04T08:58:02.539283,2026-06-04T17:38:02.539283,Présent
5e88dc27-aa52-4ff8-96d0-2d7a4e6f9469,emp-22,2026-06-05,2026-06-05T08:35:02.539283,2026-06-05T18:52:02.539283,Présent
ba409f30-b83f-4a30-b846-139e485da5d2,emp-22,2026-06-08,2026-06-08T09:09:02.539283,2026-06-08T17:05:02.539283,Retard
bbab26f6-3824-4199-8649-cec25b14eb25,emp-22,2026-06-09,2026-06-09T08:38:02.539283,2026-06-09T18:25:02.539283,Présent
5fb0c969-9aeb-43c5-9d4b-66d8509c1155,emp-22,2026-06-10,2026-06-10T08:59:02.539283,2026-06-10T18:49:02.539283,Présent
1ac29be1-3839-47fb-816f-94f0f9e4cdd2,emp-22,2026-06-11,2026-06-11T08:25:02.539283,2026-06-11T18:34:02.539283,Présent
fc1adf2c-4eb9-41bb-9bd1-6e125cdd9535,emp-22,2026-06-12,2026-06-12T08:25:02.539283,2026-06-12T17:50:02.539283,Présent
82d6aab5-3934-40fe-a4e8-2b7ca7a2ead1,emp-23,2026-05-18,2026-05-18T08:19:02.539283,2026-05-18T18:59:02.539283,Présent
fabaff69-185a-42fd-ad1a-db4728f92ee6,emp-23,2026-05-19,2026-05-19T08:30:02.539283,2026-05-19T18:53:02.539283,Présent
3b4ca0bb-7d64-4758-8e9f-84e89a2cae04,emp-23,2026-05-20,2026-05-20T08:43:02.539283,2026-05-20T17:26:02.539283,Présent
2987002c-2572-4773-ae9f-cf9a1af780d2,emp-23,2026-05-21,,,Absent
e5964bc4-8b75-4542-aba2-82c14773450c,emp-23,2026-05-22,2026-05-22T08:16:02.539283,2026-05-22T17:11:02.539283,Présent
9fe5c7f9-6974-42a6-962c-8a84ab55277f,emp-23,2026-05-25,2026-05-25T08:12:02.539283,2026-05-25T18:12:02.539283,Présent
ead8e6e9-3bf2-43ef-9cb4-69ea3327f02e,emp-23,2026-05-26,2026-05-26T08:33:02.539283,2026-05-26T18:34:02.539283,Présent
3160e0ce-1f12-4c49-a2b0-9f08e712e6fd,emp-23,2026-05-27,2026-05-27T08:02:02.539283,2026-05-27T17:05:02.539283,Présent
53f02b4a-15f9-4861-bb3f-50ea0e883e00,emp-23,2026-05-28,2026-05-28T09:17:02.539283,2026-05-28T18:50:02.539283,Retard
d6b555e0-5f45-4289-93bc-4c375de0d87d,emp-23,2026-05-29,2026-05-29T08:10:02.539283,2026-05-29T17:04:02.539283,Présent
e3eeea62-ba59-494e-8841-f79edcefbecc,emp-23,2026-06-01,2026-06-01T08:49:02.539283,2026-06-01T17:11:02.539283,Présent
cce2f225-417d-43c4-99e4-8aca4850f2b1,emp-23,2026-06-02,2026-06-02T08:48:02.539283,2026-06-02T17:37:02.539283,Présent
e42b336d-a3d4-40b8-ba2f-c8247817f005,emp-23,2026-06-03,2026-06-03T08:59:02.539283,2026-06-03T17:25:02.539283,Présent
99f57111-05dc-4751-8bc1-365ebd2f5b41,emp-23,2026-06-04,2026-06-04T08:54:02.539283,2026-06-04T18:52:02.539283,Présent
e256ba1b-f900-4804-9eb0-d880fe497ffa,emp-23,2026-06-05,2026-06-05T08:48:02.539283,2026-06-05T17:20:02.539283,Présent
dbbd127d-b33a-419e-bcfd-15c6e22e8cfb,emp-23,2026-06-08,2026-06-08T08:32:02.539283,2026-06-08T18:05:02.539283,Présent
a34c8cfe-2ebe-408b-8dfa-9254a213d441,emp-23,2026-06-09,2026-06-09T08:52:02.539283,2026-06-09T17:58:02.539283,Présent
bbadabe2-7a46-4b95-ada3-48f9476aec31,emp-23,2026-06-10,2026-06-10T08:57:02.539283,2026-06-10T18:58:02.539283,Présent
a365d9b0-d0ad-4df7-abe0-5d0c12697777,emp-23,2026-06-11,2026-06-11T08:51:02.539283,2026-06-11T18:23:02.539283,Présent
8d5ac612-8bb1-41a8-b7d6-d6ce30dd673c,emp-23,2026-06-12,2026-06-12T08:30:02.539283,2026-06-12T18:10:02.539283,Présent
9e33dfef-7ca0-4d4b-bbd3-634e36b3675b,emp-25,2026-05-18,2026-05-18T08:25:02.539283,2026-05-18T18:01:02.539283,Présent
aa3fe6fe-d6e7-41f6-9723-be3de8ed9213,emp-25,2026-05-19,2026-05-19T08:45:02.539283,2026-05-19T17:31:02.539283,Présent
8bd6b705-05e3-4118-8583-db8a8c19468a,emp-25,2026-05-20,2026-05-20T08:12:02.539283,2026-05-20T17:20:02.539283,Présent
02b0864b-3657-476b-81e7-037e836e11db,emp-25,2026-05-21,2026-05-21T08:53:02.539283,2026-05-21T18:53:02.539283,Présent
55edacaf-4de2-40f1-a308-d64efedc2ad5,emp-25,2026-05-22,2026-05-22T08:47:02.539283,2026-05-22T17:30:02.539283,Présent
7cb6f5bf-267e-41e7-b82a-5bcc83a02d82,emp-25,2026-05-25,2026-05-25T08:38:02.539283,2026-05-25T18:00:02.539283,Présent
de7db326-e083-4d03-8a04-a7a12473024d,emp-25,2026-05-26,2026-05-26T08:25:02.539283,2026-05-26T17:05:02.539283,Présent
36cbc667-c518-44bb-b631-eee740da0b50,emp-25,2026-05-27,2026-05-27T08:00:02.539283,2026-05-27T17:24:02.539283,Présent
4df8ea98-4e30-4ebd-b63d-6f8ef7da2999,emp-25,2026-05-28,2026-05-28T08:38:02.539283,2026-05-28T17:32:02.539283,Présent
b7588a4e-cfb7-4412-9b26-65b885bccd7a,emp-25,2026-05-29,2026-05-29T08:12:02.539283,2026-05-29T18:11:02.539283,Présent
8ea04e8a-0efe-481b-ae18-5c1f58715f70,emp-25,2026-06-01,2026-06-01T08:25:02.539283,2026-06-01T18:51:02.539283,Présent
e96abc19-3e99-4857-a55e-11f9442fad51,emp-25,2026-06-02,2026-06-02T08:17:02.539283,2026-06-02T17:06:02.539283,Présent
dad5a309-336f-4dd1-998f-8216fa1bff4c,emp-25,2026-06-03,2026-06-03T08:40:02.539283,2026-06-03T18:27:02.539283,Présent
99e61cae-ab03-46fa-883e-18cfa3312b16,emp-25,2026-06-04,2026-06-04T08:15:02.539283,2026-06-04T17:11:02.539283,Présent
eac7942d-7de3-4345-818a-38b7dd5ce8e2,emp-25,2026-06-05,2026-06-05T08:00:02.539283,2026-06-05T18:03:02.539283,Présent
21b90a22-ac44-4cf7-b3ed-f7a7588ca011,emp-25,2026-06-08,2026-06-08T08:32:02.539283,2026-06-08T17:47:02.539283,Présent
63559a92-b48b-4e7e-95dc-21ce31d89e03,emp-25,2026-06-09,2026-06-09T08:38:02.539283,2026-06-09T17:42:02.539283,Présent
73f36a8f-eb38-4814-913a-ef662f74e632,emp-25,2026-06-10,2026-06-10T08:41:02.539283,2026-06-10T17:21:02.539283,Présent
84219fb4-604d-4e6b-9683-87694f497c2e,emp-25,2026-06-11,2026-06-11T08:04:02.539283,2026-06-11T17:57:02.539283,Présent
10adb9db-4fa6-4206-92e6-d2cb73abe5e2,emp-25,2026-06-12,2026-06-12T08:28:02.539283,2026-06-12T18:11:02.539283,Présent
6523a228-eb89-41f2-b4a7-40e4ca50fcf7,emp-26,2026-05-18,2026-05-18T08:01:02.539283,2026-05-18T18:35:02.539283,Présent
008ea3c7-8249-4d60-9fd3-9ab8885cf7d3,emp-26,2026-05-19,2026-05-19T08:21:02.539283,2026-05-19T17:38:02.539283,Présent
91fb026a-266f-42cd-855e-4e46dedf79dc,emp-26,2026-05-20,2026-05-20T08:29:02.539283,2026-05-20T18:03:02.539283,Présent
0642904f-36eb-4523-8880-1a9fff675f0d,emp-26,2026-05-21,2026-05-21T08:23:02.539283,2026-05-21T17:01:02.539283,Présent
b5a2eb45-05c5-4c8f-b3d3-6ef1fbcb4a31,emp-26,2026-05-22,2026-05-22T08:02:02.539283,2026-05-22T18:17:02.539283,Présent
aa96e2a1-758e-4b00-a5e9-0d7ed1b3f832,emp-26,2026-05-25,2026-05-25T08:52:02.539283,2026-05-25T17:49:02.539283,Présent
f2c68d73-0802-42ab-a04d-c1184abe4d1d,emp-26,2026-05-26,2026-05-26T08:26:02.539283,2026-05-26T18:32:02.539283,Présent
acb399e8-201d-41c9-a8ee-c417c779da90,emp-26,2026-05-27,2026-05-27T08:54:02.539283,2026-05-27T18:40:02.539283,Présent
4f3a330a-fe19-4425-9450-a2ba25056439,emp-26,2026-05-28,2026-05-28T08:17:02.539283,2026-05-28T18:39:02.539283,Présent
3d559bb8-8a32-439d-9adf-a59db23a5e12,emp-26,2026-05-29,2026-05-29T08:47:02.539283,2026-05-29T18:50:02.539283,Présent
cf0ab1a9-5f85-4f75-8c31-675c967df372,emp-26,2026-06-01,2026-06-01T08:17:02.539283,2026-06-01T17:48:02.539283,Présent
287c3cb6-5f0f-4c08-9763-d14b1e32e263,emp-26,2026-06-02,2026-06-02T08:17:02.539283,2026-06-02T18:20:02.539283,Présent
8a649752-e8f2-4264-8991-6ad1a0b9d910,emp-26,2026-06-03,2026-06-03T08:12:02.539283,2026-06-03T17:42:02.539283,Présent
39d4c488-56f0-4d45-94cf-4036efcae6af,emp-26,2026-06-04,2026-06-04T08:31:02.539283,2026-06-04T18:53:02.539283,Présent
4144948c-3d3b-44a4-b1d6-b83c08903f1f,emp-26,2026-06-05,2026-06-05T08:30:02.539283,2026-06-05T18:05:02.539283,Présent
38ed05fc-cd42-4c21-abd2-b6e6f5867501,emp-26,2026-06-08,2026-06-08T08:45:02.539283,2026-06-08T17:58:02.539283,Présent
b89be33a-0c2f-42fe-9c13-81f447b1cdf3,emp-26,2026-06-09,2026-06-09T08:24:02.539283,2026-06-09T17:22:02.539283,Présent
8be2f374-f561-4f46-a5ab-8c4a69f5e564,emp-26,2026-06-10,2026-06-10T08:49:02.539283,2026-06-10T18:24:02.539283,Présent
69cbfb24-7aed-43d0-9e17-3a52352952f1,emp-26,2026-06-11,2026-06-11T08:00:02.539283,2026-06-11T18:49:02.539283,Présent
0be04951-2000-4769-9f1a-34670f8c15e1,emp-26,2026-06-12,2026-06-12T08:24:02.539283,2026-06-12T18:23:02.539283,Présent
9ce6e7cd-bd35-4aa4-9692-c8832b1cd134,emp-28,2026-05-18,2026-05-18T08:43:02.539283,2026-05-18T18:00:02.539283,Présent
0e891e3d-9214-4792-8bab-1a9c57512358,emp-28,2026-05-19,,,Absent
79f75420-77ee-4d7b-bdf2-e11fe4be0256,emp-28,2026-05-20,,,Absent
8fe972c6-d3e1-46a5-8fc1-39ac6e1754f3,emp-28,2026-05-21,2026-05-21T08:31:02.539283,2026-05-21T17:36:02.539283,Présent
b473b16a-a9c9-41f4-bc42-d940e7567b59,emp-28,2026-05-22,2026-05-22T08:26:02.539283,2026-05-22T18:39:02.539283,Présent
915289e3-dc9d-4b81-9c1e-23047738c346,emp-28,2026-05-25,2026-05-25T08:18:02.539283,2026-05-25T17:52:02.539283,Présent
5556e3b5-2eac-4d1b-85b9-9919eba05902,emp-28,2026-05-26,2026-05-26T08:07:02.539283,2026-05-26T18:42:02.539283,Présent
001ccf54-45a3-448a-928e-c64639435a6b,emp-28,2026-05-27,2026-05-27T08:39:02.539283,2026-05-27T17:47:02.539283,Présent
44f4b392-9112-436a-be65-74abef79b48e,emp-28,2026-05-28,2026-05-28T08:38:02.539283,2026-05-28T17:41:02.539283,Présent
94949ac2-d5e8-45c0-9224-f83c98d83aa4,emp-28,2026-05-29,2026-05-29T08:58:02.539283,2026-05-29T18:49:02.539283,Présent
e921746a-cb87-41ed-903e-b47b975d4273,emp-28,2026-06-01,2026-06-01T08:08:02.539283,2026-06-01T17:43:02.539283,Présent
c8b03b9b-318d-4c26-819f-580a4899a0eb,emp-28,2026-06-02,2026-06-02T08:13:02.539283,2026-06-02T17:23:02.539283,Présent
f1bccc30-3b7e-4069-bf94-7c8f667af798,emp-28,2026-06-03,,,Absent
f2dede0d-a8d3-4221-9ed4-f48a1e5f889a,emp-28,2026-06-04,2026-06-04T08:33:02.539283,2026-06-04T18:54:02.539283,Présent
57006610-6943-44a7-8ab0-d2e94b01dd24,emp-28,2026-06-05,2026-06-05T08:49:02.539283,2026-06-05T17:05:02.539283,Présent
197fc5dd-25fd-4d57-859c-f50762daadf2,emp-28,2026-06-08,2026-06-08T08:09:02.539283,2026-06-08T17:41:02.539283,Présent
13157065-1d0c-4622-b5ab-384776a9e91f,emp-28,2026-06-09,2026-06-09T08:28:02.539283,2026-06-09T17:07:02.539283,Présent
65d5c7e2-74a7-4699-a49a-13642cde0b7f,emp-28,2026-06-10,2026-06-10T08:06:02.539283,2026-06-10T18:24:02.539283,Présent
9cd55fe1-facf-48cd-9757-28d891fc9f47,emp-28,2026-06-11,,,Absent
964265ea-9710-4aea-9dcf-506ba50aadee,emp-28,2026-06-12,2026-06-12T08:48:02.539283,2026-06-12T17:06:02.539283,Présent
166809b4-5c36-4527-b187-b63d77f4951f,emp-29,2026-05-18,2026-05-18T08:08:02.539283,2026-05-18T17:29:02.539283,Présent
3797e904-bd2a-46fe-b82c-81ec12a1e24e,emp-29,2026-05-19,2026-05-19T08:59:02.539283,2026-05-19T17:12:02.539283,Présent
d2fa2e89-8594-43cd-8355-9d01d6aaf9f3,emp-29,2026-05-20,2026-05-20T08:15:02.539283,2026-05-20T18:39:02.539283,Présent
057a3777-bea0-441f-a274-7d046b2f2dae,emp-29,2026-05-21,2026-05-21T08:37:02.539283,2026-05-21T17:17:02.539283,Présent
db4dbdd7-af11-4f7c-96fd-b4834402b3f1,emp-29,2026-05-22,2026-05-22T08:05:02.539283,2026-05-22T17:57:02.539283,Présent
0a06b734-b20f-4776-ba91-69afaf8abde5,emp-29,2026-05-25,2026-05-25T08:59:02.539283,2026-05-25T18:39:02.539283,Présent
5cc9ba66-5523-48b3-9e9a-978eecb8ef5f,emp-29,2026-05-26,2026-05-26T08:14:02.539283,2026-05-26T17:58:02.539283,Présent
d98f8aa5-ad0c-4e3e-888f-04674b59ef9b,emp-29,2026-05-27,2026-05-27T08:26:02.539283,2026-05-27T17:52:02.539283,Présent
2208fd0e-bfd7-446c-87e8-3ec7aa336da3,emp-29,2026-05-28,2026-05-28T08:29:02.539283,2026-05-28T17:40:02.539283,Présent
415135c9-c319-4e29-8478-07bde8d6fa4f,emp-29,2026-05-29,2026-05-29T08:02:02.539283,2026-05-29T17:43:02.539283,Présent
d2586ea6-f7c9-46f5-93f5-f268599a21b4,emp-29,2026-06-01,2026-06-01T08:23:02.539283,2026-06-01T18:01:02.539283,Présent
4b090b22-adaf-47f7-b483-09a9152b7189,emp-29,2026-06-02,2026-06-02T08:53:02.539283,2026-06-02T18:23:02.539283,Présent
6d63f6ae-e6ec-4529-846f-2cc59a88e508,emp-29,2026-06-03,2026-06-03T08:12:02.539283,2026-06-03T18:25:02.539283,Présent
1ad03266-fb77-4d62-bc74-084edecd7fe0,emp-29,2026-06-04,2026-06-04T08:20:02.539283,2026-06-04T18:37:02.539283,Présent
71d9cd8e-5339-43df-b51c-1abe8d950032,emp-29,2026-06-05,2026-06-05T08:03:02.539283,2026-06-05T17:23:02.539283,Présent
dfecb041-7880-4fb8-bd39-95584a21cbad,emp-29,2026-06-08,2026-06-08T08:33:02.539283,2026-06-08T17:02:02.539283,Présent
4970e43a-6b6f-4255-b8ff-efd308d8ec6c,emp-29,2026-06-09,2026-06-09T08:04:02.539283,2026-06-09T17:32:02.539283,Présent
73b9e16c-2f13-4cf2-8605-53902c3f9895,emp-29,2026-06-10,2026-06-10T08:21:02.539283,2026-06-10T18:51:02.539283,Présent
5962a5f3-0f3d-482f-96f4-3346a66b8097,emp-29,2026-06-11,,,Absent
f3307ac4-2549-4d19-ba48-e3fa8041de39,emp-29,2026-06-12,2026-06-12T08:33:02.539283,2026-06-12T17:23:02.539283,Présent
a4cd1b7d-7f8e-4d90-89c8-eb071a7f4b63,emp-30,2026-05-18,2026-05-18T08:48:02.539283,2026-05-18T17:26:02.539283,Présent
d3f2c643-bd90-4f5f-ae66-0f3fa44f2981,emp-30,2026-05-19,2026-05-19T08:39:02.539283,2026-05-19T18:42:02.539283,Présent
532c09a4-fc37-457e-9081-3286c004290d,emp-30,2026-05-20,2026-05-20T10:36:02.539283,2026-05-20T18:08:02.539283,Retard
781d9cbd-2ce8-4deb-9ee5-3d83a60adacb,emp-30,2026-05-21,2026-05-21T08:45:02.539283,2026-05-21T18:06:02.539283,Présent
13ef23e5-b1df-4e9e-9a52-2476481a433b,emp-30,2026-05-22,2026-05-22T08:26:02.539283,2026-05-22T18:57:02.539283,Présent
f564fa0e-7749-4924-b327-aa43f272b20b,emp-30,2026-05-25,2026-05-25T08:25:02.539283,2026-05-25T18:31:02.539283,Présent
b436a15c-fcc2-4675-ab28-ac0f674dc3dd,emp-30,2026-05-26,2026-05-26T08:48:02.539283,2026-05-26T17:07:02.539283,Présent
4e22bc5a-2f8c-4780-afe9-f3b8cfb32202,emp-30,2026-05-27,2026-05-27T08:14:02.539283,2026-05-27T18:57:02.539283,Présent
7b585cd4-9f96-418a-9aca-384eb490d460,emp-30,2026-05-28,2026-05-28T08:50:02.539283,2026-05-28T18:44:02.539283,Présent
43950acb-79ac-4e39-990a-7463c941c8b2,emp-30,2026-05-29,2026-05-29T08:18:02.539283,2026-05-29T17:08:02.539283,Présent
8ebfcee3-5cd5-4075-88ff-52152ed69fc3,emp-30,2026-06-01,2026-06-01T08:21:02.539283,2026-06-01T18:39:02.539283,Présent
4f359268-913c-41e7-aeaa-836f86d1ef11,emp-30,2026-06-02,2026-06-02T08:30:02.539283,2026-06-02T18:56:02.539283,Présent
9dbd4875-988e-426c-9860-3052cd6863b0,emp-30,2026-06-03,2026-06-03T08:48:02.539283,2026-06-03T17:08:02.539283,Présent
3b37a9df-b5dc-4fff-94c9-3501209ad0dc,emp-30,2026-06-04,2026-06-04T08:20:02.539283,2026-06-04T17:47:02.539283,Présent
0b74466b-9c4f-4d49-b4f3-98bbd71fa93f,emp-30,2026-06-05,2026-06-05T08:28:02.539283,2026-06-05T18:49:02.539283,Présent
b2c89737-d9ce-4db6-9674-a06ebff43003,emp-30,2026-06-08,2026-06-08T08:18:02.539283,2026-06-08T17:22:02.539283,Présent
381a0ba9-d7eb-428b-ac9f-b75015239f67,emp-30,2026-06-09,2026-06-09T08:41:02.539283,2026-06-09T18:02:02.539283,Présent
94d46739-54f7-41b1-8e56-133642c12660,emp-30,2026-06-10,,,Absent
556990b9-3965-4a92-82b1-5898f8350a73,emp-30,2026-06-11,2026-06-11T08:46:02.539283,2026-06-11T18:25:02.539283,Présent
df988524-c7b2-42ea-9d22-0e93cf02e669,emp-30,2026-06-12,2026-06-12T08:04:02.539283,2026-06-12T17:03:02.539283,Présent
de34026e-c8a4-4d77-a2ba-5acdf0a0e0a8,emp-31,2026-05-18,2026-05-18T08:34:02.539283,2026-05-18T17:22:02.539283,Présent
e8a42965-5a1f-4c43-92a9-6bd048015452,emp-31,2026-05-19,2026-05-19T08:00:02.539283,2026-05-19T18:00:02.539283,Présent
945c836e-5f4e-46ab-bbf0-ffda6d396a24,emp-31,2026-05-20,2026-05-20T08:29:02.539283,2026-05-20T17:38:02.539283,Présent
1bd0f4a8-b5b7-43b9-9835-35cb09da8d63,emp-31,2026-05-21,2026-05-21T08:13:02.539283,2026-05-21T17:57:02.539283,Présent
4e4908e8-3805-4469-8f5a-cf8b533d7c8f,emp-31,2026-05-22,2026-05-22T08:38:02.539283,2026-05-22T18:00:02.539283,Présent
eac456d7-ae1f-4aba-9417-94822bc2402b,emp-31,2026-05-25,2026-05-25T08:31:02.539283,2026-05-25T18:37:02.539283,Présent
f036d9af-6a35-4648-9a64-d412b72b5ca9,emp-31,2026-05-26,2026-05-26T08:52:02.539283,2026-05-26T18:33:02.539283,Présent
c582688b-ee23-4516-9bfd-34c0fd05b52a,emp-31,2026-05-27,2026-05-27T08:31:02.539283,2026-05-27T17:53:02.539283,Présent
4f68c479-5da8-40e7-8f11-7d97ac1b578c,emp-31,2026-05-28,2026-05-28T08:27:02.539283,2026-05-28T18:21:02.539283,Présent
999feb90-91a2-41d8-90f7-0c083ee7d7d5,emp-31,2026-05-29,2026-05-29T08:30:02.539283,2026-05-29T18:41:02.539283,Présent
3dad390a-3070-4ace-92ca-9d3c24f9f755,emp-31,2026-06-01,2026-06-01T08:03:02.539283,2026-06-01T18:02:02.539283,Présent
6cedfe0b-8ad8-4e43-bc74-ed6e4affc6fc,emp-31,2026-06-02,2026-06-02T08:55:02.539283,2026-06-02T17:29:02.539283,Présent
cc6e853c-6409-4d24-b2e3-6290b6d14135,emp-31,2026-06-03,2026-06-03T08:29:02.539283,2026-06-03T18:21:02.539283,Présent
9ee9166e-b9f9-439e-986d-3fabf14d60b5,emp-31,2026-06-04,2026-06-04T09:44:02.539283,2026-06-04T17:07:02.539283,Retard
4f1092c8-1a70-4652-a030-9fc6fbe8dba8,emp-31,2026-06-05,2026-06-05T08:42:02.539283,2026-06-05T17:08:02.539283,Présent
adf9f377-ebb1-47fb-8116-7a1670a57948,emp-31,2026-06-08,2026-06-08T08:22:02.539283,2026-06-08T17:51:02.539283,Présent
76c49e02-118f-4bfe-ab57-d272d29f4080,emp-31,2026-06-09,2026-06-09T08:39:02.539283,2026-06-09T17:57:02.539283,Présent
4441d7fc-3700-4723-9cdf-9716931ef17b,emp-31,2026-06-10,2026-06-10T08:48:02.539283,2026-06-10T17:23:02.539283,Présent
fb6de492-11dc-49fb-9199-79a650d209e0,emp-31,2026-06-11,2026-06-11T08:29:02.539283,2026-06-11T17:36:02.539283,Présent
e17b13cd-fcd5-4134-bc86-a9e3c76905f8,emp-31,2026-06-12,2026-06-12T10:46:02.539283,2026-06-12T18:15:02.539283,Retard
429b0d67-a9bb-4091-8e5b-f7c1c64094f2,emp-32,2026-05-18,2026-05-18T08:25:02.539283,2026-05-18T18:55:02.539283,Présent
257349e1-5cda-4943-8980-b21f579fcaf4,emp-32,2026-05-19,2026-05-19T08:35:02.539283,2026-05-19T18:10:02.539283,Présent
1e2b6cc8-5144-4104-bbca-f91e2f1cc4cf,emp-32,2026-05-20,2026-05-20T08:58:02.539283,2026-05-20T17:27:02.539283,Présent
c9eaf99f-4d47-4a0c-95e7-fe5c03ad172a,emp-32,2026-05-21,2026-05-21T08:10:02.539283,2026-05-21T18:13:02.539283,Présent
71c84ce7-bc15-493b-81e1-ea9b776834c1,emp-32,2026-05-22,2026-05-22T08:27:02.539283,2026-05-22T17:57:02.539283,Présent
ecb6cd57-f4bd-487e-b6e5-a45633ce1690,emp-32,2026-05-25,2026-05-25T08:25:02.539283,2026-05-25T17:28:02.539283,Présent
0e827058-cf44-4eed-b07e-c9828e273dcb,emp-32,2026-05-26,2026-05-26T08:25:02.539283,2026-05-26T18:50:02.539283,Présent
db39fdb7-742a-43bb-b9a5-9df1272fc855,emp-32,2026-05-27,2026-05-27T08:32:02.539283,2026-05-27T18:56:02.539283,Présent
933a35e1-fe42-435c-a2fa-896b9587e48a,emp-32,2026-05-28,2026-05-28T08:56:02.539283,2026-05-28T18:00:02.539283,Présent
6057290e-f685-42e3-a4aa-3d6b59369436,emp-32,2026-05-29,2026-05-29T08:50:02.539283,2026-05-29T18:08:02.539283,Présent
d009c394-711e-48c9-8a5a-a72591e75779,emp-32,2026-06-01,2026-06-01T08:34:02.539283,2026-06-01T18:46:02.539283,Présent
3f3fcd50-ae29-4054-8385-197875356278,emp-32,2026-06-02,2026-06-02T10:40:02.539283,2026-06-02T18:56:02.539283,Retard
bc280ab2-8e66-4a9f-9b98-0017ff3b5acb,emp-32,2026-06-03,2026-06-03T08:25:02.539283,2026-06-03T18:05:02.539283,Présent
9a5f4f99-fa16-416b-a4db-0e4620de506a,emp-32,2026-06-04,2026-06-04T08:35:02.539283,2026-06-04T18:51:02.539283,Présent
31ddd6e8-76a3-4d0e-aa02-14c66851f821,emp-32,2026-06-05,2026-06-05T08:08:02.539283,2026-06-05T18:04:02.539283,Présent
b792361c-87a2-4a8a-b655-ca8673b7800b,emp-32,2026-06-08,2026-06-08T08:29:02.539283,2026-06-08T17:36:02.539283,Présent
74d6468a-64d1-4bf7-9b6a-97ed6cae4848,emp-32,2026-06-09,2026-06-09T08:31:02.539283,2026-06-09T18:43:02.539283,Présent
ae224513-318c-4b0b-83c2-16b0108ccdc1,emp-32,2026-06-10,2026-06-10T08:03:02.539283,2026-06-10T18:08:02.539283,Présent
4103b4b5-233e-429a-82db-24aa6d0695bd,emp-32,2026-06-11,2026-06-11T08:15:02.539283,2026-06-11T18:25:02.539283,Présent
6803fd5a-d629-477c-8d11-c3d7cdfa7ee6,emp-32,2026-06-12,2026-06-12T08:04:02.539283,2026-06-12T17:56:02.539283,Présent
78477e4b-2640-4c59-ac14-66e2a5603ada,emp-33,2026-05-18,,,Absent
ec0d5f8a-1533-4290-8a9c-94734d3c1208,emp-33,2026-05-19,2026-05-19T08:34:02.539283,2026-05-19T17:19:02.539283,Présent
35d09839-1593-4a59-875e-bd1a9fc246a0,emp-33,2026-05-20,2026-05-20T08:28:02.539283,2026-05-20T17:30:02.539283,Présent
637f4e8d-e303-49fa-85cf-54191c42461c,emp-33,2026-05-21,2026-05-21T08:42:02.539283,2026-05-21T18:46:02.539283,Présent
a9db56a4-1766-4e84-947c-226951dd50e5,emp-33,2026-05-22,2026-05-22T08:37:02.539283,2026-05-22T18:24:02.539283,Présent
46453f1c-080f-4feb-b866-4f70241f2844,emp-33,2026-05-25,2026-05-25T08:10:02.539283,2026-05-25T17:07:02.539283,Présent
d990c1b7-38d0-4b11-8269-7ba462e9e0bd,emp-33,2026-05-26,2026-05-26T08:50:02.539283,2026-05-26T18:04:02.539283,Présent
13bd69f8-abb7-4b78-bb09-50fd64680143,emp-33,2026-05-27,2026-05-27T08:50:02.539283,2026-05-27T18:46:02.539283,Présent
86dfabbd-b3cd-40be-bb28-c8ad4d9e3708,emp-33,2026-05-28,2026-05-28T08:16:02.539283,2026-05-28T17:47:02.539283,Présent
5bf4dfc5-b2ae-4bbb-9d17-47f801ee5aff,emp-33,2026-05-29,2026-05-29T08:11:02.539283,2026-05-29T18:53:02.539283,Présent
3ccc76e4-21cd-4d2f-b828-c292f46130c3,emp-33,2026-06-01,2026-06-01T08:28:02.539283,2026-06-01T17:28:02.539283,Présent
b71f3f11-75fb-4897-a507-254f3fd99e6d,emp-33,2026-06-02,2026-06-02T08:46:02.539283,2026-06-02T18:41:02.539283,Présent
8a8af95b-3817-4d43-95ad-ea520a31e3c0,emp-33,2026-06-03,2026-06-03T08:05:02.539283,2026-06-03T18:35:02.539283,Présent
ba19a5eb-0c17-48de-9c7a-dbfd657d6b1e,emp-33,2026-06-04,2026-06-04T08:37:02.539283,2026-06-04T17:11:02.539283,Présent
9e95cb53-81aa-4d59-8601-79636db481ab,emp-33,2026-06-05,2026-06-05T08:04:02.539283,2026-06-05T17:59:02.539283,Présent
231db882-247c-4b6d-ad3e-1bf860e7b0eb,emp-33,2026-06-08,2026-06-08T08:27:02.539283,2026-06-08T18:00:02.539283,Présent
8cd48f45-5ae3-4489-bef5-d4fee22a2f41,emp-33,2026-06-09,2026-06-09T08:59:02.539283,2026-06-09T18:34:02.539283,Présent
08da65ab-277f-4a65-b7da-f600836bf4d1,emp-33,2026-06-10,2026-06-10T08:26:02.539283,2026-06-10T17:35:02.539283,Présent
31397545-f334-4d28-a58f-e976d00bf8c0,emp-33,2026-06-11,2026-06-11T08:01:02.539283,2026-06-11T18:08:02.539283,Présent
5c939cd7-ba0b-4ba7-bc96-867ecb446d90,emp-33,2026-06-12,2026-06-12T08:53:02.539283,2026-06-12T17:43:02.539283,Présent
07e5e774-2530-4943-a25d-e2593e7fbdb8,emp-34,2026-05-18,2026-05-18T08:41:02.539283,2026-05-18T18:35:02.539283,Présent
b6dee07d-b512-440a-846f-77acb90581a3,emp-34,2026-05-19,2026-05-19T08:02:02.539283,2026-05-19T17:10:02.539283,Présent
9a5f5174-2c78-4000-86bf-f636bb961b40,emp-34,2026-05-20,2026-05-20T08:19:02.539283,2026-05-20T18:28:02.539283,Présent
6eb49a50-e1f7-4565-af35-d481a06d12aa,emp-34,2026-05-21,2026-05-21T08:12:02.539283,2026-05-21T17:46:02.539283,Présent
8a61d0da-07c6-47ab-b6a3-eea7ad620e5a,emp-34,2026-05-22,2026-05-22T08:01:02.539283,2026-05-22T18:30:02.539283,Présent
7e012180-e643-41bb-ade2-5915b31ca319,emp-34,2026-05-25,2026-05-25T08:44:02.539283,2026-05-25T18:31:02.539283,Présent
8b0cda76-3492-44d6-922b-a4ce1f756f50,emp-34,2026-05-26,,,Absent
23e11785-1840-4a58-a78f-a18e3464087a,emp-34,2026-05-27,2026-05-27T08:21:02.539283,2026-05-27T17:13:02.539283,Présent
f1e3b0da-7fdf-4220-b35f-e002c141f0e1,emp-34,2026-05-28,2026-05-28T08:04:02.539283,2026-05-28T17:55:02.539283,Présent
4196f868-2522-46e2-a60c-d094c93a5aa5,emp-34,2026-05-29,2026-05-29T08:58:02.539283,2026-05-29T17:09:02.539283,Présent
b998c477-2406-4f16-8862-6e12e6b58106,emp-34,2026-06-01,2026-06-01T08:46:02.539283,2026-06-01T18:59:02.539283,Présent
17e17e61-a364-4e27-9de9-066b8983ffb6,emp-34,2026-06-02,2026-06-02T08:56:02.539283,2026-06-02T18:16:02.539283,Présent
db0cd933-503c-4544-9599-a986fa681e5a,emp-34,2026-06-03,2026-06-03T08:37:02.539283,2026-06-03T17:26:02.539283,Présent
2740095c-81cf-4db6-b525-19bbff963bb8,emp-34,2026-06-04,2026-06-04T08:35:02.539283,2026-06-04T18:39:02.539283,Présent
494f15a1-080b-436b-bdb8-61eeea14a009,emp-34,2026-06-05,2026-06-05T08:14:02.539283,2026-06-05T18:09:02.539283,Présent
c9f8065a-e5c6-49c9-bd2d-e33135d681a8,emp-34,2026-06-08,,,Absent
e3dcefe6-4267-4f4a-8409-4a51edfb08d5,emp-34,2026-06-09,2026-06-09T08:27:02.539283,2026-06-09T18:06:02.539283,Présent
a6bb2073-def2-43e6-9033-2fcd89b6872a,emp-34,2026-06-10,2026-06-10T10:39:02.539283,2026-06-10T17:08:02.539283,Retard
67dc6754-1cdd-43c2-88b6-94abb64ca412,emp-34,2026-06-11,,,Absent
43314bcb-1194-4edc-8615-f531d3ab5ac6,emp-34,2026-06-12,2026-06-12T08:44:02.539283,2026-06-12T17:43:02.539283,Présent
05f7e2af-bae1-4b47-945d-4e5ec725381a,emp-35,2026-05-18,2026-05-18T08:04:02.539283,2026-05-18T17:04:02.539283,Présent
dffe00b7-f9a6-4dc7-9f41-805a06b3588c,emp-35,2026-05-19,2026-05-19T08:29:02.539283,2026-05-19T17:59:02.539283,Présent
529440b4-67e9-4777-b44d-3bfaf78ed42e,emp-35,2026-05-20,2026-05-20T08:53:02.539283,2026-05-20T18:06:02.539283,Présent
92926ed9-a047-4660-8862-72f8c1a068b8,emp-35,2026-05-21,2026-05-21T08:17:02.539283,2026-05-21T17:32:02.539283,Présent
a674b03d-09d1-4327-85d8-18479291d04b,emp-35,2026-05-22,2026-05-22T08:03:02.539283,2026-05-22T17:55:02.539283,Présent
815a362c-180c-4571-b973-d726239ef631,emp-35,2026-05-25,2026-05-25T08:11:02.539283,2026-05-25T18:24:02.539283,Présent
f38a8004-3f3e-4154-9867-0d7d291325a4,emp-35,2026-05-26,2026-05-26T08:17:02.539283,2026-05-26T17:03:02.539283,Présent
5cc96927-1216-4c26-86bf-f00117d5e893,emp-35,2026-05-27,2026-05-27T08:27:02.539283,2026-05-27T18:59:02.539283,Présent
39d2fc5c-ae77-4408-aa17-c667f01e7e2d,emp-35,2026-05-28,2026-05-28T08:15:02.539283,2026-05-28T18:01:02.539283,Présent
20765aed-44c8-4daf-9939-d96f4c0cc29c,emp-35,2026-05-29,2026-05-29T08:49:02.539283,2026-05-29T17:30:02.539283,Présent
65ea3ba8-06ea-4a8b-b92c-b3c2f5d2546f,emp-35,2026-06-01,2026-06-01T08:12:02.539283,2026-06-01T18:30:02.539283,Présent
445829d9-9f68-4870-9625-4e29fa424c1d,emp-35,2026-06-02,2026-06-02T08:02:02.539283,2026-06-02T17:57:02.539283,Présent
b3b53bec-1ee6-4c1f-9a01-0a34dab6af7a,emp-35,2026-06-03,2026-06-03T08:43:02.539283,2026-06-03T17:38:02.539283,Présent
5b44d78b-e05a-401f-80e4-54825a144b41,emp-35,2026-06-04,2026-06-04T08:26:02.539283,2026-06-04T18:54:02.539283,Présent
6f3896a9-63f1-4504-bbcb-ccc4c42a8dde,emp-35,2026-06-05,2026-06-05T08:53:02.539283,2026-06-05T17:07:02.539283,Présent
64e1201a-6ea8-42e7-ac05-c008e024a734,emp-35,2026-06-08,2026-06-08T09:54:02.539283,2026-06-08T18:03:02.539283,Retard
cb63beb4-f582-4216-8728-e14b1a80ab08,emp-35,2026-06-09,2026-06-09T08:28:02.539283,2026-06-09T17:18:02.539283,Présent
debccc28-b49c-47d9-908c-bbe899790028,emp-35,2026-06-10,2026-06-10T08:38:02.539283,2026-06-10T18:47:02.539283,Présent
3128c28b-e539-474e-a881-43a65e83c132,emp-35,2026-06-11,2026-06-11T08:36:02.539283,2026-06-11T17:47:02.539283,Présent
0e291a68-692e-45c1-a74f-1eff3f3a28f6,emp-35,2026-06-12,2026-06-12T08:35:02.539283,2026-06-12T17:43:02.539283,Présent
a7d935d6-4e44-40a8-a66c-4dfd2e40ec66,emp-36,2026-05-18,2026-05-18T08:40:02.539283,2026-05-18T18:42:02.539283,Présent
6f0ea68b-4fb5-440a-a6d9-bca1a4cb917c,emp-36,2026-05-19,2026-05-19T08:18:02.539283,2026-05-19T17:58:02.539283,Présent
111ce1f5-4611-4301-9b81-61354d696a53,emp-36,2026-05-20,2026-05-20T08:45:02.539283,2026-05-20T17:31:02.539283,Présent
349ccb81-9aa5-4f3f-b1d2-8d151351bd48,emp-36,2026-05-21,2026-05-21T08:17:02.539283,2026-05-21T17:15:02.539283,Présent
c5772baa-11b0-44b0-94ec-65228de3ebcf,emp-36,2026-05-22,2026-05-22T08:56:02.539283,2026-05-22T18:30:02.539283,Présent
666389ee-bae8-4d67-b129-205f121a9177,emp-36,2026-05-25,2026-05-25T09:34:02.539283,2026-05-25T18:04:02.539283,Retard
b3f14236-b613-4877-811b-bb2770aa05f2,emp-36,2026-05-26,2026-05-26T08:30:02.539283,2026-05-26T17:47:02.539283,Présent
94960ab9-e2f3-4ee7-8cb3-55ce1a4f16ff,emp-36,2026-05-27,2026-05-27T08:36:02.539283,2026-05-27T17:08:02.539283,Présent
3277dde3-03c4-4818-967b-28695ff3f763,emp-36,2026-05-28,2026-05-28T08:41:02.539283,2026-05-28T17:23:02.539283,Présent
65b26df5-d30d-4beb-86d3-782d02586ec0,emp-36,2026-05-29,2026-05-29T08:04:02.539283,2026-05-29T17:26:02.539283,Présent
1eae24ff-cd65-42d9-9fea-3e565fe8ee29,emp-36,2026-06-01,2026-06-01T08:25:02.539283,2026-06-01T17:19:02.539283,Présent
7b45e133-79a4-4149-bc1d-33ec6960c607,emp-36,2026-06-02,2026-06-02T08:57:02.539283,2026-06-02T17:37:02.539283,Présent
766aaaea-f17f-4a6c-83b1-a6abd33b2918,emp-36,2026-06-03,2026-06-03T08:25:02.539283,2026-06-03T17:00:02.539283,Présent
c4eff80d-f12d-4ad7-8b79-2bbf2e141aa4,emp-36,2026-06-04,2026-06-04T08:51:02.539283,2026-06-04T17:35:02.539283,Présent
89c8aae7-8080-4c41-b1d4-4970d38be124,emp-36,2026-06-05,2026-06-05T08:26:02.539283,2026-06-05T17:45:02.539283,Présent
025eb406-3fe6-4b4f-8668-1d0974c51eb9,emp-36,2026-06-08,2026-06-08T08:21:02.539283,2026-06-08T18:56:02.539283,Présent
18204b27-173d-4aaf-8f1f-9251cf729091,emp-36,2026-06-09,2026-06-09T08:25:02.539283,2026-06-09T17:22:02.539283,Présent
9b647ae1-dc6f-48ea-86e3-65b5fba162fc,emp-36,2026-06-10,2026-06-10T08:57:02.539283,2026-06-10T18:31:02.539283,Présent
38ba173c-d5b0-4d2e-bc72-bc5e72c4f0b1,emp-36,2026-06-11,2026-06-11T08:24:02.539283,2026-06-11T18:50:02.539283,Présent
d8948556-d8bb-4777-9660-6eebe1fa91d9,emp-36,2026-06-12,2026-06-12T08:44:02.539283,2026-06-12T18:11:02.539283,Présent
a64079f6-7e2f-46be-8b0f-9aeb33e434f9,emp-38,2026-05-18,2026-05-18T08:06:02.539283,2026-05-18T18:47:02.539283,Présent
0504bcff-9196-43a1-96b9-7b31a34abb7e,emp-38,2026-05-19,2026-05-19T08:01:02.539283,2026-05-19T17:49:02.539283,Présent
86dff31a-9853-4c2e-ac13-59c0ff805d73,emp-38,2026-05-20,2026-05-20T09:14:02.539283,2026-05-20T18:57:02.539283,Retard
1d62f799-b6ce-41d2-b9cc-631bad97c92f,emp-38,2026-05-21,2026-05-21T08:39:02.539283,2026-05-21T17:50:02.539283,Présent
4c492471-36ba-45fe-ba18-4f43d4bc3669,emp-38,2026-05-22,2026-05-22T10:56:02.539283,2026-05-22T18:01:02.539283,Retard
00ec9aae-0f37-4303-9211-b7fc3b2e4b22,emp-38,2026-05-25,2026-05-25T08:06:02.539283,2026-05-25T18:11:02.539283,Présent
39ea0ccd-44c3-405b-aa54-f301bea09f1c,emp-38,2026-05-26,2026-05-26T08:51:02.539283,2026-05-26T18:14:02.539283,Présent
7f118f60-86aa-464d-840f-f4b09b1182a1,emp-38,2026-05-27,2026-05-27T08:29:02.539283,2026-05-27T17:19:02.539283,Présent
4e4a4a4b-6bf3-4dcb-9a7b-c8ea7685ec6f,emp-38,2026-05-28,2026-05-28T08:44:02.539283,2026-05-28T18:36:02.539283,Présent
50f8ecc3-d4c7-4f7d-9b1d-70c0ce47f6b6,emp-38,2026-05-29,2026-05-29T08:05:02.539283,2026-05-29T18:57:02.539283,Présent
648cf4a5-e3f5-474a-80e5-47977be9ab0e,emp-38,2026-06-01,2026-06-01T08:11:02.539283,2026-06-01T17:31:02.539283,Présent
34e0273c-3245-42c9-9e78-ae202dde8528,emp-38,2026-06-02,2026-06-02T08:40:02.539283,2026-06-02T17:26:02.539283,Présent
371fc776-fa26-42c8-b48c-90fa35b9509c,emp-38,2026-06-03,2026-06-03T08:47:02.539283,2026-06-03T17:00:02.539283,Présent
d6af7773-c8e1-4008-b933-f2b7f54a9b51,emp-38,2026-06-04,2026-06-04T08:02:02.539283,2026-06-04T18:24:02.539283,Présent
5d9f406f-7c10-4d3d-9e34-2ab7fa3b9e5d,emp-38,2026-06-05,2026-06-05T08:15:02.539283,2026-06-05T18:47:02.539283,Présent
486aed4b-cd7b-4a6f-96dc-a469cacb3bcf,emp-38,2026-06-08,2026-06-08T08:46:02.539283,2026-06-08T18:48:02.539283,Présent
bea23012-9f13-416e-b015-fc26233d8f7d,emp-38,2026-06-09,2026-06-09T08:10:02.539283,2026-06-09T18:41:02.539283,Présent
d6f52eed-38a0-4bc6-b119-4a4c3b65507e,emp-38,2026-06-10,2026-06-10T09:48:02.539283,2026-06-10T17:24:02.539283,Retard
6b687c7c-07da-4587-a6c7-73c2f4124921,emp-38,2026-06-11,2026-06-11T08:36:02.539283,2026-06-11T17:30:02.539283,Présent
88a88dea-5a09-4d4a-bfdf-f21c0af1b452,emp-38,2026-06-12,2026-06-12T08:08:02.539283,2026-06-12T17:06:02.539283,Présent
18e0b305-4352-446f-82e0-1dba280d437b,emp-39,2026-05-18,2026-05-18T09:39:02.539283,2026-05-18T17:22:02.539283,Retard
304e340e-227d-45ad-a8c4-63d958ecddd4,emp-39,2026-05-19,2026-05-19T08:40:02.539283,2026-05-19T17:08:02.539283,Présent
52e5f624-464f-43af-ae9e-ec6e2c46f962,emp-39,2026-05-20,2026-05-20T08:28:02.539283,2026-05-20T17:11:02.539283,Présent
9fce832d-6844-466e-a23c-3fe15a6ff73a,emp-39,2026-05-21,2026-05-21T08:47:02.539283,2026-05-21T17:22:02.539283,Présent
978dd745-eb96-4178-9690-dc7d800c0782,emp-39,2026-05-22,2026-05-22T08:05:02.539283,2026-05-22T18:24:02.539283,Présent
524c2340-2344-4416-a3dc-c26af57c10a2,emp-39,2026-05-25,2026-05-25T08:22:02.539283,2026-05-25T18:37:02.539283,Présent
ddca6e07-15c1-4c24-af56-f2d188f809c0,emp-39,2026-05-26,2026-05-26T08:52:02.539283,2026-05-26T18:29:02.539283,Présent
692dff95-4b40-4ab8-8a26-dc4d80b2e2ee,emp-39,2026-05-27,2026-05-27T08:13:02.539283,2026-05-27T17:43:02.539283,Présent
e45fee52-0bee-4bc3-97b9-39de540dcb44,emp-39,2026-05-28,,,Absent
4368b67e-7037-470f-8fd5-962e9eb5fcd9,emp-39,2026-05-29,2026-05-29T08:03:02.539283,2026-05-29T17:28:02.539283,Présent
63af0fbf-178a-42a3-94c2-698668b39069,emp-39,2026-06-01,2026-06-01T08:30:02.539283,2026-06-01T17:35:02.539283,Présent
17009ec4-4b18-46ea-9a98-6d0dfd4ca29d,emp-39,2026-06-02,2026-06-02T08:01:02.539283,2026-06-02T18:36:02.539283,Présent
b949f441-5b03-41bb-83aa-4d1e308fe4d3,emp-39,2026-06-03,2026-06-03T08:52:02.539283,2026-06-03T17:34:02.539283,Présent
94d2d105-8668-41bf-9cbc-c08843fc2dfc,emp-39,2026-06-04,2026-06-04T08:13:02.539283,2026-06-04T18:32:02.539283,Présent
6f819262-0faa-4190-ba97-968a991b649a,emp-39,2026-06-05,2026-06-05T08:42:02.539283,2026-06-05T18:22:02.539283,Présent
7030b333-7aa2-4eab-9828-df0e42d3e2c6,emp-39,2026-06-08,2026-06-08T08:17:02.539283,2026-06-08T17:56:02.539283,Présent
be57a302-960f-4574-bb57-9326b2c5ff0e,emp-39,2026-06-09,2026-06-09T08:41:02.539283,2026-06-09T18:26:02.539283,Présent
ad7e4cf6-0521-48ee-9a79-2f95806b637c,emp-39,2026-06-10,2026-06-10T08:57:02.539283,2026-06-10T17:01:02.539283,Présent
1e971546-c375-4b91-b22a-103df15f0518,emp-39,2026-06-11,2026-06-11T08:03:02.539283,2026-06-11T17:59:02.539283,Présent
3af0b264-3f8e-4ab1-8ad7-f9cbd42394fa,emp-39,2026-06-12,2026-06-12T08:20:02.539283,2026-06-12T17:56:02.539283,Présent
01071c8d-af0b-46a6-8ea4-a998afbe2381,emp-40,2026-05-18,2026-05-18T08:58:02.539283,2026-05-18T18:47:02.539283,Présent
1c385d8b-b9be-4a78-a0b5-b6feb9853d53,emp-40,2026-05-19,2026-05-19T08:56:02.539283,2026-05-19T17:55:02.539283,Présent
cf8819d2-388e-4781-a681-29bdbed782f3,emp-40,2026-05-20,2026-05-20T08:26:02.539283,2026-05-20T17:46:02.539283,Présent
b0332680-aff4-4f2e-bd79-4b5e5bb96966,emp-40,2026-05-21,2026-05-21T08:29:02.539283,2026-05-21T17:16:02.539283,Présent
f5d057d6-a50e-476d-8079-8eea2f44a8d1,emp-40,2026-05-22,2026-05-22T08:23:02.539283,2026-05-22T17:38:02.539283,Présent
2e454a1c-1a2d-473d-9923-ee36d0eaba27,emp-40,2026-05-25,2026-05-25T10:19:02.539283,2026-05-25T18:59:02.539283,Retard
de561b86-cd82-423a-9d82-a6ef49ee9562,emp-40,2026-05-26,2026-05-26T08:52:02.539283,2026-05-26T18:06:02.539283,Présent
8e714e36-24ba-4b1c-a941-b2bd93d5ec90,emp-40,2026-05-27,2026-05-27T08:28:02.539283,2026-05-27T17:47:02.539283,Présent
e27a6445-e282-404b-9e84-4aef50d3bcfa,emp-40,2026-05-28,2026-05-28T08:16:02.539283,2026-05-28T17:34:02.539283,Présent
1d1d97c0-9898-4654-b125-96cb824751c4,emp-40,2026-05-29,2026-05-29T08:46:02.539283,2026-05-29T17:17:02.539283,Présent
430f7bd6-fb31-485a-ad8b-b838f897d7d5,emp-40,2026-06-01,,,Absent
1abda4ed-6d82-4582-86db-4131555ad16d,emp-40,2026-06-02,2026-06-02T08:37:02.539283,2026-06-02T17:45:02.539283,Présent
f39c2603-83f4-4c4f-9ab3-72225300317d,emp-40,2026-06-03,2026-06-03T08:07:02.539283,2026-06-03T17:02:02.539283,Présent
48d7603b-94b2-4ada-a63e-5cfc61c3e2d4,emp-40,2026-06-04,2026-06-04T08:37:02.539283,2026-06-04T18:33:02.539283,Présent
070d9e9f-71c2-4a00-9285-d63ac9fcb4cb,emp-40,2026-06-05,2026-06-05T08:27:02.539283,2026-06-05T18:57:02.539283,Présent
5a4c017f-8893-4357-b0d1-7b287ec33c1b,emp-40,2026-06-08,2026-06-08T08:21:02.539283,2026-06-08T17:16:02.539283,Présent
2b5a580d-eb26-4e18-b3ff-07d9d8a008be,emp-40,2026-06-09,,,Absent
85ad233f-ef03-4c53-ab48-83b5bce0902d,emp-40,2026-06-10,2026-06-10T09:53:02.539283,2026-06-10T17:42:02.539283,Retard
633c1b10-5781-457f-961a-648b3e8e5d27,emp-40,2026-06-11,2026-06-11T08:43:02.539283,2026-06-11T18:00:02.539283,Présent
725fc343-9c4e-4a6b-9acd-69e18f59a6f0,emp-40,2026-06-12,2026-06-12T10:18:02.539283,2026-06-12T18:07:02.539283,Retard
36a61ef6-f76b-4fb8-9573-00c4c844d8a2,emp-41,2026-05-18,2026-05-18T08:03:02.539283,2026-05-18T18:43:02.539283,Présent
135e119e-5fca-429b-8a15-7735f0823ae7,emp-41,2026-05-19,2026-05-19T08:28:02.539283,2026-05-19T17:07:02.539283,Présent
f28fde6d-cae7-4e39-b881-0fb505a6aa39,emp-41,2026-05-20,2026-05-20T09:19:02.539283,2026-05-20T17:04:02.539283,Retard
88432f72-b839-495c-a059-0d0708756fc5,emp-41,2026-05-21,2026-05-21T08:46:02.539283,2026-05-21T17:57:02.539283,Présent
9d36ecc8-62c7-45aa-8573-19e666511a35,emp-41,2026-05-22,2026-05-22T08:04:02.539283,2026-05-22T17:29:02.539283,Présent
a51d1524-f787-450d-a0bd-2456199065fe,emp-41,2026-05-25,2026-05-25T08:05:02.539283,2026-05-25T18:28:02.539283,Présent
594d0377-55ed-48f4-bc9b-99e4f34c1c0a,emp-41,2026-05-26,2026-05-26T08:20:02.539283,2026-05-26T18:32:02.539283,Présent
d251c9a6-841c-472b-b81a-4bdb80e85f3e,emp-41,2026-05-27,2026-05-27T08:27:02.539283,2026-05-27T17:11:02.539283,Présent
ef59bbb7-d4ab-49af-86c3-37bf9465b2d8,emp-41,2026-05-28,2026-05-28T08:55:02.539283,2026-05-28T17:11:02.539283,Présent
f82f40ec-f561-4519-b4c4-cf2f931bff01,emp-41,2026-05-29,2026-05-29T08:54:02.539283,2026-05-29T17:50:02.539283,Présent
cf5d8dde-f2f3-4712-b44c-d51ba5e723b5,emp-41,2026-06-01,2026-06-01T08:38:02.539283,2026-06-01T17:14:02.539283,Présent
16751f6c-f12e-40be-8027-6b161d9abb70,emp-41,2026-06-02,2026-06-02T08:54:02.539283,2026-06-02T17:27:02.539283,Présent
23e07dc4-8072-403d-b096-95c15226b3cd,emp-41,2026-06-03,2026-06-03T08:47:02.539283,2026-06-03T17:10:02.539283,Présent
6892ca54-ea20-4d93-b92e-45decf347470,emp-41,2026-06-04,2026-06-04T08:18:02.539283,2026-06-04T18:41:02.539283,Présent
44bed07e-4c9d-4fec-a245-ffa9cee60e78,emp-41,2026-06-05,2026-06-05T08:56:02.539283,2026-06-05T17:25:02.539283,Présent
7fb7d3a8-cd1d-42cd-9691-2c40f61723dd,emp-41,2026-06-08,2026-06-08T10:01:02.539283,2026-06-08T17:22:02.539283,Retard
585c0844-5703-4a7e-beff-7710a500911b,emp-41,2026-06-09,2026-06-09T08:50:02.539283,2026-06-09T18:40:02.539283,Présent
535bbe89-7c2e-4e93-8af3-07fba3a80ecd,emp-41,2026-06-10,2026-06-10T08:13:02.539283,2026-06-10T17:18:02.539283,Présent
5a5b67b8-13d5-4cac-87fa-5728cd054856,emp-41,2026-06-11,2026-06-11T08:15:02.539283,2026-06-11T17:18:02.539283,Présent
a1e701ad-27e2-40b1-b5f0-8712a583f4eb,emp-41,2026-06-12,2026-06-12T08:00:02.539283,2026-06-12T18:59:02.539283,Présent
976d77b8-a406-4392-aa83-0984b6672583,emp-42,2026-05-18,2026-05-18T08:24:02.539283,2026-05-18T18:08:02.539283,Présent
f2f81939-bf9d-46ae-b797-bb002a607019,emp-42,2026-05-19,2026-05-19T08:19:02.539283,2026-05-19T18:23:02.539283,Présent
1e73d65a-03f5-484e-bb40-8221f803f98f,emp-42,2026-05-20,2026-05-20T08:07:02.539283,2026-05-20T17:50:02.539283,Présent
d4c1ff85-104f-46ef-a288-8e959e85dc46,emp-42,2026-05-21,2026-05-21T08:30:02.539283,2026-05-21T18:05:02.539283,Présent
08b839b8-6ca1-4bc0-ae5b-2f4adf9fb72f,emp-42,2026-05-22,2026-05-22T08:16:02.539283,2026-05-22T18:02:02.539283,Présent
c39bba73-bef2-4c96-88b9-044b740866d2,emp-42,2026-05-25,2026-05-25T08:33:02.539283,2026-05-25T18:20:02.539283,Présent
629d4709-50b1-473e-8f03-f269da16f87a,emp-42,2026-05-26,2026-05-26T08:32:02.539283,2026-05-26T17:09:02.539283,Présent
5ee54b6d-1fcb-476c-9c5a-0046e5d26d81,emp-42,2026-05-27,2026-05-27T08:50:02.539283,2026-05-27T18:16:02.539283,Présent
2c2049f9-50e5-498c-a35f-725c3d797e6a,emp-42,2026-05-28,2026-05-28T08:23:02.539283,2026-05-28T18:14:02.539283,Présent
9ed14473-1bd4-4721-a59c-5cd8be46b9f4,emp-42,2026-05-29,2026-05-29T08:47:02.539283,2026-05-29T17:36:02.539283,Présent
cc6c68fd-9a47-46c9-b11d-77cc615b1b6f,emp-42,2026-06-01,2026-06-01T08:34:02.539283,2026-06-01T17:45:02.539283,Présent
06faed51-b310-44e6-b44d-a70613469f93,emp-42,2026-06-02,2026-06-02T08:26:02.539283,2026-06-02T18:30:02.539283,Présent
654178a3-de20-4eef-8c0b-9557f01919cc,emp-42,2026-06-03,2026-06-03T08:20:02.539283,2026-06-03T18:38:02.539283,Présent
8654d1f3-b939-440c-9ed8-c7807decf0bf,emp-42,2026-06-04,,,Absent
f407fd89-239a-4fa6-a654-eb15ed89bac1,emp-42,2026-06-05,2026-06-05T08:36:02.539283,2026-06-05T18:14:02.539283,Présent
d7fc9ab2-c5a0-441e-a25f-1364d85125fa,emp-42,2026-06-08,2026-06-08T08:01:02.539283,2026-06-08T18:29:02.539283,Présent
2b34f789-7de5-4651-a15c-b054ba70a983,emp-42,2026-06-09,2026-06-09T08:02:02.539283,2026-06-09T17:38:02.539283,Présent
d4298cec-ddae-4abb-a1b1-1037bf6b44f7,emp-42,2026-06-10,2026-06-10T08:08:02.539283,2026-06-10T18:39:02.539283,Présent
3171dadd-1165-4421-b243-cf3b5ea28654,emp-42,2026-06-11,2026-06-11T08:52:02.539283,2026-06-11T18:51:02.539283,Présent
5b61a632-6229-4e54-8b7c-5919afd1d31c,emp-42,2026-06-12,2026-06-12T08:14:02.539283,2026-06-12T17:25:02.539283,Présent
e1ae0668-1373-4435-99d1-acf7e29c9af1,emp-43,2026-05-18,2026-05-18T08:15:02.539283,2026-05-18T18:59:02.539283,Présent
5cbf6c31-d877-4aa0-94c4-5494c6acadee,emp-43,2026-05-19,2026-05-19T08:47:02.539283,2026-05-19T18:47:02.539283,Présent
02e21462-3d7c-4c89-876a-0fa5b26d854e,emp-43,2026-05-20,2026-05-20T08:02:02.539283,2026-05-20T18:29:02.539283,Présent
d921ebcd-5925-4302-a3c1-2ec5b15164a5,emp-43,2026-05-21,2026-05-21T08:20:02.539283,2026-05-21T17:46:02.539283,Présent
4b308360-55c3-4b8d-b6ab-c45668cc4252,emp-43,2026-05-22,2026-05-22T08:27:02.539283,2026-05-22T18:32:02.539283,Présent
2d984cc7-3e23-4315-b981-3176b177f620,emp-43,2026-05-25,2026-05-25T08:01:02.539283,2026-05-25T17:42:02.539283,Présent
bc799161-4c2a-4bc6-be89-0837df4a6e9a,emp-43,2026-05-26,2026-05-26T08:35:02.539283,2026-05-26T17:07:02.539283,Présent
659af0eb-dbd8-4483-a18b-4925ce1e3901,emp-43,2026-05-27,2026-05-27T08:10:02.539283,2026-05-27T18:51:02.539283,Présent
164738de-cd42-4d0d-afe6-030925153292,emp-43,2026-05-28,2026-05-28T08:04:02.539283,2026-05-28T17:25:02.539283,Présent
0c6dac1f-9d13-43bc-9564-79be1c86dd67,emp-43,2026-05-29,2026-05-29T08:17:02.539283,2026-05-29T18:53:02.539283,Présent
f72e55d3-0382-4091-9b4d-ef10fa003d3a,emp-43,2026-06-01,2026-06-01T08:35:02.539283,2026-06-01T18:19:02.539283,Présent
138d0e7f-e12b-4345-a7dc-0c0f829a92f3,emp-43,2026-06-02,2026-06-02T08:58:02.539283,2026-06-02T17:17:02.539283,Présent
fc0e7a3d-85cc-4c56-8af2-a4d7a54dfa63,emp-43,2026-06-03,2026-06-03T08:18:02.539283,2026-06-03T17:56:02.539283,Présent
038bf286-c30f-4443-aca9-d14057dcfeff,emp-43,2026-06-04,2026-06-04T08:09:02.539283,2026-06-04T18:10:02.539283,Présent
5f27ff02-7ab0-445f-a72e-85d8be862b5c,emp-43,2026-06-05,2026-06-05T08:14:02.539283,2026-06-05T18:59:02.539283,Présent
ccd189d6-2f71-4558-8e82-90c7e6cefe14,emp-43,2026-06-08,2026-06-08T08:45:02.539283,2026-06-08T18:25:02.539283,Présent
2d964655-372d-4b38-ab68-8d27ba641f24,emp-43,2026-06-09,2026-06-09T08:50:02.539283,2026-06-09T18:15:02.539283,Présent
71e71e21-3482-4a69-b517-0c2427f31492,emp-43,2026-06-10,2026-06-10T08:38:02.539283,2026-06-10T17:34:02.539283,Présent
173c9d42-56ff-4fc6-9a59-1e295cb57f7d,emp-43,2026-06-11,2026-06-11T10:19:02.539283,2026-06-11T18:43:02.539283,Retard
8c8104c0-421b-4cb9-a189-256e0cd67b20,emp-43,2026-06-12,2026-06-12T08:08:02.539283,2026-06-12T17:26:02.539283,Présent
8182d4ff-ef1a-456f-934f-70141634e957,emp-44,2026-05-18,2026-05-18T08:47:02.539283,2026-05-18T18:26:02.539283,Présent
19b0699d-94f9-461c-b16b-096a6ea8c645,emp-44,2026-05-19,2026-05-19T08:00:02.539283,2026-05-19T17:58:02.539283,Présent
10c05750-dfe7-401a-a184-417e57ff7515,emp-44,2026-05-20,,,Absent
e411087d-7b02-4832-b416-4d150c43fdf0,emp-44,2026-05-21,2026-05-21T08:39:02.539283,2026-05-21T17:48:02.539283,Présent
850b67c4-1310-4bf3-bfd9-ad029a57439a,emp-44,2026-05-22,2026-05-22T08:49:02.539283,2026-05-22T17:26:02.539283,Présent
ce6f7ae8-6905-49d5-8cc2-49c0afd26c1a,emp-44,2026-05-25,2026-05-25T08:50:02.539283,2026-05-25T17:11:02.539283,Présent
5aeb3df8-c316-438e-8524-396772f92f42,emp-44,2026-05-26,2026-05-26T08:24:02.539283,2026-05-26T17:18:02.539283,Présent
2854c18d-23fc-4909-bc0d-bcebdc91ba1b,emp-44,2026-05-27,2026-05-27T08:08:02.539283,2026-05-27T17:11:02.539283,Présent
8b75b651-c1bf-4203-ac05-679283b20f2f,emp-44,2026-05-28,2026-05-28T08:31:02.539283,2026-05-28T17:36:02.539283,Présent
78b91dfe-16c3-4fc7-93e9-cc5cddbca446,emp-44,2026-05-29,2026-05-29T08:43:02.539283,2026-05-29T17:46:02.539283,Présent
7c077b90-2a06-463f-93e8-7a13df144e0b,emp-44,2026-06-01,,,Absent
c0fa24a2-302f-4034-9e8a-7a999026608c,emp-44,2026-06-02,2026-06-02T08:53:02.539283,2026-06-02T18:23:02.539283,Présent
67dda491-3e40-4bd5-a4a7-61f9df2b8d18,emp-44,2026-06-03,2026-06-03T08:16:02.539283,2026-06-03T17:43:02.539283,Présent
25cb31c9-b0a9-42ee-a4e8-5f29b9065768,emp-44,2026-06-04,2026-06-04T08:47:02.539283,2026-06-04T18:11:02.539283,Présent
95861026-6086-463d-b799-24769e8f1a72,emp-44,2026-06-05,2026-06-05T08:21:02.539283,2026-06-05T17:02:02.539283,Présent
c8944905-4951-4d4b-8931-e8a9e80ed9d2,emp-44,2026-06-08,2026-06-08T08:45:02.539283,2026-06-08T17:21:02.539283,Présent
311adbc0-7c1f-48a1-baed-58b8b9c52342,emp-44,2026-06-09,2026-06-09T08:53:02.539283,2026-06-09T17:37:02.539283,Présent
eb1f1606-c342-4786-af78-df4abe6eab1a,emp-44,2026-06-10,2026-06-10T08:14:02.539283,2026-06-10T17:35:02.539283,Présent
edbf9ad0-6edb-48fc-a2d8-17d93380aeae,emp-44,2026-06-11,2026-06-11T09:22:02.539283,2026-06-11T17:38:02.539283,Retard
392232b7-a2c4-44b2-b2f8-ccc1588bad85,emp-44,2026-06-12,2026-06-12T08:51:02.539283,2026-06-12T18:07:02.539283,Présent
b5f47755-9f1b-49cf-886c-997db8e66c55,emp-45,2026-05-18,2026-05-18T08:44:02.539283,2026-05-18T18:29:02.539283,Présent
abf44fc6-cb69-41c1-a1b6-add2818a262c,emp-45,2026-05-19,2026-05-19T08:07:02.539283,2026-05-19T18:05:02.539283,Présent
f02bf753-8ca0-4c61-a2d0-0e64d2e514c1,emp-45,2026-05-20,2026-05-20T09:26:02.539283,2026-05-20T17:19:02.539283,Retard
6bac8abc-1cbe-44ae-8bef-3f24953027b7,emp-45,2026-05-21,2026-05-21T08:55:02.539283,2026-05-21T18:41:02.539283,Présent
02bee1c4-132f-41b7-ae79-d38b6db3a38c,emp-45,2026-05-22,2026-05-22T08:17:02.539283,2026-05-22T17:39:02.539283,Présent
d6ab175d-3abb-4ae8-8131-14cbb50fdddf,emp-45,2026-05-25,2026-05-25T08:31:02.539283,2026-05-25T17:44:02.539283,Présent
7fccdd18-af5f-461a-a61c-2fa82c3b68c8,emp-45,2026-05-26,,,Absent
c1e44862-46c2-4eb5-b0da-5c59cf493e4c,emp-45,2026-05-27,2026-05-27T08:22:02.539283,2026-05-27T17:19:02.539283,Présent
ffa4a183-c896-4dae-8420-9e425c1d2754,emp-45,2026-05-28,2026-05-28T08:35:02.539283,2026-05-28T18:23:02.539283,Présent
0cc18889-1d2c-45b4-bce8-45c2d4f35953,emp-45,2026-05-29,2026-05-29T08:38:02.539283,2026-05-29T17:25:02.539283,Présent
cd1fed89-615f-4782-8edd-7090ec8c7877,emp-45,2026-06-01,2026-06-01T09:05:02.539283,2026-06-01T18:37:02.539283,Retard
b8d49219-818c-4ad5-9e05-d2b294ddbc39,emp-45,2026-06-02,2026-06-02T08:46:02.539283,2026-06-02T18:31:02.539283,Présent
0aedba2e-4e45-4cdb-a987-b97e5c02825b,emp-45,2026-06-03,,,Absent
86da53b5-35af-45e9-88ed-eb486e293cff,emp-45,2026-06-04,2026-06-04T08:40:02.539283,2026-06-04T18:01:02.539283,Présent
ecbfbab7-3fa1-441f-b919-b003db382b1b,emp-45,2026-06-05,,,Absent
ad90bf29-4793-4d5b-8cf3-b06653b17d4d,emp-45,2026-06-08,2026-06-08T08:47:02.539283,2026-06-08T17:04:02.539283,Présent
604af913-9b96-44d5-97d4-2e5e43a55404,emp-45,2026-06-09,2026-06-09T08:41:02.539283,2026-06-09T18:45:02.539283,Présent
38b441e5-bd69-4cf3-8ae4-46bffc019287,emp-45,2026-06-10,2026-06-10T08:36:02.539283,2026-06-10T18:30:02.539283,Présent
2bdb89a2-2170-42fe-95e5-a6d51cae5691,emp-45,2026-06-11,2026-06-11T08:06:02.539283,2026-06-11T18:14:02.539283,Présent
20974ba5-a48d-4faf-ab51-a3fc9aad8643,emp-45,2026-06-12,2026-06-12T09:17:02.539283,2026-06-12T18:48:02.539283,Retard
9fc59b8a-54a2-4856-aa89-d222c7a09120,emp-46,2026-05-18,2026-05-18T08:06:02.539283,2026-05-18T17:05:02.539283,Présent
d8c2361c-5b76-4caf-8d2d-b2ca9552698e,emp-46,2026-05-19,2026-05-19T08:08:02.539283,2026-05-19T18:13:02.539283,Présent
38dcf293-52ab-48e1-9c25-944ec901e2b7,emp-46,2026-05-20,2026-05-20T08:02:02.539283,2026-05-20T18:48:02.539283,Présent
a6a88149-7d79-45da-bbae-25a63af09b7f,emp-46,2026-05-21,2026-05-21T08:56:02.539283,2026-05-21T18:37:02.539283,Présent
32361024-4e8b-4083-9ac5-57b9f3e0d73e,emp-46,2026-05-22,2026-05-22T08:09:02.539283,2026-05-22T18:47:02.539283,Présent
785c1214-8a18-4d7b-beb3-eeda2776f1ff,emp-46,2026-05-25,2026-05-25T08:15:02.539283,2026-05-25T18:34:02.539283,Présent
bf64295b-6006-475f-a18b-0c4fd8d7a3d8,emp-46,2026-05-26,,,Absent
eac44f7d-13b3-4839-a761-1cb5d79d2dd8,emp-46,2026-05-27,2026-05-27T08:24:02.539283,2026-05-27T18:36:02.539283,Présent
381846ae-b409-4def-af02-69bbfb6c8796,emp-46,2026-05-28,2026-05-28T08:58:02.539283,2026-05-28T18:22:02.539283,Présent
b3f32c4c-4967-44b8-aa70-ad49ae8eb7ac,emp-46,2026-05-29,2026-05-29T08:51:02.539283,2026-05-29T18:38:02.539283,Présent
7622fa6b-41d7-4734-9d76-3605dd71ac52,emp-46,2026-06-01,2026-06-01T08:02:02.539283,2026-06-01T17:33:02.539283,Présent
6c0161ad-302f-4f72-8928-5c10df233657,emp-46,2026-06-02,2026-06-02T08:26:02.539283,2026-06-02T17:11:02.539283,Présent
65631cb0-72c6-42a9-9922-ed577d3433a7,emp-46,2026-06-03,2026-06-03T08:57:02.539283,2026-06-03T17:14:02.539283,Présent
eebce7f0-bb52-490d-b6c4-fb2a9d9c2f7f,emp-46,2026-06-04,2026-06-04T08:06:02.539283,2026-06-04T18:50:02.539283,Présent
09d0a74e-b45c-4a64-8e85-d7a52e26e2c0,emp-46,2026-06-05,2026-06-05T08:53:02.539283,2026-06-05T18:43:02.539283,Présent
749cca7b-a6f3-4df4-883a-3d8f98f45125,emp-46,2026-06-08,,,Absent
d30ca128-d588-4c16-88ae-e3590e6da80b,emp-46,2026-06-09,2026-06-09T08:13:02.539283,2026-06-09T17:32:02.539283,Présent
717110f3-5080-47a9-a327-e11b4dd3c318,emp-46,2026-06-10,2026-06-10T08:43:02.539283,2026-06-10T17:36:02.539283,Présent
8340028c-b3e5-4fdd-a84b-f88cd6d55777,emp-46,2026-06-11,2026-06-11T08:50:02.539283,2026-06-11T18:58:02.539283,Présent
dc086df9-5c17-4992-8cc2-4510d0fcc6cf,emp-46,2026-06-12,2026-06-12T09:26:02.539283,2026-06-12T18:12:02.539283,Retard
cfb041ef-81b8-4bcd-a821-056b39285e3e,emp-47,2026-05-18,2026-05-18T08:08:02.539283,2026-05-18T17:08:02.539283,Présent
da6e8b55-fffb-4cf7-ab6e-baadadf6b173,emp-47,2026-05-19,2026-05-19T09:22:02.539283,2026-05-19T18:01:02.539283,Retard
18d9aa83-0cd1-4809-8faf-b98c28d567d5,emp-47,2026-05-20,2026-05-20T08:05:02.539283,2026-05-20T18:06:02.539283,Présent
d305c561-8a5f-4a23-9055-707037390d43,emp-47,2026-05-21,2026-05-21T08:51:02.539283,2026-05-21T18:13:02.539283,Présent
316df566-b01e-4b8b-a08d-35277aa4e422,emp-47,2026-05-22,2026-05-22T08:23:02.539283,2026-05-22T17:46:02.539283,Présent
f2f078ef-a688-4d90-a9c8-c168a2452ff9,emp-47,2026-05-25,2026-05-25T08:14:02.539283,2026-05-25T17:24:02.539283,Présent
fa8494e4-7894-49a6-a126-160a95520103,emp-47,2026-05-26,2026-05-26T08:41:02.539283,2026-05-26T17:08:02.539283,Présent
8680f317-eac4-4da7-bfaa-8d03c22c8c0f,emp-47,2026-05-27,2026-05-27T08:35:02.539283,2026-05-27T18:54:02.539283,Présent
3b402a22-a628-4d53-8f33-8c85b179c2e8,emp-47,2026-05-28,2026-05-28T08:03:02.539283,2026-05-28T18:54:02.539283,Présent
6663522b-66db-4cf8-bcaa-a2ba03285ce7,emp-47,2026-05-29,,,Absent
19848d38-c150-47d7-a20a-d3672dab5653,emp-47,2026-06-01,2026-06-01T08:42:02.539283,2026-06-01T18:04:02.539283,Présent
edadaf2e-50dd-4a6f-b75e-49ab44d3d4e8,emp-47,2026-06-02,2026-06-02T08:04:02.539283,2026-06-02T17:11:02.539283,Présent
8d9c8e27-c408-467a-9e2e-c8ecdfe181db,emp-47,2026-06-03,2026-06-03T08:49:02.539283,2026-06-03T18:34:02.539283,Présent
3c2157fd-cd74-4c12-a69e-2c8b921c8589,emp-47,2026-06-04,2026-06-04T08:40:02.539283,2026-06-04T18:01:02.539283,Présent
dca42044-57fd-4381-9480-322189137746,emp-47,2026-06-05,2026-06-05T08:36:02.539283,2026-06-05T18:50:02.539283,Présent
0a493c26-bb2b-4d04-95a1-38327488d13e,emp-47,2026-06-08,2026-06-08T08:46:02.539283,2026-06-08T17:00:02.539283,Présent
735c67ad-3223-426a-a849-2fa18bd8ca54,emp-47,2026-06-09,2026-06-09T08:55:02.539283,2026-06-09T17:09:02.539283,Présent
899913d9-bf81-4435-934f-cc834cdd1d80,emp-47,2026-06-10,2026-06-10T08:57:02.539283,2026-06-10T18:55:02.539283,Présent
238517eb-ed61-4bc7-93fa-4677388b7ab4,emp-47,2026-06-11,2026-06-11T08:04:02.539283,2026-06-11T17:50:02.539283,Présent
362ad277-6cb8-40f3-9660-9fbc1eeca482,emp-47,2026-06-12,2026-06-12T08:18:02.539283,2026-06-12T17:37:02.539283,Présent
99b07cf8-4763-4e95-ae16-8833f6cfcd88,emp-48,2026-05-18,2026-05-18T08:27:02.539283,2026-05-18T17:29:02.539283,Présent
a8eb3604-0468-4b4c-b624-cbe073e80136,emp-48,2026-05-19,2026-05-19T08:05:02.539283,2026-05-19T17:27:02.539283,Présent
2511f024-6a42-4c53-bca3-ddf8b38be2f1,emp-48,2026-05-20,2026-05-20T08:42:02.539283,2026-05-20T18:14:02.539283,Présent
4de06954-1696-4dd2-8898-6a325de31846,emp-48,2026-05-21,2026-05-21T08:32:02.539283,2026-05-21T18:10:02.539283,Présent
d1007a4f-9566-4ae4-a713-02a4c7999f4f,emp-48,2026-05-22,2026-05-22T08:49:02.539283,2026-05-22T18:56:02.539283,Présent
3281339e-70f6-45f3-9013-a7903e1429eb,emp-48,2026-05-25,2026-05-25T08:33:02.539283,2026-05-25T18:45:02.539283,Présent
91715afb-224b-424e-8615-d95f45ad267b,emp-48,2026-05-26,2026-05-26T08:37:02.539283,2026-05-26T17:51:02.539283,Présent
68499809-27cd-499e-b48b-cea8b3156c57,emp-48,2026-05-27,2026-05-27T08:48:02.539283,2026-05-27T17:45:02.539283,Présent
30d09ba1-c417-4255-9699-aca3d384c6b1,emp-48,2026-05-28,2026-05-28T08:49:02.539283,2026-05-28T17:06:02.539283,Présent
609cb4ba-d2c4-41a6-867b-26befbf3862d,emp-48,2026-05-29,2026-05-29T08:19:02.539283,2026-05-29T18:04:02.539283,Présent
2f59a713-d326-411d-aaea-bcea9664796c,emp-48,2026-06-01,2026-06-01T09:34:02.539283,2026-06-01T17:56:02.539283,Retard
bf78839e-06c3-4c2f-8ee6-3f3511375089,emp-48,2026-06-02,2026-06-02T08:04:02.539283,2026-06-02T17:34:02.539283,Présent
8cd44c95-0e73-49ce-afd9-9a6775500dce,emp-48,2026-06-03,2026-06-03T08:12:02.539283,2026-06-03T17:51:02.539283,Présent
844740f4-f35e-4295-abb0-bbd4e3226866,emp-48,2026-06-04,2026-06-04T08:00:02.539283,2026-06-04T17:45:02.539283,Présent
51cbe631-c8ce-4f57-aeac-54a508768cc3,emp-48,2026-06-05,2026-06-05T10:12:02.539283,2026-06-05T17:39:02.539283,Retard
42d4f355-0018-4d36-bb11-09eb654d7c90,emp-48,2026-06-08,2026-06-08T08:28:02.539283,2026-06-08T17:22:02.539283,Présent
b63ee816-1e5b-4df3-8590-7050de26a964,emp-48,2026-06-09,2026-06-09T08:36:02.539283,2026-06-09T18:00:02.539283,Présent
a2c7a0cd-45d8-4d1b-a549-618dc14ba679,emp-48,2026-06-10,2026-06-10T08:43:02.539283,2026-06-10T17:20:02.539283,Présent
35e94173-9b4f-45e4-8d0e-b8bd350ba369,emp-48,2026-06-11,2026-06-11T08:02:02.539283,2026-06-11T18:46:02.539283,Présent
6218f7a6-bbc5-40a9-8d5b-6c7e0bf31154,emp-48,2026-06-12,2026-06-12T08:46:02.539283,2026-06-12T18:49:02.539283,Présent
db67cee9-b2ee-450c-bcfd-57138920331d,emp-49,2026-05-18,2026-05-18T08:28:02.539283,2026-05-18T18:27:02.539283,Présent
c5c63a9e-6271-4487-b4fd-815981c0d7d9,emp-49,2026-05-19,2026-05-19T08:50:02.539283,2026-05-19T17:45:02.539283,Présent
a2052b79-fab6-4930-9d76-57404ffd397b,emp-49,2026-05-20,2026-05-20T10:26:02.539283,2026-05-20T17:52:02.539283,Retard
9da16455-a255-412f-b049-726b192b29c3,emp-49,2026-05-21,2026-05-21T08:15:02.539283,2026-05-21T17:08:02.539283,Présent
17795523-16c9-4e92-9ec7-75581a2978b2,emp-49,2026-05-22,2026-05-22T08:23:02.539283,2026-05-22T17:17:02.539283,Présent
4a4c07fd-60cc-4204-af7b-93d6996e9b8f,emp-49,2026-05-25,2026-05-25T08:05:02.539283,2026-05-25T17:07:02.539283,Présent
6134a62c-0b93-4601-b5bd-7cea23a9f8ae,emp-49,2026-05-26,2026-05-26T08:56:02.539283,2026-05-26T18:12:02.539283,Présent
079ea1fd-e8ef-4df9-a2db-e1f56d76872a,emp-49,2026-05-27,2026-05-27T08:17:02.539283,2026-05-27T18:34:02.539283,Présent
2e991b96-6e5a-40bb-afaa-526b30c460ac,emp-49,2026-05-28,2026-05-28T08:42:02.539283,2026-05-28T18:34:02.539283,Présent
f7112ca3-abe0-4d49-a1a6-21230de31fd3,emp-49,2026-05-29,2026-05-29T10:07:02.539283,2026-05-29T17:49:02.539283,Retard
0a6d1396-3a1a-487c-bd13-615d1545db1c,emp-49,2026-06-01,2026-06-01T08:32:02.539283,2026-06-01T18:33:02.539283,Présent
3f854b80-ad07-4f03-8e56-2019af35338e,emp-49,2026-06-02,2026-06-02T08:14:02.539283,2026-06-02T17:05:02.539283,Présent
7831ecfb-fc84-4946-8aa8-fe505a7b53ef,emp-49,2026-06-03,2026-06-03T08:49:02.539283,2026-06-03T18:01:02.539283,Présent
3800b0e0-ea62-4a2c-b8dd-6d1f863f585f,emp-49,2026-06-04,2026-06-04T08:20:02.539283,2026-06-04T17:53:02.539283,Présent
ceee3e61-920e-4fba-aaeb-e2da583393b5,emp-49,2026-06-05,2026-06-05T08:00:02.539283,2026-06-05T17:51:02.539283,Présent
ac81e096-0dcc-4cfc-b47b-96652b8eef39,emp-49,2026-06-08,2026-06-08T08:00:02.539283,2026-06-08T17:50:02.539283,Présent
000f2a8e-5c67-45b9-b8e8-002581283de8,emp-49,2026-06-09,2026-06-09T08:54:02.539283,2026-06-09T18:33:02.539283,Présent
48192724-67f1-4b11-992c-b3ee2e020f3c,emp-49,2026-06-10,2026-06-10T08:23:02.539283,2026-06-10T18:02:02.539283,Présent
bac371c2-9b17-4a1e-883d-0404113f4814,emp-49,2026-06-11,2026-06-11T08:55:02.539283,2026-06-11T17:37:02.539283,Présent
fe68fa5f-9e6b-4f08-b4a0-1040a35617d7,emp-49,2026-06-12,2026-06-12T08:18:02.539283,2026-06-12T18:36:02.539283,Présent
20ddd30c-8569-4bb2-8f39-e4d042703380,emp-50,2026-05-18,2026-05-18T08:55:02.539283,2026-05-18T17:06:02.539283,Présent
036c1ff8-70f9-431d-b9c6-be12ad828569,emp-50,2026-05-19,2026-05-19T08:56:02.539283,2026-05-19T18:56:02.539283,Présent
65312f65-0954-4647-99bc-ad87ac781e04,emp-50,2026-05-20,2026-05-20T08:42:02.539283,2026-05-20T17:54:02.539283,Présent
e64fb7c5-3fad-4d1d-8073-1c35ae5be2df,emp-50,2026-05-21,2026-05-21T08:51:02.539283,2026-05-21T17:02:02.539283,Présent
93682927-ab83-4ba2-bb08-075481e50e5c,emp-50,2026-05-22,2026-05-22T08:59:02.539283,2026-05-22T17:36:02.539283,Présent
0101370b-01d2-43b8-b267-642c23da427a,emp-50,2026-05-25,2026-05-25T08:07:02.539283,2026-05-25T18:56:02.539283,Présent
18a26b25-6b2f-4643-92ac-a9c38145ed27,emp-50,2026-05-26,2026-05-26T08:58:02.539283,2026-05-26T17:16:02.539283,Présent
ff303613-a783-46a7-adc4-7867f3dbb02c,emp-50,2026-05-27,2026-05-27T08:08:02.539283,2026-05-27T18:18:02.539283,Présent
46507c51-98be-449b-ba5e-3fa476111a31,emp-50,2026-05-28,2026-05-28T08:15:02.539283,2026-05-28T18:03:02.539283,Présent
288abc2d-86bb-45ed-9614-11c3f176b0c4,emp-50,2026-05-29,2026-05-29T08:58:02.539283,2026-05-29T17:33:02.539283,Présent
87442dc6-3063-45d5-94f2-d88dcda0ba54,emp-50,2026-06-01,2026-06-01T08:36:02.539283,2026-06-01T17:29:02.539283,Présent
70848630-1d67-4102-aa60-87e1fda61020,emp-50,2026-06-02,2026-06-02T08:03:02.539283,2026-06-02T18:58:02.539283,Présent
a0476adf-1cd4-42a4-8047-53f460a05bd4,emp-50,2026-06-03,2026-06-03T08:40:02.539283,2026-06-03T18:19:02.539283,Présent
837aa20b-6cc6-40f4-934c-d6f53124ac37,emp-50,2026-06-04,2026-06-04T08:30:02.539283,2026-06-04T18:08:02.539283,Présent
35d30c18-7378-4de8-92c0-6786eddbaf01,emp-50,2026-06-05,2026-06-05T08:34:02.539283,2026-06-05T18:08:02.539283,Présent
e14f3bee-c2a1-40ca-a5af-747f8fbfdd1e,emp-50,2026-06-08,2026-06-08T08:32:02.539283,2026-06-08T18:02:02.539283,Présent
509b6571-86d1-43c5-ac6e-1bbf11734228,emp-50,2026-06-09,2026-06-09T08:03:02.539283,2026-06-09T17:55:02.539283,Présent
57072df1-ea41-4df4-b653-9d02b451fb69,emp-50,2026-06-10,2026-06-10T08:13:02.539283,2026-06-10T18:57:02.539283,Présent
4c908cf5-979f-4152-8417-59ad7b62a365,emp-50,2026-06-11,2026-06-11T08:21:02.539283,2026-06-11T17:27:02.539283,Présent
c87212d5-e1c2-4054-8cf6-963a0523d190,emp-50,2026-06-12,2026-06-12T08:39:02.539283,2026-06-12T17:31:02.539283,Présent
c202bc2f-cafb-4ff5-abe0-90e2028f5ca9,emp-51,2026-05-18,2026-05-18T08:19:02.539283,2026-05-18T18:11:02.539283,Présent
21dc25fb-501c-46c5-bb4c-edb189d565b7,emp-51,2026-05-19,2026-05-19T08:35:02.539283,2026-05-19T17:03:02.539283,Présent
430c4ec3-ab86-4371-a67d-c635a7b62959,emp-51,2026-05-20,2026-05-20T08:23:02.539283,2026-05-20T18:24:02.539283,Présent
5a14846a-a7bc-44cb-963c-7d09f40524c7,emp-51,2026-05-21,2026-05-21T08:18:02.539283,2026-05-21T18:57:02.539283,Présent
d04d1d40-5777-4569-a11a-6bfda5424110,emp-51,2026-05-22,2026-05-22T08:02:02.539283,2026-05-22T17:49:02.539283,Présent
ab26ea67-49e1-4b6b-874f-f7842e185d8c,emp-51,2026-05-25,2026-05-25T08:05:02.539283,2026-05-25T17:42:02.539283,Présent
2d8574cf-fa97-4a5a-bade-51f0007b9bb6,emp-51,2026-05-26,2026-05-26T08:46:02.539283,2026-05-26T18:10:02.539283,Présent
d9635333-59eb-4a16-b6e5-9063747d5e0f,emp-51,2026-05-27,2026-05-27T08:03:02.539283,2026-05-27T17:26:02.539283,Présent
982fccc9-4873-4ecd-b388-370fadc4cd56,emp-51,2026-05-28,2026-05-28T08:18:02.539283,2026-05-28T18:50:02.539283,Présent
6cd0327a-0f8a-4c5e-84e5-4d51d9aee778,emp-51,2026-05-29,2026-05-29T08:19:02.539283,2026-05-29T18:30:02.539283,Présent
e7530962-773b-4cc0-8eaa-8678dfb2d451,emp-51,2026-06-01,2026-06-01T08:51:02.539283,2026-06-01T18:37:02.539283,Présent
257b9ba1-14d0-47a7-93b1-5ab6390b47a7,emp-51,2026-06-02,2026-06-02T08:25:02.539283,2026-06-02T18:57:02.539283,Présent
0ce957f5-ad0b-4a70-8f21-e303520eae2b,emp-51,2026-06-03,2026-06-03T08:42:02.539283,2026-06-03T17:44:02.539283,Présent
feae5ad0-b176-4082-8cd8-fae84c860abf,emp-51,2026-06-04,2026-06-04T08:41:02.539283,2026-06-04T17:27:02.539283,Présent
26e43d25-d5f2-4895-94e8-24f77e75b47f,emp-51,2026-06-05,2026-06-05T08:04:02.539283,2026-06-05T17:22:02.539283,Présent
db9b80b5-c6cb-4f4e-ae9e-431b97b35764,emp-51,2026-06-08,2026-06-08T08:23:02.539283,2026-06-08T17:59:02.539283,Présent
35e740ce-e976-4fdc-9f4c-65bc5067faa8,emp-51,2026-06-09,2026-06-09T08:25:02.539283,2026-06-09T18:03:02.539283,Présent
a1dd7c18-96f0-4c53-a3e0-4cd89b0c48d6,emp-51,2026-06-10,2026-06-10T08:06:02.539283,2026-06-10T18:21:02.539283,Présent
dde02ea0-8ef8-4779-b0a0-d5b2de51e980,emp-51,2026-06-11,,,Absent
59845589-d7f4-4ff2-985a-29199aa37a77,emp-51,2026-06-12,2026-06-12T08:47:02.539283,2026-06-12T17:54:02.539283,Présent
f8f596ab-e9f8-463b-8514-6a702ff5e3e4,emp-52,2026-05-18,2026-05-18T08:44:02.539283,2026-05-18T17:43:02.539283,Présent
ae5e9612-0cfd-4bce-a849-fdf14300817b,emp-52,2026-05-19,2026-05-19T08:44:02.539283,2026-05-19T18:06:02.539283,Présent
d1d02fb2-a31b-45b7-b2ec-86cf9145c252,emp-52,2026-05-20,2026-05-20T08:57:02.539283,2026-05-20T18:43:02.539283,Présent
4ca8c64f-0ebc-472e-8842-f71b88edae14,emp-52,2026-05-21,2026-05-21T08:47:02.539283,2026-05-21T17:58:02.539283,Présent
bb1402d2-58df-481b-9693-c5303289cf71,emp-52,2026-05-22,2026-05-22T08:50:02.539283,2026-05-22T17:25:02.539283,Présent
5a68c866-36ef-4f0f-b340-b118002d8ed9,emp-52,2026-05-25,2026-05-25T08:41:02.539283,2026-05-25T18:08:02.539283,Présent
e38b7a2e-d5eb-4be7-bb4e-326e8284f196,emp-52,2026-05-26,2026-05-26T08:47:02.539283,2026-05-26T17:38:02.539283,Présent
ad884a1f-dca8-4557-aef0-f305c9e567cc,emp-52,2026-05-27,2026-05-27T08:52:02.539283,2026-05-27T18:49:02.539283,Présent
6c8b9551-be13-4e39-9541-2a1fb5c0b168,emp-52,2026-05-28,2026-05-28T08:43:02.539283,2026-05-28T18:20:02.539283,Présent
7d0b137f-76f1-4e30-9d31-0f3509c541e4,emp-52,2026-05-29,2026-05-29T08:58:02.539283,2026-05-29T17:34:02.539283,Présent
dd396f54-a3ad-4c7e-9e2c-8ccfd2d89d89,emp-52,2026-06-01,2026-06-01T08:52:02.539283,2026-06-01T18:36:02.539283,Présent
8d6af6fa-3487-447a-aed4-8863adb08e1d,emp-52,2026-06-02,2026-06-02T08:13:02.539283,2026-06-02T18:22:02.539283,Présent
f93afe7d-c5a0-4e7f-bb66-55e6430d7f58,emp-52,2026-06-03,2026-06-03T08:51:02.539283,2026-06-03T18:36:02.539283,Présent
67a4c626-2edb-47d3-b410-5a67f484b7fd,emp-52,2026-06-04,2026-06-04T08:20:02.539283,2026-06-04T17:12:02.539283,Présent
3ea82745-234a-40f6-be0b-f52affc386b0,emp-52,2026-06-05,2026-06-05T08:15:02.539283,2026-06-05T17:24:02.539283,Présent
8b260356-c433-4bd7-9e9c-eafe09943670,emp-52,2026-06-08,2026-06-08T08:22:02.539283,2026-06-08T18:42:02.539283,Présent
94a1f427-3270-4308-ab48-5960fa8ac0bc,emp-52,2026-06-09,2026-06-09T08:27:02.539283,2026-06-09T18:46:02.539283,Présent
0f3ec804-4848-4730-a936-dfd57b2bd03e,emp-52,2026-06-10,2026-06-10T08:19:02.539283,2026-06-10T18:16:02.539283,Présent
546b1fe9-ef81-4877-a248-f7a7438060da,emp-52,2026-06-11,2026-06-11T08:34:02.539283,2026-06-11T17:41:02.539283,Présent
444dfdd7-d06e-401b-a2e0-b3c1889c3992,emp-52,2026-06-12,2026-06-12T08:28:02.539283,2026-06-12T18:10:02.539283,Présent
c8a2cb86-6f87-4dc3-85ab-ba0d4dd77ed2,emp-53,2026-05-18,2026-05-18T08:16:02.539283,2026-05-18T17:32:02.539283,Présent
ac3619c4-e21c-4059-8051-f48425a78aab,emp-53,2026-05-19,2026-05-19T08:46:02.539283,2026-05-19T17:13:02.539283,Présent
fe362387-0d89-4bff-b6b9-d3b90aa028aa,emp-53,2026-05-20,2026-05-20T08:01:02.539283,2026-05-20T17:44:02.539283,Présent
df6ae3cf-fae9-4f91-9c7c-e1e8b2988104,emp-53,2026-05-21,2026-05-21T08:42:02.539283,2026-05-21T17:25:02.539283,Présent
0effcf18-dacf-4265-b8a1-c6d01d951d08,emp-53,2026-05-22,2026-05-22T08:27:02.539283,2026-05-22T17:26:02.539283,Présent
2c2218b0-b110-4119-abb0-b3ac49510560,emp-53,2026-05-25,2026-05-25T08:37:02.539283,2026-05-25T18:27:02.539283,Présent
78c65373-f56a-4b36-a692-f06ae778a4a3,emp-53,2026-05-26,2026-05-26T08:00:02.539283,2026-05-26T17:10:02.539283,Présent
81881f2c-8e3b-4bea-b9ce-a2b247da3ff3,emp-53,2026-05-27,2026-05-27T08:48:02.539283,2026-05-27T18:25:02.539283,Présent
6387b2a5-f10c-40a8-a599-66818975202f,emp-53,2026-05-28,2026-05-28T08:20:02.539283,2026-05-28T17:35:02.539283,Présent
371eb5c6-6118-4849-8628-b4532773facd,emp-53,2026-05-29,2026-05-29T08:10:02.539283,2026-05-29T17:54:02.539283,Présent
3ca557d9-027b-4249-ae17-b99a456d7f50,emp-53,2026-06-01,2026-06-01T08:51:02.539283,2026-06-01T17:50:02.539283,Présent
16f1757f-2f49-4a3e-bbb5-c9aad0ef2ed1,emp-53,2026-06-02,2026-06-02T08:45:02.539283,2026-06-02T17:13:02.539283,Présent
de460404-78fc-483c-9f0d-b5946fd4294d,emp-53,2026-06-03,2026-06-03T08:51:02.539283,2026-06-03T18:43:02.539283,Présent
f188dba0-9683-4ebd-9bfa-816fe7b81c76,emp-53,2026-06-04,2026-06-04T08:20:02.539283,2026-06-04T18:40:02.539283,Présent
af28619a-70fa-4bda-b542-409efda86a64,emp-53,2026-06-05,2026-06-05T08:13:02.539283,2026-06-05T18:08:02.539283,Présent
a4e7aa65-3c37-4925-95b6-a7ee88a90b06,emp-53,2026-06-08,2026-06-08T08:57:02.539283,2026-06-08T18:22:02.539283,Présent
21aa347b-8c8f-451a-bb84-2fa1bbec0346,emp-53,2026-06-09,2026-06-09T08:01:02.539283,2026-06-09T18:53:02.539283,Présent
9d1d8b26-1714-45ba-be9f-99965428ec71,emp-53,2026-06-10,2026-06-10T08:33:02.539283,2026-06-10T17:56:02.539283,Présent
38db2d8a-b01c-44c7-a47d-34ae577b507a,emp-53,2026-06-11,2026-06-11T08:44:02.539283,2026-06-11T17:39:02.539283,Présent
dcb2dee2-efcb-4c1b-9ce6-08e5d317fcce,emp-53,2026-06-12,2026-06-12T08:43:02.539283,2026-06-12T17:31:02.539283,Présent
1f642a00-006f-4410-9e45-6d9145e70f4c,emp-54,2026-05-18,2026-05-18T08:05:02.539283,2026-05-18T17:41:02.539283,Présent
9ac60147-5ffa-417c-b240-26e47303310e,emp-54,2026-05-19,2026-05-19T08:53:02.539283,2026-05-19T17:14:02.539283,Présent
091728f3-f2be-4e01-bd08-6fe6254f4c7c,emp-54,2026-05-20,,,Absent
2193000f-b285-4964-a419-57c3f5659299,emp-54,2026-05-21,2026-05-21T08:34:02.539283,2026-05-21T17:51:02.539283,Présent
de16a1c6-e037-4103-899e-dd3091638cfa,emp-54,2026-05-22,2026-05-22T08:08:02.539283,2026-05-22T18:25:02.539283,Présent
d11f548a-26c3-48f3-b4b4-b50e98abe059,emp-54,2026-05-25,2026-05-25T08:49:02.539283,2026-05-25T18:49:02.539283,Présent
9cd82651-71b9-4a23-8efe-1844c02aab96,emp-54,2026-05-26,2026-05-26T08:22:02.539283,2026-05-26T18:49:02.539283,Présent
c0461806-8a0e-452a-9120-89a03b2b4a1f,emp-54,2026-05-27,2026-05-27T08:01:02.539283,2026-05-27T18:17:02.539283,Présent
f73a4ff6-d96c-42a8-affa-9ae6e010766f,emp-54,2026-05-28,2026-05-28T08:09:02.539283,2026-05-28T18:27:02.539283,Présent
6bc6ad59-a47f-4e6b-9f0a-b31edc5f5916,emp-54,2026-05-29,2026-05-29T08:54:02.539283,2026-05-29T17:34:02.539283,Présent
f85d6fa9-58fd-48e3-a254-8e74201f2420,emp-54,2026-06-01,2026-06-01T08:17:02.539283,2026-06-01T18:10:02.539283,Présent
810a6a4b-7889-4397-a87f-dbdea289f251,emp-54,2026-06-02,2026-06-02T08:31:02.539283,2026-06-02T17:39:02.539283,Présent
ce64363b-70ae-4fc7-bebf-633d2278378f,emp-54,2026-06-03,2026-06-03T08:47:02.539283,2026-06-03T17:49:02.539283,Présent
6c5f333e-5536-4e28-8349-cc5bac165be8,emp-54,2026-06-04,2026-06-04T08:25:02.539283,2026-06-04T18:05:02.539283,Présent
20cd2675-cce9-48e0-bf48-82d0fffa1dca,emp-54,2026-06-05,2026-06-05T08:32:02.539283,2026-06-05T17:11:02.539283,Présent
d64fff0f-0964-4470-bd26-d649c1d6fe41,emp-54,2026-06-08,2026-06-08T08:29:02.539283,2026-06-08T18:33:02.539283,Présent
08ba5d46-8c42-4028-87dc-9b547affea9f,emp-54,2026-06-09,2026-06-09T08:30:02.539283,2026-06-09T17:31:02.539283,Présent
d5e35785-24df-40b3-bbf4-70298c508908,emp-54,2026-06-10,2026-06-10T08:59:02.539283,2026-06-10T18:05:02.539283,Présent
b9991327-a814-4f0b-8477-5f87a375e7fd,emp-54,2026-06-11,2026-06-11T08:46:02.539283,2026-06-11T17:31:02.539283,Présent
a0a9241c-f89f-4f8a-9fcb-ffc6b492b717,emp-54,2026-06-12,2026-06-12T08:19:02.539283,2026-06-12T18:50:02.539283,Présent
f4d8b620-5f1d-4c7d-99fc-f21bcaf7f747,emp-55,2026-05-18,2026-05-18T08:02:02.539283,2026-05-18T18:29:02.539283,Présent
ccf5ba3d-8f20-413f-a2aa-b2567eb78f5e,emp-55,2026-05-19,2026-05-19T08:24:02.539283,2026-05-19T17:30:02.539283,Présent
4fa4fced-2701-4420-9b9d-40725521062c,emp-55,2026-05-20,2026-05-20T08:53:02.539283,2026-05-20T17:52:02.539283,Présent
20c0b193-15d2-4040-949a-39c5e85bb6a5,emp-55,2026-05-21,2026-05-21T08:20:02.539283,2026-05-21T17:00:02.539283,Présent
1d3160ee-9640-4fd0-b551-abb126c9a810,emp-55,2026-05-22,2026-05-22T08:30:02.539283,2026-05-22T17:24:02.539283,Présent
792e133d-e0b8-4b04-bb8e-f8b9d424f116,emp-55,2026-05-25,2026-05-25T08:52:02.539283,2026-05-25T18:40:02.539283,Présent
b1653331-1060-4873-9c1b-97be6e5e3da5,emp-55,2026-05-26,2026-05-26T08:49:02.539283,2026-05-26T17:23:02.539283,Présent
b9c23459-1613-4e85-8e73-0020101f9ca7,emp-55,2026-05-27,2026-05-27T08:12:02.539283,2026-05-27T17:33:02.539283,Présent
09ee298f-2356-44ad-ad9d-b69a144598a4,emp-55,2026-05-28,2026-05-28T08:00:02.539283,2026-05-28T18:00:02.539283,Présent
4b3f1b9a-b9f1-4513-a6ea-fc01f5413e10,emp-55,2026-05-29,2026-05-29T08:52:02.539283,2026-05-29T18:40:02.539283,Présent
aea8f655-347e-41c0-a65a-4aed4ac06e48,emp-55,2026-06-01,2026-06-01T08:43:02.539283,2026-06-01T17:01:02.539283,Présent
aa9de793-12b8-4d1f-8170-6b66ecccf1a9,emp-55,2026-06-02,2026-06-02T08:51:02.539283,2026-06-02T17:53:02.539283,Présent
03001fe5-1791-4c37-b8e7-5fd03ae67334,emp-55,2026-06-03,2026-06-03T08:13:02.539283,2026-06-03T18:36:02.539283,Présent
347b1a5f-5108-4ab5-9e2f-71686183695b,emp-55,2026-06-04,2026-06-04T08:12:02.539283,2026-06-04T18:16:02.539283,Présent
57c455c5-e845-4d54-98af-2196d9796fa8,emp-55,2026-06-05,2026-06-05T10:24:02.539283,2026-06-05T18:39:02.539283,Retard
656354c9-6726-4189-ae6d-5e6a2b27463d,emp-55,2026-06-08,2026-06-08T08:19:02.539283,2026-06-08T18:44:02.539283,Présent
bf415909-9e6e-4337-bec4-1374cb76f6a6,emp-55,2026-06-09,2026-06-09T08:50:02.539283,2026-06-09T17:54:02.539283,Présent
beea1103-07f5-4f0a-8962-40b24ad6a5fa,emp-55,2026-06-10,2026-06-10T08:26:02.539283,2026-06-10T17:56:02.539283,Présent
3b2582ba-2a0c-4eeb-b4fd-4193cadfd850,emp-55,2026-06-11,2026-06-11T08:43:02.539283,2026-06-11T18:38:02.539283,Présent
721c062d-301b-4952-93e5-7179c94d04ce,emp-55,2026-06-12,,,Absent
9eebfb6d-77ec-49d2-b981-f50328f2fb36,emp-56,2026-05-18,,,Absent
cbe42635-166c-4622-9b77-00e1854e8349,emp-56,2026-05-19,2026-05-19T08:55:02.539283,2026-05-19T18:03:02.539283,Présent
38d5a3c0-bcdf-4597-9c80-738ef8ef769a,emp-56,2026-05-20,2026-05-20T08:10:02.539283,2026-05-20T18:14:02.539283,Présent
7a14ee5b-e67c-4c14-95a2-3fceb849b697,emp-56,2026-05-21,2026-05-21T08:14:02.539283,2026-05-21T17:54:02.539283,Présent
e476a469-6a44-4973-ac3c-e6d5dee0a37b,emp-56,2026-05-22,2026-05-22T08:43:02.539283,2026-05-22T17:14:02.539283,Présent
5f0be7c3-d59d-478e-8ef5-65686a2dee80,emp-56,2026-05-25,2026-05-25T08:20:02.539283,2026-05-25T17:32:02.539283,Présent
db79ec7d-c157-41f6-bbff-bbd606bb0cbc,emp-56,2026-05-26,2026-05-26T08:28:02.539283,2026-05-26T18:34:02.539283,Présent
16dee5e0-a52b-4d05-8e35-a3ad1f859f14,emp-56,2026-05-27,2026-05-27T08:16:02.539283,2026-05-27T17:51:02.539283,Présent
e75b9b6d-e0c3-4294-9ed9-2afaef1c1ef9,emp-56,2026-05-28,2026-05-28T08:42:02.539283,2026-05-28T17:09:02.539283,Présent
bb6fc295-9b6b-4aa2-bf1d-5118fe7da9d0,emp-56,2026-05-29,2026-05-29T08:15:02.539283,2026-05-29T18:24:02.539283,Présent
7c259f1a-58c9-4b50-b46c-2069a0a44006,emp-56,2026-06-01,2026-06-01T08:04:02.539283,2026-06-01T17:42:02.539283,Présent
79b212ae-7cef-4cef-99f7-47848c8c9bd3,emp-56,2026-06-02,2026-06-02T08:23:02.539283,2026-06-02T17:36:02.539283,Présent
6dfdc42c-fa21-44a8-a75d-805bc095c37e,emp-56,2026-06-03,2026-06-03T08:38:02.539283,2026-06-03T17:51:02.539283,Présent
7ec80d56-2913-44be-9d85-31663f80d46b,emp-56,2026-06-04,2026-06-04T08:31:02.539283,2026-06-04T17:24:02.539283,Présent
0c68faf9-37dd-427c-b9bc-b7d4b3f1661f,emp-56,2026-06-05,2026-06-05T08:29:02.539283,2026-06-05T17:22:02.539283,Présent
e12d0188-0dd6-4b9f-a065-c813d407a976,emp-56,2026-06-08,2026-06-08T08:51:02.539283,2026-06-08T17:20:02.539283,Présent
22900acc-a844-45e6-9426-37dad9522068,emp-56,2026-06-09,2026-06-09T08:56:02.539283,2026-06-09T18:24:02.539283,Présent
e44e417c-8ea0-448e-9f53-87dd5dd53679,emp-56,2026-06-10,2026-06-10T08:28:02.539283,2026-06-10T18:46:02.539283,Présent
488346ca-058e-4da3-9618-f9bb0ecf5639,emp-56,2026-06-11,2026-06-11T08:54:02.539283,2026-06-11T17:40:02.539283,Présent
a595067a-fbb5-4842-9616-2419900612e5,emp-56,2026-06-12,2026-06-12T08:15:02.539283,2026-06-12T17:00:02.539283,Présent
f5ad9377-075b-4183-91a9-4471b25121e0,emp-57,2026-05-18,2026-05-18T08:54:02.539283,2026-05-18T18:44:02.539283,Présent
7b2f7fe5-006a-445c-9636-aa1a602bdb9b,emp-57,2026-05-19,2026-05-19T08:04:02.539283,2026-05-19T17:23:02.539283,Présent
facb349a-57ff-4a8f-927d-ab8cec212611,emp-57,2026-05-20,2026-05-20T08:51:02.539283,2026-05-20T18:41:02.539283,Présent
11524a7f-1b88-45c1-a732-70a8d661933b,emp-57,2026-05-21,2026-05-21T08:06:02.539283,2026-05-21T17:30:02.539283,Présent
fdc9dd9d-9903-4aeb-8309-2f8ef6da830b,emp-57,2026-05-22,2026-05-22T08:36:02.539283,2026-05-22T18:59:02.539283,Présent
6c78ac8b-25cb-48d1-9d9a-4b2650c7ea73,emp-57,2026-05-25,2026-05-25T08:47:02.539283,2026-05-25T18:57:02.539283,Présent
db0f8616-b925-4882-932b-01862f9bf8a5,emp-57,2026-05-26,2026-05-26T08:49:02.539283,2026-05-26T17:03:02.539283,Présent
a698b912-777a-4e1c-97bb-ce928f1f9daf,emp-57,2026-05-27,2026-05-27T08:53:02.539283,2026-05-27T17:48:02.539283,Présent
2bc7291a-42d2-4335-8870-170457aa4964,emp-57,2026-05-28,2026-05-28T08:11:02.539283,2026-05-28T18:55:02.539283,Présent
87f84bc2-a1c4-43ea-bdf4-ae338cfdb5cd,emp-57,2026-05-29,2026-05-29T10:10:02.539283,2026-05-29T17:33:02.539283,Retard
ea7e49f9-122e-440d-afe1-46aaa4763da4,emp-57,2026-06-01,2026-06-01T08:11:02.539283,2026-06-01T18:36:02.539283,Présent
6a114948-2087-4d96-9a91-306d9d01915a,emp-57,2026-06-02,2026-06-02T08:17:02.539283,2026-06-02T17:24:02.539283,Présent
471746a7-0b5d-4b46-ae0e-378d08e514ea,emp-57,2026-06-03,2026-06-03T08:34:02.539283,2026-06-03T18:12:02.539283,Présent
d6ffaddc-aced-48b4-9576-9554185719a5,emp-57,2026-06-04,2026-06-04T08:49:02.539283,2026-06-04T17:35:02.539283,Présent
94f95c4e-8739-4b9e-933b-98744b0400f7,emp-57,2026-06-05,2026-06-05T08:45:02.539283,2026-06-05T17:39:02.539283,Présent
3b1619ad-bd86-4cb8-8e27-ffe05abbf88c,emp-57,2026-06-08,2026-06-08T08:34:02.539283,2026-06-08T18:58:02.539283,Présent
1d61eaa1-e116-4040-b945-511d94466889,emp-57,2026-06-09,,,Absent
5ec8c82d-baec-4c03-86fc-7d5ae12c2c07,emp-57,2026-06-10,2026-06-10T09:45:02.539283,2026-06-10T18:53:02.539283,Retard
33c512c9-fca1-4ec4-a055-286c5b3df56b,emp-57,2026-06-11,2026-06-11T08:22:02.539283,2026-06-11T17:27:02.539283,Présent
1bac3186-95e7-4ded-a1e8-ecaa7dbc4607,emp-57,2026-06-12,,,Absent
e8678e70-aba3-45ea-b7da-13931ceac0ed,emp-58,2026-05-18,2026-05-18T08:22:02.539283,2026-05-18T17:45:02.539283,Présent
ca350bd7-091e-4299-85ae-530628352651,emp-58,2026-05-19,2026-05-19T08:30:02.539283,2026-05-19T18:23:02.539283,Présent
ee54d2d6-36a8-4225-8038-664576a9ad21,emp-58,2026-05-20,2026-05-20T08:30:02.539283,2026-05-20T17:01:02.539283,Présent
a7bdb328-7b84-40ab-b625-61ddfe183ad6,emp-58,2026-05-21,2026-05-21T08:16:02.539283,2026-05-21T17:37:02.539283,Présent
ea1f0424-cf17-4226-a606-e036437705ff,emp-58,2026-05-22,2026-05-22T08:24:02.539283,2026-05-22T17:16:02.539283,Présent
b79ea5ea-a717-49f7-944b-50d7b1b3f185,emp-58,2026-05-25,2026-05-25T08:12:02.539283,2026-05-25T18:54:02.539283,Présent
114f96a3-a35b-47ec-8f02-1b5ad078efee,emp-58,2026-05-26,2026-05-26T08:30:02.539283,2026-05-26T17:39:02.539283,Présent
09c3d779-32ef-4130-a67c-355235a958af,emp-58,2026-05-27,2026-05-27T08:00:02.539283,2026-05-27T18:04:02.539283,Présent
66218653-1cee-4881-bdaa-e787c468f302,emp-58,2026-05-28,2026-05-28T08:28:02.539283,2026-05-28T18:16:02.539283,Présent
2bb890cb-d393-4d38-967d-d5b1e2cd05f3,emp-58,2026-05-29,2026-05-29T08:16:02.539283,2026-05-29T17:22:02.539283,Présent
6b7eeb72-bffa-4350-a4ac-9db51a3563cc,emp-58,2026-06-01,2026-06-01T08:32:02.539283,2026-06-01T17:15:02.539283,Présent
a741004c-190b-43f3-8a14-fef1729e3e7a,emp-58,2026-06-02,2026-06-02T08:43:02.539283,2026-06-02T18:37:02.539283,Présent
a711c2ee-c1c4-45fd-a4a2-3c157059a8e2,emp-58,2026-06-03,2026-06-03T08:35:02.539283,2026-06-03T18:20:02.539283,Présent
c391663f-99b7-4b70-beec-85a7229f76cc,emp-58,2026-06-04,2026-06-04T08:48:02.539283,2026-06-04T18:04:02.539283,Présent
f98f184d-a3e5-46f6-a155-ae5712a13b3f,emp-58,2026-06-05,2026-06-05T08:08:02.539283,2026-06-05T18:29:02.539283,Présent
2e12285b-ffc1-4166-b57e-ac009f003fce,emp-58,2026-06-08,,,Absent
189d9b7e-1622-46d2-9584-69ebd8fcaea7,emp-58,2026-06-09,2026-06-09T08:09:02.539283,2026-06-09T17:07:02.539283,Présent
fc50fb49-5abd-48f3-a80b-42f43bb11bba,emp-58,2026-06-10,2026-06-10T08:08:02.539283,2026-06-10T17:01:02.539283,Présent
98b421a9-2b71-4f71-95e5-4f98393dc89f,emp-58,2026-06-11,2026-06-11T08:54:02.539283,2026-06-11T18:39:02.539283,Présent
dfe8aed7-2394-4006-a808-27eb730c7a83,emp-58,2026-06-12,2026-06-12T08:03:02.539283,2026-06-12T17:38:02.539283,Présent
505e23e6-64bb-40e3-8bb0-9b31d6c38d17,emp-60,2026-05-18,2026-05-18T08:51:02.539283,2026-05-18T17:10:02.539283,Présent
bd1656eb-2eda-4eab-8f17-3480689d709c,emp-60,2026-05-19,2026-05-19T08:27:02.539283,2026-05-19T18:43:02.539283,Présent
5cab7d91-e5f5-4b9a-8831-beccd3cbcb91,emp-60,2026-05-20,2026-05-20T08:09:02.539283,2026-05-20T17:35:02.539283,Présent
a32251e8-75f6-4c35-afac-ec4088218d01,emp-60,2026-05-21,2026-05-21T08:46:02.539283,2026-05-21T17:43:02.539283,Présent
49924b34-d49c-493f-a39d-b396125932eb,emp-60,2026-05-22,2026-05-22T08:56:02.539283,2026-05-22T18:28:02.539283,Présent
0601d457-bca8-4f73-805b-1182037371f8,emp-60,2026-05-25,2026-05-25T08:00:02.539283,2026-05-25T18:29:02.539283,Présent
e4bb4f4f-a51b-4b41-bc14-bd810af79798,emp-60,2026-05-26,2026-05-26T08:54:02.539283,2026-05-26T18:34:02.539283,Présent
5937e83a-62a2-488d-8ef9-0d72c0e2b91a,emp-60,2026-05-27,2026-05-27T08:44:02.539283,2026-05-27T18:48:02.539283,Présent
9dc34563-bd8a-4641-8109-b9a34e31767c,emp-60,2026-05-28,2026-05-28T08:06:02.539283,2026-05-28T18:55:02.539283,Présent
3af4bfab-8aa4-4437-8228-4e2c44e6016c,emp-60,2026-05-29,2026-05-29T08:55:02.539283,2026-05-29T17:31:02.539283,Présent
7c21ee22-f2ad-4caf-8125-06e46bbbcfa3,emp-60,2026-06-01,2026-06-01T08:36:02.539283,2026-06-01T17:48:02.539283,Présent
93117571-f679-47d7-90b3-cbb6a7a0c534,emp-60,2026-06-02,,,Absent
c13de148-3d21-4ac5-a73a-b833937ce528,emp-60,2026-06-03,2026-06-03T08:12:02.539283,2026-06-03T18:16:02.539283,Présent
d4755cc4-d04d-4104-a848-5745a9142ddf,emp-60,2026-06-04,2026-06-04T08:24:02.539283,2026-06-04T17:56:02.539283,Présent
a667e64d-2739-424e-b47c-216ce55fb7b9,emp-60,2026-06-05,2026-06-05T08:35:02.539283,2026-06-05T18:25:02.539283,Présent
2ce741c2-f3f1-44a1-8863-50a6decd1674,emp-60,2026-06-08,2026-06-08T08:41:02.539283,2026-06-08T17:37:02.539283,Présent
cba2ec3f-ff50-4141-a160-c36c7cdcf1df,emp-60,2026-06-09,2026-06-09T08:19:02.539283,2026-06-09T18:01:02.539283,Présent
af176aac-1048-4d23-9dd9-4d539d24c22d,emp-60,2026-06-10,,,Absent
5a030544-d76a-4aac-9d3c-9db0ad693b2d,emp-60,2026-06-11,2026-06-11T08:52:02.539283,2026-06-11T18:45:02.539283,Présent
f1edb35d-aac6-4a4f-974a-dac90a0fe444,emp-60,2026-06-12,,,Absent
54ead774-41f5-4b6f-bf02-8ecd86335166,emp-61,2026-05-18,,,Absent
7688c578-13c0-4a4b-8048-70e27b562e72,emp-61,2026-05-19,2026-05-19T08:20:02.539283,2026-05-19T17:55:02.539283,Présent
54408115-815f-476a-ba54-a1f5bd5d914e,emp-61,2026-05-20,2026-05-20T08:43:02.539283,2026-05-20T18:40:02.539283,Présent
2a5a7b1b-460b-4cf8-b3ae-abdbcb0372ed,emp-61,2026-05-21,2026-05-21T08:32:02.539283,2026-05-21T17:00:02.539283,Présent
25f30e1f-c494-48dd-8a74-372ac2ac50cc,emp-61,2026-05-22,2026-05-22T08:14:02.539283,2026-05-22T17:40:02.539283,Présent
202e5879-7a73-4f4e-a353-e3b872ded300,emp-61,2026-05-25,2026-05-25T08:55:02.539283,2026-05-25T17:55:02.539283,Présent
ccc3ade3-6aa8-4786-aff7-4ce9c2a91601,emp-61,2026-05-26,2026-05-26T08:11:02.539283,2026-05-26T17:05:02.539283,Présent
2a9f8651-1861-43ba-a01a-dc33009894a2,emp-61,2026-05-27,2026-05-27T08:06:02.539283,2026-05-27T17:52:02.539283,Présent
a0a35367-3fd5-42a7-aed9-54a3d6f6f601,emp-61,2026-05-28,2026-05-28T08:21:02.539283,2026-05-28T17:07:02.539283,Présent
59d66862-595f-47e2-aabb-ae8dda6b2c49,emp-61,2026-05-29,2026-05-29T08:49:02.539283,2026-05-29T17:12:02.539283,Présent
f5dff4d5-ee85-4535-8981-ad38d6ae0d9f,emp-61,2026-06-01,2026-06-01T08:53:02.539283,2026-06-01T18:18:02.539283,Présent
62e0dcb2-820b-4bc3-bc6c-f86fedbef0d8,emp-61,2026-06-02,2026-06-02T08:42:02.539283,2026-06-02T18:44:02.539283,Présent
663ef645-0c8b-4faa-b718-b5d71815f7c6,emp-61,2026-06-03,2026-06-03T08:23:02.539283,2026-06-03T17:50:02.539283,Présent
6794d3ed-e9aa-452e-b963-9e56ada78817,emp-61,2026-06-04,2026-06-04T08:14:02.539283,2026-06-04T18:04:02.539283,Présent
f81ab279-8c6e-4cd6-bf4e-7641699e4636,emp-61,2026-06-05,2026-06-05T08:57:02.539283,2026-06-05T18:07:02.539283,Présent
42cc0ddf-b365-4e88-9099-709ce5b7e98d,emp-61,2026-06-08,2026-06-08T08:58:02.539283,2026-06-08T18:39:02.539283,Présent
5247f290-b60b-4227-9a26-218b3d568ea9,emp-61,2026-06-09,2026-06-09T08:07:02.539283,2026-06-09T17:10:02.539283,Présent
540b0d07-c68e-460a-a990-95722438b15d,emp-61,2026-06-10,2026-06-10T08:23:02.539283,2026-06-10T18:37:02.539283,Présent
8ea43fb1-2c05-4d77-81d0-7bd5db567cfa,emp-61,2026-06-11,2026-06-11T08:21:02.539283,2026-06-11T17:23:02.539283,Présent
5ec7e12c-4f89-4f4a-9866-1d4ad0b337c4,emp-61,2026-06-12,2026-06-12T08:14:02.539283,2026-06-12T18:30:02.539283,Présent
401fc2c6-d5c4-4f43-b160-13fd2d5e4f92,emp-62,2026-05-18,2026-05-18T08:20:02.539283,2026-05-18T18:18:02.539283,Présent
bf3e64af-e4cc-4ad5-a788-b637485c8fdd,emp-62,2026-05-19,2026-05-19T08:23:02.539283,2026-05-19T18:53:02.539283,Présent
d9c7ffc3-0b11-4a3b-9908-0de9f3997252,emp-62,2026-05-20,2026-05-20T08:02:02.539283,2026-05-20T18:05:02.539283,Présent
0068811d-82fa-4130-8222-eda948efecb7,emp-62,2026-05-21,2026-05-21T08:30:02.539283,2026-05-21T18:21:02.539283,Présent
56df52ae-059a-46f0-a38b-851c12f982b3,emp-62,2026-05-22,2026-05-22T08:13:02.539283,2026-05-22T17:31:02.539283,Présent
651fd301-6164-49e3-89f5-1e31cdd8520b,emp-62,2026-05-25,,,Absent
19459d7c-e5f7-4718-87b8-f759fb9c415c,emp-62,2026-05-26,2026-05-26T08:36:02.539283,2026-05-26T18:06:02.539283,Présent
d9ecb36b-5858-4ca2-b76f-a21e012a21b6,emp-62,2026-05-27,2026-05-27T08:16:02.539283,2026-05-27T17:05:02.539283,Présent
5adccbb5-45e5-4519-bef1-bb8f5ed42fb3,emp-62,2026-05-28,2026-05-28T08:33:02.539283,2026-05-28T17:36:02.539283,Présent
5ec0216b-62d3-4f33-8813-074aacaa102b,emp-62,2026-05-29,2026-05-29T09:01:02.539283,2026-05-29T18:22:02.539283,Retard
4993a7ac-7dea-4cd4-bcf6-7b36d1d869b0,emp-62,2026-06-01,,,Absent
3cd8b570-ff59-4dc2-96d8-fd474370a761,emp-62,2026-06-02,2026-06-02T08:18:02.539283,2026-06-02T18:19:02.539283,Présent
a87a624e-d940-4da1-a14c-b226a1626027,emp-62,2026-06-03,2026-06-03T08:58:02.539283,2026-06-03T18:21:02.539283,Présent
8721f435-de8d-4828-a97a-dd786b97b099,emp-62,2026-06-04,2026-06-04T08:27:02.539283,2026-06-04T18:19:02.539283,Présent
968e78ed-2b4c-45cc-80cf-63e15cac9c25,emp-62,2026-06-05,2026-06-05T08:49:02.539283,2026-06-05T18:34:02.539283,Présent
36dd270a-1e9a-4031-bd00-439d3da19a81,emp-62,2026-06-08,2026-06-08T08:04:02.539283,2026-06-08T17:16:02.539283,Présent
48df63e3-5dd6-4e77-a041-4bb26eca342d,emp-62,2026-06-09,2026-06-09T08:42:02.539283,2026-06-09T18:49:02.539283,Présent
e87c5a97-89c2-4399-ba11-8f8744879d88,emp-62,2026-06-10,2026-06-10T08:05:02.539283,2026-06-10T18:42:02.539283,Présent
b3c7799c-9d12-49c8-bede-2a1d901166fc,emp-62,2026-06-11,2026-06-11T09:32:02.539283,2026-06-11T18:23:02.539283,Retard
020ffa1d-2cc7-42fe-af91-059982fb7e48,emp-62,2026-06-12,,,Absent
329970b7-1bf6-4a31-8166-cbd77c310516,emp-64,2026-05-18,2026-05-18T08:31:02.539283,2026-05-18T18:44:02.539283,Présent
06c2b2a0-2774-442a-a3a4-56c66cdf9e93,emp-64,2026-05-19,2026-05-19T08:49:02.539283,2026-05-19T17:24:02.539283,Présent
42c6f34b-bb1b-4045-82d6-8ce0437cdae1,emp-64,2026-05-20,2026-05-20T08:43:02.539283,2026-05-20T17:05:02.539283,Présent
f2ba2c64-fc92-45ec-a562-f47900d663f0,emp-64,2026-05-21,2026-05-21T08:36:02.539283,2026-05-21T17:48:02.539283,Présent
c32f7b68-1c94-4f07-9ec5-afb273d7e707,emp-64,2026-05-22,2026-05-22T08:30:02.539283,2026-05-22T17:28:02.539283,Présent
d2976e89-0034-4e66-a144-5fcc548d6d21,emp-64,2026-05-25,2026-05-25T08:17:02.539283,2026-05-25T17:44:02.539283,Présent
a696bf31-ab8b-4fb8-8b8d-c6cc613b5529,emp-64,2026-05-26,2026-05-26T08:25:02.539283,2026-05-26T17:33:02.539283,Présent
820cf5d6-40f6-41ba-ac23-9aa2cf87dff0,emp-64,2026-05-27,2026-05-27T08:49:02.539283,2026-05-27T18:46:02.539283,Présent
d656cb1f-8a82-4703-854e-3e63b2c8a338,emp-64,2026-05-28,2026-05-28T08:11:02.539283,2026-05-28T17:43:02.539283,Présent
78f81135-a36d-42f3-a717-25bc384a5818,emp-64,2026-05-29,,,Absent
6629df74-f6c5-40e3-b1a5-203904cf38ee,emp-64,2026-06-01,2026-06-01T08:27:02.539283,2026-06-01T17:11:02.539283,Présent
f9a3ac26-a4eb-4b06-af0d-1521df03f4af,emp-64,2026-06-02,2026-06-02T08:09:02.539283,2026-06-02T18:05:02.539283,Présent
3d72cc61-4c3a-4f01-af96-35512da6b405,emp-64,2026-06-03,2026-06-03T08:18:02.539283,2026-06-03T17:46:02.539283,Présent
d1a7179a-25b0-4b04-9a90-d32b0d9e3e4f,emp-64,2026-06-04,2026-06-04T08:36:02.539283,2026-06-04T18:05:02.539283,Présent
5c50a0b7-dcca-4c91-a231-ddb6fbf80eff,emp-64,2026-06-05,2026-06-05T08:21:02.539283,2026-06-05T17:44:02.539283,Présent
c0863bd8-dce8-49a8-ba5a-4eb1fb3969dd,emp-64,2026-06-08,2026-06-08T08:33:02.539283,2026-06-08T18:05:02.539283,Présent
8a912f71-6a63-4fab-9f17-1898d03f4904,emp-64,2026-06-09,2026-06-09T08:00:02.539283,2026-06-09T17:46:02.539283,Présent
71da878e-313e-4927-81ef-3a2e0f90e428,emp-64,2026-06-10,2026-06-10T08:12:02.539283,2026-06-10T17:57:02.539283,Présent
6172f441-d5f1-447e-af58-40e697cc8168,emp-64,2026-06-11,2026-06-11T08:36:02.539283,2026-06-11T17:30:02.539283,Présent
2e8318ae-30ad-4483-897d-a6d079a2dfdf,emp-64,2026-06-12,2026-06-12T08:48:02.539283,2026-06-12T17:00:02.539283,Présent
373425b0-e44e-48d3-8403-094a3c292a0a,emp-65,2026-05-18,2026-05-18T08:46:02.539283,2026-05-18T17:47:02.539283,Présent
98dc403c-5173-4cdd-b676-e937284dece5,emp-65,2026-05-19,2026-05-19T08:25:02.539283,2026-05-19T18:51:02.539283,Présent
ad9e884f-165b-446a-afc6-ece9a7a2dde8,emp-65,2026-05-20,2026-05-20T08:12:02.539283,2026-05-20T18:07:02.539283,Présent
1ec6d4de-02f8-4bcd-a7b1-036b6c75c93f,emp-65,2026-05-21,2026-05-21T08:50:02.539283,2026-05-21T17:01:02.539283,Présent
e291cc8d-545b-40d8-ac57-272334ab9544,emp-65,2026-05-22,2026-05-22T08:50:02.539283,2026-05-22T18:41:02.539283,Présent
e34cf03c-63dc-48fd-b8f6-03dd8d002998,emp-65,2026-05-25,,,Absent
a916dd16-8d56-4951-b28e-ff30793c1bf0,emp-65,2026-05-26,2026-05-26T08:05:02.539283,2026-05-26T17:22:02.539283,Présent
16962452-85a1-4681-84e2-af99b995910d,emp-65,2026-05-27,2026-05-27T08:58:02.539283,2026-05-27T18:23:02.539283,Présent
57bae5c8-cc36-453a-9b87-e5cf088460dd,emp-65,2026-05-28,2026-05-28T08:20:02.539283,2026-05-28T17:55:02.539283,Présent
11a0af36-555f-4ff6-b669-080f5fc58992,emp-65,2026-05-29,2026-05-29T08:38:02.539283,2026-05-29T17:01:02.539283,Présent
03feb971-50e4-43e3-9865-370730551dae,emp-65,2026-06-01,2026-06-01T08:36:02.539283,2026-06-01T18:09:02.539283,Présent
4a897535-ddda-4628-9a7c-0901bd1079be,emp-65,2026-06-02,2026-06-02T08:33:02.539283,2026-06-02T18:16:02.539283,Présent
5500b7a1-750c-43ad-9b02-32808658ef21,emp-65,2026-06-03,2026-06-03T08:12:02.539283,2026-06-03T17:32:02.539283,Présent
13d7c525-b12a-4dea-86d0-c6696074bac6,emp-65,2026-06-04,2026-06-04T09:47:02.539283,2026-06-04T18:51:02.539283,Retard
9b17d5e0-6482-4718-a61b-a38a34450df0,emp-65,2026-06-05,2026-06-05T08:14:02.539283,2026-06-05T18:41:02.539283,Présent
3fb4ce19-39c0-48b6-92b2-f8459c8702ff,emp-65,2026-06-08,2026-06-08T08:28:02.539283,2026-06-08T18:39:02.539283,Présent
0822d0a5-7b04-45e8-8054-1dabc3740938,emp-65,2026-06-09,2026-06-09T10:50:02.539283,2026-06-09T18:25:02.539283,Retard
3f594eed-9f1c-439f-a090-9481cffa4411,emp-65,2026-06-10,2026-06-10T09:24:02.539283,2026-06-10T17:22:02.539283,Retard
0c44c470-f749-48d8-9d3d-a5e557d688d1,emp-65,2026-06-11,2026-06-11T08:44:02.539283,2026-06-11T17:22:02.539283,Présent
e32e2e7a-ceed-4ef5-9e11-8d4007cf3c66,emp-65,2026-06-12,2026-06-12T08:23:02.539283,2026-06-12T17:17:02.539283,Présent
7d1329d4-130b-42b7-96be-56bea7d00c26,emp-66,2026-05-18,2026-05-18T08:51:02.539283,2026-05-18T17:19:02.539283,Présent
1978c40d-8362-4da6-90b0-891b1a873d11,emp-66,2026-05-19,2026-05-19T08:50:02.539283,2026-05-19T17:23:02.539283,Présent
447496ae-6f31-49d2-8c61-03e7fd0ad020,emp-66,2026-05-20,2026-05-20T08:29:02.539283,2026-05-20T18:34:02.539283,Présent
b3ec9be8-1ae8-4086-80ed-c4d0ca7a013f,emp-66,2026-05-21,2026-05-21T10:34:02.539283,2026-05-21T18:13:02.539283,Retard
18d0531d-0eda-4351-8dd8-31378dad492a,emp-66,2026-05-22,2026-05-22T08:45:02.539283,2026-05-22T18:07:02.539283,Présent
ed79a54e-ae7d-4505-b63c-61409d0e6858,emp-66,2026-05-25,2026-05-25T08:43:02.539283,2026-05-25T18:04:02.539283,Présent
b29683d9-f325-4675-8e51-2911f55ad10d,emp-66,2026-05-26,2026-05-26T08:20:02.539283,2026-05-26T17:02:02.539283,Présent
303d84fc-8ce6-42d7-bd6f-5377a56b1d89,emp-66,2026-05-27,2026-05-27T08:44:02.539283,2026-05-27T18:40:02.539283,Présent
b7687b46-2ad6-440d-9902-bc5d7f88449c,emp-66,2026-05-28,2026-05-28T08:14:02.539283,2026-05-28T17:50:02.539283,Présent
aeb84156-f5a2-4721-aa7a-db3a490279a4,emp-66,2026-05-29,2026-05-29T08:10:02.539283,2026-05-29T17:02:02.539283,Présent
62507c89-e4a4-4f04-901b-25fefc60bfd0,emp-66,2026-06-01,2026-06-01T08:55:02.539283,2026-06-01T17:52:02.539283,Présent
38d83ebf-c92f-4d0c-9443-d1a79dfc170f,emp-66,2026-06-02,2026-06-02T08:29:02.539283,2026-06-02T18:47:02.539283,Présent
f80b1337-54cc-4ee0-b96d-a5cc205ab943,emp-66,2026-06-03,2026-06-03T08:54:02.539283,2026-06-03T18:27:02.539283,Présent
ac0e2fb6-e745-4cf8-b309-b7055e98f66f,emp-66,2026-06-04,2026-06-04T08:51:02.539283,2026-06-04T18:28:02.539283,Présent
be8e5b15-1204-4e51-9956-8dd102a3bde5,emp-66,2026-06-05,2026-06-05T08:08:02.539283,2026-06-05T18:46:02.539283,Présent
76f7ced1-4a9f-4137-a629-5ff8270017c8,emp-66,2026-06-08,2026-06-08T08:36:02.539283,2026-06-08T18:56:02.539283,Présent
6bd673a7-9458-40c3-96b0-e14aabd20498,emp-66,2026-06-09,2026-06-09T08:05:02.539283,2026-06-09T17:24:02.539283,Présent
ef883027-ca9a-4d4f-87b4-7155a5899a1b,emp-66,2026-06-10,2026-06-10T08:04:02.539283,2026-06-10T18:18:02.539283,Présent
755fa59e-4415-4038-a0a7-071a92718660,emp-66,2026-06-11,2026-06-11T08:24:02.539283,2026-06-11T18:08:02.539283,Présent
a74e13f2-09fa-42fb-b269-0ddae7b269e4,emp-66,2026-06-12,2026-06-12T08:06:02.539283,2026-06-12T17:57:02.539283,Présent
9436834a-34a8-4fe2-8bfd-001ab6f2baaf,emp-67,2026-05-18,2026-05-18T08:07:02.539283,2026-05-18T18:31:02.539283,Présent
563de0ed-5aca-46e6-b321-3566689cad92,emp-67,2026-05-19,2026-05-19T08:28:02.539283,2026-05-19T18:51:02.539283,Présent
f9c2cabb-b4c9-46aa-ad20-f3389d277557,emp-67,2026-05-20,2026-05-20T08:34:02.539283,2026-05-20T17:18:02.539283,Présent
48a39186-65ed-41c0-afbb-7c9fa7652468,emp-67,2026-05-21,2026-05-21T08:07:02.539283,2026-05-21T18:17:02.539283,Présent
66b3ac55-f6e1-416a-b9ff-e7ced2424378,emp-67,2026-05-22,,,Absent
96398c8f-c602-4571-8900-a09db759321d,emp-67,2026-05-25,2026-05-25T10:09:02.539283,2026-05-25T18:21:02.539283,Retard
8238ddba-4018-4a7e-ae4c-144f32506ec5,emp-67,2026-05-26,,,Absent
b97f1b92-899f-43f2-895a-1fce8dc0b471,emp-67,2026-05-27,2026-05-27T08:26:02.539283,2026-05-27T18:32:02.539283,Présent
469df79e-6f93-40f1-a744-90e51e3403cc,emp-67,2026-05-28,2026-05-28T08:22:02.539283,2026-05-28T17:24:02.539283,Présent
38613f52-125d-4863-8b85-de641ccfbcc7,emp-67,2026-05-29,2026-05-29T08:53:02.539283,2026-05-29T18:28:02.539283,Présent
fe3290b0-796d-4684-9356-bfd3e7d1d554,emp-67,2026-06-01,2026-06-01T08:44:02.539283,2026-06-01T17:32:02.539283,Présent
da85bce5-0028-4af4-a12a-dc067063ddd2,emp-67,2026-06-02,2026-06-02T08:11:02.539283,2026-06-02T18:32:02.539283,Présent
415eb32c-3094-4cd6-805b-21754dadd9ee,emp-67,2026-06-03,2026-06-03T08:33:02.539283,2026-06-03T18:11:02.539283,Présent
d7693791-8715-41c0-8df6-3974b01a2e3e,emp-67,2026-06-04,2026-06-04T08:45:02.539283,2026-06-04T17:19:02.539283,Présent
9a9c1a0f-1495-4f40-a4ef-c16ac452ce37,emp-67,2026-06-05,2026-06-05T08:11:02.539283,2026-06-05T18:14:02.539283,Présent
26d0795e-9ddc-4194-9f73-782acae76f96,emp-67,2026-06-08,2026-06-08T08:37:02.539283,2026-06-08T17:41:02.539283,Présent
e477324f-dc1a-4061-bfa0-afb4d4a721db,emp-67,2026-06-09,2026-06-09T08:28:02.539283,2026-06-09T18:36:02.539283,Présent
361bb3f2-3a90-4a9f-8577-5f518cc4470f,emp-67,2026-06-10,2026-06-10T08:20:02.539283,2026-06-10T17:29:02.539283,Présent
b1baef37-a780-423b-b528-3d2b2a15a14d,emp-67,2026-06-11,2026-06-11T09:30:02.539283,2026-06-11T17:40:02.539283,Retard
0c784743-142f-4f2d-8beb-5700fa059cd7,emp-67,2026-06-12,2026-06-12T08:39:02.539283,2026-06-12T18:16:02.539283,Présent
9458a9b2-fc58-41e1-817a-bb0b5191dab0,emp-68,2026-05-18,2026-05-18T08:34:02.539283,2026-05-18T17:26:02.539283,Présent
fcb48e4e-6a2f-4497-9c66-a026b12515e1,emp-68,2026-05-19,2026-05-19T08:52:02.539283,2026-05-19T17:42:02.539283,Présent
04147f88-e625-48d8-a331-091136552efb,emp-68,2026-05-20,2026-05-20T08:26:02.539283,2026-05-20T18:31:02.539283,Présent
1893ebaa-74d6-4475-b7e7-8238ca982bcb,emp-68,2026-05-21,2026-05-21T08:19:02.539283,2026-05-21T17:05:02.539283,Présent
b6225cd8-2b33-4355-bab8-add26d54a38c,emp-68,2026-05-22,2026-05-22T08:28:02.539283,2026-05-22T18:34:02.539283,Présent
3a5270cc-3582-40fc-a5ec-1157f438e5f4,emp-68,2026-05-25,2026-05-25T08:42:02.539283,2026-05-25T17:45:02.539283,Présent
8356cede-a9a5-461f-ba94-84abd335c33f,emp-68,2026-05-26,2026-05-26T08:59:02.539283,2026-05-26T18:13:02.539283,Présent
9944808b-a045-45a4-b6c0-d02baa83032e,emp-68,2026-05-27,2026-05-27T09:05:02.539283,2026-05-27T18:40:02.539283,Retard
c22b06bb-e317-4e28-b53c-3bff5399ec31,emp-68,2026-05-28,2026-05-28T08:24:02.539283,2026-05-28T18:26:02.539283,Présent
84a0026b-07c5-47d9-9e84-0a41a38d2afc,emp-68,2026-05-29,2026-05-29T08:39:02.539283,2026-05-29T17:41:02.539283,Présent
1e749506-9af6-4857-a508-e523848ad61a,emp-68,2026-06-01,2026-06-01T08:28:02.539283,2026-06-01T17:04:02.539283,Présent
d36f0889-ccb2-4610-a044-9d4df2ac6f0e,emp-68,2026-06-02,2026-06-02T10:54:02.539283,2026-06-02T18:33:02.539283,Retard
5ceb44b2-801a-4ca1-ac6b-2ae3879ca650,emp-68,2026-06-03,2026-06-03T08:40:02.539283,2026-06-03T18:20:02.539283,Présent
401373e0-906f-4765-b332-10386c1275c2,emp-68,2026-06-04,2026-06-04T08:48:02.539283,2026-06-04T17:57:02.539283,Présent
34c27f39-8d0c-40b4-ac27-e21ed1c0731d,emp-68,2026-06-05,2026-06-05T08:53:02.539283,2026-06-05T18:58:02.539283,Présent
b441644e-9c79-4e0b-bdb2-c802765f960c,emp-68,2026-06-08,2026-06-08T08:39:02.539283,2026-06-08T18:11:02.539283,Présent
ab3c6ea2-43b4-42f5-b39d-76c090c45773,emp-68,2026-06-09,2026-06-09T08:41:02.539283,2026-06-09T18:24:02.539283,Présent
be929955-7dee-46d6-a4da-926361efe987,emp-68,2026-06-10,2026-06-10T08:55:02.539283,2026-06-10T17:57:02.539283,Présent
c9684126-18d0-488c-b48e-7613f47444d7,emp-68,2026-06-11,2026-06-11T08:39:02.539283,2026-06-11T18:40:02.539283,Présent
57cc87c9-dbdd-49d7-b365-435b9733eb16,emp-68,2026-06-12,2026-06-12T08:51:02.539283,2026-06-12T18:47:02.539283,Présent
5d927254-748f-4d35-a692-811e50d7999a,emp-69,2026-05-18,2026-05-18T08:46:02.539283,2026-05-18T17:41:02.539283,Présent
21600992-43a1-4a7b-a17d-78b9e554df72,emp-69,2026-05-19,2026-05-19T08:58:02.539283,2026-05-19T17:47:02.539283,Présent
18d53772-9c5d-46b3-a87c-b54d758df23f,emp-69,2026-05-20,2026-05-20T08:54:02.539283,2026-05-20T18:20:02.539283,Présent
4a1dbd8b-a52b-4648-ad9e-c9cd9330f314,emp-69,2026-05-21,2026-05-21T08:09:02.539283,2026-05-21T18:00:02.539283,Présent
602416a0-e806-459c-abe0-b57135782bfd,emp-69,2026-05-22,2026-05-22T08:27:02.539283,2026-05-22T18:13:02.539283,Présent
c27384ca-58aa-465b-8c39-68cdf4dee7fd,emp-69,2026-05-25,2026-05-25T08:20:02.539283,2026-05-25T18:38:02.539283,Présent
a4f14c11-b843-41aa-8094-13a49c307e46,emp-69,2026-05-26,2026-05-26T08:28:02.539283,2026-05-26T17:50:02.539283,Présent
440c750e-bae3-4e26-9ddf-38a75b2fe5b4,emp-69,2026-05-27,2026-05-27T08:53:02.539283,2026-05-27T18:07:02.539283,Présent
7a99e121-b24e-4ae5-b11a-3a10820fdefd,emp-69,2026-05-28,2026-05-28T08:18:02.539283,2026-05-28T17:00:02.539283,Présent
19c07edc-37b5-4eca-99bb-0c3e2dca5516,emp-69,2026-05-29,2026-05-29T08:03:02.539283,2026-05-29T17:55:02.539283,Présent
7fc38b2e-fe79-4bc4-a112-2e6fe1e12fac,emp-69,2026-06-01,,,Absent
b2baf796-8215-4645-b985-f658e390d99f,emp-69,2026-06-02,2026-06-02T08:58:02.539283,2026-06-02T17:57:02.539283,Présent
ed256e43-dbe0-4f0c-83e1-37b9f87dd48c,emp-69,2026-06-03,2026-06-03T08:18:02.539283,2026-06-03T18:57:02.539283,Présent
eacdbbf7-bf3d-4558-839f-1395adf849a8,emp-69,2026-06-04,2026-06-04T08:39:02.539283,2026-06-04T18:37:02.539283,Présent
ffe846ac-e2ef-4828-b04b-edb4b493b724,emp-69,2026-06-05,2026-06-05T08:48:02.539283,2026-06-05T17:58:02.539283,Présent
65181ef1-90a7-46da-bbc4-19f61cd782dd,emp-69,2026-06-08,2026-06-08T08:47:02.539283,2026-06-08T18:06:02.539283,Présent
945ce3b6-4b59-4bd8-8a92-3548b9d22760,emp-69,2026-06-09,,,Absent
0e224eb9-f308-41fa-88a5-f54ea624fe0a,emp-69,2026-06-10,2026-06-10T08:26:02.539283,2026-06-10T17:50:02.539283,Présent
4534bc3c-bad3-414c-8ce9-9a6411fdd84c,emp-69,2026-06-11,2026-06-11T10:33:02.539283,2026-06-11T18:36:02.539283,Retard
bf9f420a-b5d5-4ca5-ba77-1662dd635e1b,emp-69,2026-06-12,2026-06-12T08:57:02.539283,2026-06-12T17:21:02.539283,Présent
9c3dc5de-523a-4b65-9856-7048b0276a6d,emp-71,2026-05-18,2026-05-18T08:00:02.539283,2026-05-18T18:11:02.539283,Présent
9cac74c5-d62f-484d-b5c1-9847bc57bdfb,emp-71,2026-05-19,2026-05-19T08:58:02.539283,2026-05-19T18:48:02.539283,Présent
3106fdc5-a316-4070-93de-bb7cd3617d4f,emp-71,2026-05-20,2026-05-20T08:36:02.539283,2026-05-20T17:04:02.539283,Présent
9742c984-981e-43e3-8d6c-91f0bf6163bf,emp-71,2026-05-21,2026-05-21T09:59:02.539283,2026-05-21T18:40:02.539283,Retard
32353198-2384-4bbc-83f2-ae5972e1f575,emp-71,2026-05-22,2026-05-22T08:45:02.539283,2026-05-22T17:41:02.539283,Présent
4bfa0f43-29fa-4ddf-9655-de60a2eeed44,emp-71,2026-05-25,2026-05-25T08:01:02.539283,2026-05-25T18:20:02.539283,Présent
16fbf1a3-0894-4352-8c62-54786c22448a,emp-71,2026-05-26,2026-05-26T08:25:02.539283,2026-05-26T17:30:02.539283,Présent
10791b77-d615-4914-b9cd-5deeb0ec56dd,emp-71,2026-05-27,2026-05-27T08:05:02.539283,2026-05-27T18:19:02.539283,Présent
51b843f2-903c-4a62-b4fb-fd8f56d4c53e,emp-71,2026-05-28,2026-05-28T08:12:02.539283,2026-05-28T17:05:02.539283,Présent
2b18ce69-0c92-41ad-9d04-a69a261fca00,emp-71,2026-05-29,2026-05-29T08:31:02.539283,2026-05-29T17:23:02.539283,Présent
f55885fb-b275-4c0a-8405-f78b7b1eda27,emp-71,2026-06-01,2026-06-01T08:36:02.539283,2026-06-01T18:11:02.539283,Présent
8b6836e9-56ca-4dad-8640-44a9fedccfde,emp-71,2026-06-02,2026-06-02T08:59:02.539283,2026-06-02T17:26:02.539283,Présent
ad1405ca-955f-4c2a-83ef-5090e3da9740,emp-71,2026-06-03,2026-06-03T08:21:02.539283,2026-06-03T17:59:02.539283,Présent
f7a63ba4-c6e2-48a5-a1fe-b5a81a8492d9,emp-71,2026-06-04,2026-06-04T08:12:02.539283,2026-06-04T18:27:02.539283,Présent
f9d59993-4944-40b9-8ea0-624198a31739,emp-71,2026-06-05,2026-06-05T08:37:02.539283,2026-06-05T17:51:02.539283,Présent
3a340dcf-849b-4b86-9a54-2a243b26f0e6,emp-71,2026-06-08,2026-06-08T08:57:02.539283,2026-06-08T18:52:02.539283,Présent
88168f72-20e7-4340-bc56-b7b5be724f94,emp-71,2026-06-09,2026-06-09T08:32:02.539283,2026-06-09T17:55:02.539283,Présent
c9f38db1-9389-4e6b-a3a8-891dad9c3de6,emp-71,2026-06-10,2026-06-10T08:09:02.539283,2026-06-10T18:03:02.539283,Présent
080ff043-1cb5-404f-9e57-9d458a9909c8,emp-71,2026-06-11,2026-06-11T08:12:02.539283,2026-06-11T18:18:02.539283,Présent
0f84fa72-407c-40c2-baf4-3e9a49915257,emp-71,2026-06-12,2026-06-12T08:58:02.539283,2026-06-12T17:56:02.539283,Présent
a4174bc4-cdc2-4b17-ad0f-94ce7853e5f3,emp-72,2026-05-18,2026-05-18T08:07:02.539283,2026-05-18T17:05:02.539283,Présent
1e8cefb8-bc34-422e-9eaf-4c65b9705ea6,emp-72,2026-05-19,2026-05-19T08:15:02.539283,2026-05-19T17:30:02.539283,Présent
06d51643-5b83-4279-abdb-7418d5126965,emp-72,2026-05-20,2026-05-20T08:20:02.539283,2026-05-20T17:52:02.539283,Présent
6f0943fb-3a7c-4196-9a36-c4eb1716e149,emp-72,2026-05-21,2026-05-21T08:16:02.539283,2026-05-21T17:37:02.539283,Présent
ea69bbbd-c286-4757-a62b-9d50a3b2bea3,emp-72,2026-05-22,2026-05-22T08:17:02.539283,2026-05-22T17:19:02.539283,Présent
496fe3e8-5684-43c4-9d83-864ba48bb512,emp-72,2026-05-25,2026-05-25T08:19:02.539283,2026-05-25T18:32:02.539283,Présent
c210d8ed-1a3f-43ef-9b38-5d245b500b39,emp-72,2026-05-26,2026-05-26T08:43:02.539283,2026-05-26T17:26:02.539283,Présent
f179a229-6ba4-40b2-91f0-5c061a3d7ce5,emp-72,2026-05-27,2026-05-27T08:20:02.539283,2026-05-27T17:18:02.539283,Présent
1a8a856f-2ce0-4e9f-9d64-bbfea0fd37c2,emp-72,2026-05-28,2026-05-28T08:52:02.539283,2026-05-28T18:21:02.539283,Présent
09a5d7e3-39af-4747-9c24-4ffeed084da0,emp-72,2026-05-29,2026-05-29T08:45:02.539283,2026-05-29T17:38:02.539283,Présent
f1e7cc9e-255f-4fb7-b4f2-90b483f2b33a,emp-72,2026-06-01,2026-06-01T08:54:02.539283,2026-06-01T18:04:02.539283,Présent
e3cba2e9-17b0-471a-8021-8296b1b8afa1,emp-72,2026-06-02,2026-06-02T08:45:02.539283,2026-06-02T17:01:02.539283,Présent
8b3a60b3-ce45-451c-b900-98fc53ebe8ff,emp-72,2026-06-03,2026-06-03T08:45:02.539283,2026-06-03T17:18:02.539283,Présent
e62ead11-4a99-4b0c-b639-21673b830228,emp-72,2026-06-04,2026-06-04T08:42:02.539283,2026-06-04T18:24:02.539283,Présent
df89db88-1c29-4b4c-9b40-81d3bc0d972c,emp-72,2026-06-05,2026-06-05T08:05:02.539283,2026-06-05T18:45:02.539283,Présent
6ad7d24d-d1be-4f25-8066-af37456d4c40,emp-72,2026-06-08,2026-06-08T08:34:02.539283,2026-06-08T17:57:02.539283,Présent
d8b8e9c7-3479-456e-b14f-9df7b1cd9c68,emp-72,2026-06-09,2026-06-09T08:26:02.539283,2026-06-09T18:16:02.539283,Présent
30f785b0-c07d-4ff6-aecb-a5bc094fa074,emp-72,2026-06-10,2026-06-10T08:02:02.539283,2026-06-10T17:51:02.539283,Présent
4e4a6197-86a4-4b82-8791-9a8a56e5e3d6,emp-72,2026-06-11,2026-06-11T08:02:02.539283,2026-06-11T18:25:02.539283,Présent
b5443066-8cc9-483e-8eb9-aefe61b424b4,emp-72,2026-06-12,2026-06-12T08:30:02.539283,2026-06-12T18:15:02.539283,Présent
377feea5-5fa5-489b-a2f0-797dbb20e720,emp-73,2026-05-18,2026-05-18T08:54:02.539283,2026-05-18T17:50:02.539283,Présent
740b3695-ac7d-4d84-bdc0-8361ee0f211b,emp-73,2026-05-19,2026-05-19T08:03:02.539283,2026-05-19T18:44:02.539283,Présent
11b58901-6f08-4d87-9d65-a85ace9c013a,emp-73,2026-05-20,2026-05-20T08:43:02.539283,2026-05-20T17:06:02.539283,Présent
3a2c4392-07d0-406a-9e3e-415cd6eefdf4,emp-73,2026-05-21,2026-05-21T08:09:02.539283,2026-05-21T17:51:02.539283,Présent
2bae4e8c-e6ca-4f5f-8988-f69a78e1981e,emp-73,2026-05-22,2026-05-22T08:55:02.539283,2026-05-22T17:40:02.539283,Présent
df84af67-37f0-4fd5-a932-666353309506,emp-73,2026-05-25,2026-05-25T08:04:02.539283,2026-05-25T17:31:02.539283,Présent
10acb712-dcd7-4667-a393-d855daf10c4a,emp-73,2026-05-26,2026-05-26T08:26:02.539283,2026-05-26T17:55:02.539283,Présent
cc9f05f7-cee8-4a18-98cb-c483ed833200,emp-73,2026-05-27,2026-05-27T08:37:02.539283,2026-05-27T18:11:02.539283,Présent
571ca669-6dd8-4ee5-87f1-b3333226bebe,emp-73,2026-05-28,2026-05-28T08:23:02.539283,2026-05-28T17:33:02.539283,Présent
2d3e6cdb-2e5f-43d0-acdc-78f8d2ceef08,emp-73,2026-05-29,2026-05-29T08:44:02.539283,2026-05-29T18:35:02.539283,Présent
4ce6271a-365a-45ec-810d-06e73559c2fd,emp-73,2026-06-01,2026-06-01T09:08:02.539283,2026-06-01T18:05:02.539283,Retard
6dd2a644-3619-4610-a487-f6803e842d9b,emp-73,2026-06-02,2026-06-02T08:54:02.539283,2026-06-02T18:29:02.539283,Présent
7dfe4531-81f3-4e51-836f-f8671f2652c7,emp-73,2026-06-03,2026-06-03T08:32:02.539283,2026-06-03T17:47:02.539283,Présent
b40883cc-03a3-41e2-8f2f-16474dac88b8,emp-73,2026-06-04,2026-06-04T08:07:02.539283,2026-06-04T18:10:02.539283,Présent
87ac5ff3-e9d2-4850-8fca-afe72d66712c,emp-73,2026-06-05,2026-06-05T08:29:02.539283,2026-06-05T17:34:02.539283,Présent
d3e71ab0-8e46-4e39-85cb-1238f145ada0,emp-73,2026-06-08,2026-06-08T08:21:02.539283,2026-06-08T17:37:02.539283,Présent
12588c39-ccf3-4b21-b902-afb02a40b7ca,emp-73,2026-06-09,2026-06-09T08:04:02.539283,2026-06-09T18:22:02.539283,Présent
b32dc4a0-0601-4515-b377-1905f4f0bf2b,emp-73,2026-06-10,2026-06-10T08:34:02.539283,2026-06-10T18:34:02.539283,Présent
6979785a-56f0-43b8-9258-256eeb215864,emp-73,2026-06-11,2026-06-11T08:11:02.539283,2026-06-11T18:46:02.539283,Présent
da0c1f50-a434-4357-be67-4acc2381b152,emp-73,2026-06-12,2026-06-12T08:00:02.539283,2026-06-12T18:13:02.539283,Présent
f3bceced-d486-4495-afb4-ca475faba17b,emp-74,2026-05-18,,,Absent
a1fd424a-512a-4a83-9228-6db3fe218913,emp-74,2026-05-19,2026-05-19T08:56:02.539283,2026-05-19T18:43:02.539283,Présent
c83abdb5-9dfe-4022-be87-6c3d94373214,emp-74,2026-05-20,2026-05-20T08:29:02.539283,2026-05-20T18:22:02.539283,Présent
9899e542-4996-41c1-b75e-eab2d2e13a8e,emp-74,2026-05-21,2026-05-21T10:18:02.539283,2026-05-21T17:42:02.539283,Retard
da703430-3293-49b2-851b-3f5892c5f58f,emp-74,2026-05-22,2026-05-22T09:10:02.539283,2026-05-22T18:09:02.539283,Retard
33cca545-9a3c-4ef3-9fcc-16530f030a34,emp-74,2026-05-25,2026-05-25T08:38:02.539283,2026-05-25T18:19:02.539283,Présent
627a601a-7dc3-4743-89bb-45863fb9b962,emp-74,2026-05-26,2026-05-26T08:14:02.539283,2026-05-26T17:45:02.539283,Présent
81c9d479-0f53-48c1-b87c-40d4c0756aad,emp-74,2026-05-27,2026-05-27T08:17:02.539283,2026-05-27T17:34:02.539283,Présent
f9ffa959-86ce-4d70-8cc8-a9295b7cbd86,emp-74,2026-05-28,2026-05-28T08:07:02.539283,2026-05-28T18:03:02.539283,Présent
0e47f685-dc04-4343-b570-d5f0830bd732,emp-74,2026-05-29,2026-05-29T08:04:02.539283,2026-05-29T18:53:02.539283,Présent
09a1e68e-f2f4-43a8-abdb-a58e5e558b10,emp-74,2026-06-01,,,Absent
a2c1d56c-7edf-4ce0-ac64-82bff6faa0c3,emp-74,2026-06-02,2026-06-02T08:24:02.539283,2026-06-02T17:31:02.539283,Présent
517815d1-d290-4854-b081-4468ca6a3808,emp-74,2026-06-03,2026-06-03T08:29:02.539283,2026-06-03T17:26:02.539283,Présent
815b545a-d803-4019-8656-4a21dd10041c,emp-74,2026-06-04,2026-06-04T08:37:02.539283,2026-06-04T17:06:02.539283,Présent
7ea3c656-3437-47ea-b4f6-603c6db8df5c,emp-74,2026-06-05,2026-06-05T08:56:02.539283,2026-06-05T18:56:02.539283,Présent
e2c2de61-f3bc-450a-b88f-4b4a7ed8d561,emp-74,2026-06-08,2026-06-08T08:18:02.539283,2026-06-08T18:29:02.539283,Présent
fa05fbf5-26ab-4d6d-8025-2c5960dfae8e,emp-74,2026-06-09,2026-06-09T08:19:02.539283,2026-06-09T17:32:02.539283,Présent
89bf253b-406a-4d4c-824a-66a61ebae025,emp-74,2026-06-10,2026-06-10T08:25:02.539283,2026-06-10T18:13:02.539283,Présent
750585de-d3e7-4ee6-93e5-8f087c49f5cf,emp-74,2026-06-11,2026-06-11T08:59:02.539283,2026-06-11T17:00:02.539283,Présent
6814edc3-db75-4577-9f22-cb734753d075,emp-74,2026-06-12,2026-06-12T08:29:02.539283,2026-06-12T18:48:02.539283,Présent
ad449b17-53e6-48dd-98ba-7bb4af658582,emp-75,2026-05-18,2026-05-18T08:24:02.539283,2026-05-18T18:36:02.539283,Présent
624ed09c-0b61-4900-9f72-89816cfb2d25,emp-75,2026-05-19,2026-05-19T08:17:02.539283,2026-05-19T17:41:02.539283,Présent
d478f81f-56f6-43a1-87bd-fe3062706121,emp-75,2026-05-20,2026-05-20T08:29:02.539283,2026-05-20T18:08:02.539283,Présent
4e02d7f3-ec58-4604-9a98-08d9d42f524d,emp-75,2026-05-21,2026-05-21T08:59:02.539283,2026-05-21T17:08:02.539283,Présent
aa8dbd60-eb46-42f2-b9ea-b7b318029130,emp-75,2026-05-22,2026-05-22T08:58:02.539283,2026-05-22T17:46:02.539283,Présent
86e44de8-8226-4a01-8718-b07c984ef18a,emp-75,2026-05-25,2026-05-25T08:34:02.539283,2026-05-25T18:00:02.539283,Présent
9f9eebcf-9c80-469b-9e26-60a6889b9b2d,emp-75,2026-05-26,2026-05-26T08:14:02.539283,2026-05-26T18:26:02.539283,Présent
985822b2-6f11-41cb-89ed-452b671453a4,emp-75,2026-05-27,2026-05-27T08:58:02.539283,2026-05-27T17:01:02.539283,Présent
e7d3e631-8f79-4923-b386-4769ce9dc2e3,emp-75,2026-05-28,2026-05-28T08:51:02.539283,2026-05-28T18:49:02.539283,Présent
004ccec6-30a0-4743-9eb5-c7793ce5e6f2,emp-75,2026-05-29,2026-05-29T08:05:02.539283,2026-05-29T17:08:02.539283,Présent
1ba6b95f-c6f5-4b57-8a2b-1322ef053845,emp-75,2026-06-01,2026-06-01T08:44:02.539283,2026-06-01T18:12:02.539283,Présent
1c5f8151-1d09-4901-9d49-b1e929cbfeb6,emp-75,2026-06-02,2026-06-02T08:02:02.539283,2026-06-02T17:33:02.539283,Présent
ce40a5b8-455a-4713-a6db-3a1e5cdc544f,emp-75,2026-06-03,,,Absent
40b6169c-ffdc-4359-a1c3-8247c3c1e769,emp-75,2026-06-04,2026-06-04T10:35:02.539283,2026-06-04T17:48:02.539283,Retard
09d210cc-b859-475d-a3c7-fbea2661303a,emp-75,2026-06-05,2026-06-05T08:57:02.539283,2026-06-05T17:00:02.539283,Présent
6f8628ab-8e3a-46d6-9640-59d3dcdadeeb,emp-75,2026-06-08,2026-06-08T08:05:02.539283,2026-06-08T18:57:02.539283,Présent
dd75c41b-9997-44e8-82fc-cf41dfaf8e75,emp-75,2026-06-09,2026-06-09T08:20:02.539283,2026-06-09T17:23:02.539283,Présent
8c67e271-2814-40bc-888e-e901bd3b61cb,emp-75,2026-06-10,2026-06-10T08:57:02.539283,2026-06-10T17:29:02.539283,Présent
77fc2c30-9b5a-4c0f-9f2e-ed76ce7eb09a,emp-75,2026-06-11,2026-06-11T08:26:02.539283,2026-06-11T18:13:02.539283,Présent
d4683b91-712a-4df4-b708-eff943c5ee62,emp-75,2026-06-12,2026-06-12T08:23:02.539283,2026-06-12T18:58:02.539283,Présent
d8db5b1e-0873-4655-a443-921876b38af6,emp-76,2026-05-18,2026-05-18T08:02:02.539283,2026-05-18T18:54:02.539283,Présent
fc78b6c4-2b34-4c7a-9126-f5340b5fde8e,emp-76,2026-05-19,2026-05-19T08:56:02.539283,2026-05-19T18:14:02.539283,Présent
02c1e7a1-ad53-4448-a0eb-0a516f7fbb67,emp-76,2026-05-20,2026-05-20T08:48:02.539283,2026-05-20T18:09:02.539283,Présent
0aef8281-e4c5-4f94-ae14-72f4adff411d,emp-76,2026-05-21,2026-05-21T08:08:02.539283,2026-05-21T17:33:02.539283,Présent
14dafa28-23b9-48d1-a9ff-3a4793ba3c28,emp-76,2026-05-22,2026-05-22T08:42:02.539283,2026-05-22T17:05:02.539283,Présent
fff6e427-0488-404d-8fc3-a614babf52fc,emp-76,2026-05-25,2026-05-25T08:01:02.539283,2026-05-25T18:47:02.539283,Présent
395f23af-155b-4818-9c8c-b9e2bcbde106,emp-76,2026-05-26,2026-05-26T08:16:02.539283,2026-05-26T18:24:02.539283,Présent
9c7fda3e-82dd-452b-b26d-e9dbe44be28a,emp-76,2026-05-27,2026-05-27T08:05:02.539283,2026-05-27T17:19:02.539283,Présent
bb7b7257-18c1-4849-8024-425ffa543760,emp-76,2026-05-28,2026-05-28T08:19:02.539283,2026-05-28T18:05:02.539283,Présent
393f71c3-3d34-4214-b495-124ee61e6816,emp-76,2026-05-29,2026-05-29T08:51:02.539283,2026-05-29T18:43:02.539283,Présent
0f2c34e5-e2bd-44ed-9c50-774008ac380b,emp-76,2026-06-01,2026-06-01T10:36:02.539283,2026-06-01T18:40:02.539283,Retard
d50dbf4f-2ce1-4a89-9229-35d39063d728,emp-76,2026-06-02,2026-06-02T08:33:02.539283,2026-06-02T17:21:02.539283,Présent
2129bcd4-b4ec-4023-b591-9bd34ea449e0,emp-76,2026-06-03,2026-06-03T08:58:02.539283,2026-06-03T18:35:02.539283,Présent
c2b6f4b9-2caf-4f00-bbf4-3c21a091e6e0,emp-76,2026-06-04,2026-06-04T08:32:02.539283,2026-06-04T18:55:02.539283,Présent
116456ad-224a-42f8-904c-63f52b6efd8a,emp-76,2026-06-05,,,Absent
9e754c7f-e4bc-4767-99a5-398a70d260c7,emp-76,2026-06-08,2026-06-08T08:52:02.539283,2026-06-08T18:03:02.539283,Présent
bc80f5de-0825-48ae-beb6-c2ca0844cf5e,emp-76,2026-06-09,2026-06-09T08:40:02.539283,2026-06-09T18:37:02.539283,Présent
1f4abbf6-ca51-43b0-a573-5d39e8f077e6,emp-76,2026-06-10,2026-06-10T08:42:02.539283,2026-06-10T17:56:02.539283,Présent
ffdc6232-240b-45c2-b7e3-d87c1463df42,emp-76,2026-06-11,2026-06-11T10:42:02.539283,2026-06-11T18:48:02.539283,Retard
10a14b11-2b57-408f-8e2f-3e3ddca27d44,emp-76,2026-06-12,2026-06-12T08:45:02.539283,2026-06-12T18:45:02.539283,Présent
77513b41-b613-4bda-b592-e7185c44879d,emp-77,2026-05-18,2026-05-18T08:06:02.539283,2026-05-18T18:57:02.539283,Présent
604b7ef4-58c7-40c2-ac18-50424b21d15a,emp-77,2026-05-19,2026-05-19T08:48:02.539283,2026-05-19T18:06:02.539283,Présent
345fd616-011d-4481-aad8-21fded7c3bf4,emp-77,2026-05-20,2026-05-20T08:33:02.539283,2026-05-20T17:45:02.539283,Présent
ecc87140-dff2-4409-8ac3-4323bf29c0f8,emp-77,2026-05-21,2026-05-21T08:34:02.539283,2026-05-21T17:42:02.539283,Présent
10cee581-5003-4b27-bce6-862318d3b564,emp-77,2026-05-22,,,Absent
e9ede4d0-1549-445e-aa1c-3f5d2bd64a98,emp-77,2026-05-25,2026-05-25T08:18:02.539283,2026-05-25T18:44:02.539283,Présent
f540a117-c62b-4c01-9254-d24e56b6783d,emp-77,2026-05-26,2026-05-26T08:36:02.539283,2026-05-26T18:00:02.539283,Présent
d2dc1973-18ff-4e3b-ae60-0525eef24276,emp-77,2026-05-27,2026-05-27T08:36:02.539283,2026-05-27T18:15:02.539283,Présent
401c5ed9-faa6-4053-becf-5afc582ec7e7,emp-77,2026-05-28,2026-05-28T08:48:02.539283,2026-05-28T17:40:02.539283,Présent
eb81fa28-3758-4490-80b7-ad209b7971b2,emp-77,2026-05-29,2026-05-29T08:56:02.539283,2026-05-29T18:27:02.539283,Présent
6185961f-1155-42c1-b95f-cdff3ea3bd88,emp-77,2026-06-01,,,Absent
3b42a6d6-30aa-4c56-bd4f-19778f741108,emp-77,2026-06-02,2026-06-02T08:51:02.539283,2026-06-02T17:09:02.539283,Présent
de47597c-3f2b-4416-a071-cec4c399cbba,emp-77,2026-06-03,2026-06-03T08:13:02.539283,2026-06-03T17:11:02.539283,Présent
ce0488e7-d054-4405-85cf-ed1276cb5d60,emp-77,2026-06-04,2026-06-04T08:59:02.539283,2026-06-04T18:47:02.539283,Présent
cb0c1089-0087-446d-b942-77b5aa9c2c18,emp-77,2026-06-05,2026-06-05T09:55:02.539283,2026-06-05T18:34:02.539283,Retard
ccbef44c-3253-491e-b6e9-fd5fb064549f,emp-77,2026-06-08,2026-06-08T08:12:02.539283,2026-06-08T18:58:02.539283,Présent
6ff1135c-5451-4e11-a86f-89d458f76496,emp-77,2026-06-09,2026-06-09T08:29:02.539283,2026-06-09T18:14:02.539283,Présent
68594794-2c6f-4695-a866-5094de5abbc0,emp-77,2026-06-10,2026-06-10T08:01:02.539283,2026-06-10T17:59:02.539283,Présent
de118f67-6a79-4318-958f-a029c2d5dd70,emp-77,2026-06-11,2026-06-11T08:25:02.539283,2026-06-11T17:28:02.539283,Présent
8635865b-0fae-41fa-a225-4baae405b34e,emp-77,2026-06-12,,,Absent
0b6a19d2-8a13-4b68-be1d-6d56d24759e2,emp-78,2026-05-18,2026-05-18T09:33:02.539283,2026-05-18T17:46:02.539283,Retard
79727a48-c92a-4a71-8e3d-3204f6d0cd32,emp-78,2026-05-19,2026-05-19T08:23:02.539283,2026-05-19T17:13:02.539283,Présent
9d21e3e7-5408-459d-9986-4383e6889603,emp-78,2026-05-20,2026-05-20T08:56:02.539283,2026-05-20T17:44:02.539283,Présent
845dba47-6742-4b2f-8f85-e0ef18f68173,emp-78,2026-05-21,2026-05-21T09:59:02.539283,2026-05-21T17:19:02.539283,Retard
560afb0b-478f-4b79-bcdf-82936ae5b10c,emp-78,2026-05-22,2026-05-22T08:14:02.539283,2026-05-22T17:16:02.539283,Présent
2dcc3049-0abc-4bd3-b782-5d0d7ddfb199,emp-78,2026-05-25,2026-05-25T08:32:02.539283,2026-05-25T17:20:02.539283,Présent
7210210f-1ac4-4eac-aab0-ad6f5019fa9f,emp-78,2026-05-26,2026-05-26T08:00:02.539283,2026-05-26T18:17:02.539283,Présent
c101d04c-09e0-4932-a2b9-d586853c705d,emp-78,2026-05-27,2026-05-27T08:47:02.539283,2026-05-27T17:32:02.539283,Présent
be4b5141-b747-42e8-aa7c-b9656f9480a2,emp-78,2026-05-28,2026-05-28T08:16:02.539283,2026-05-28T18:15:02.539283,Présent
9fa61a14-2537-489c-9731-27f65247adf1,emp-78,2026-05-29,2026-05-29T08:02:02.539283,2026-05-29T17:26:02.539283,Présent
d92c3345-7de7-4dfd-8c7c-d1f0f824a595,emp-78,2026-06-01,2026-06-01T08:45:02.539283,2026-06-01T18:51:02.539283,Présent
3fa78022-fb05-481c-a718-2951301f4d41,emp-78,2026-06-02,2026-06-02T08:02:02.539283,2026-06-02T18:17:02.539283,Présent
5465c4dc-a600-4abb-b908-11d3b4e5261a,emp-78,2026-06-03,2026-06-03T08:41:02.539283,2026-06-03T17:35:02.539283,Présent
5d942eb4-3984-4e60-af45-59681eae129e,emp-78,2026-06-04,2026-06-04T08:01:02.539283,2026-06-04T17:48:02.539283,Présent
d8917202-ada9-430e-9806-8117d58368f0,emp-78,2026-06-05,2026-06-05T10:45:02.539283,2026-06-05T17:08:02.539283,Retard
38355c4f-8a72-4ba8-8421-24b007679eef,emp-78,2026-06-08,2026-06-08T08:01:02.539283,2026-06-08T17:52:02.539283,Présent
7df3eed3-8df1-41b7-b739-9c8561d84410,emp-78,2026-06-09,2026-06-09T08:34:02.539283,2026-06-09T18:11:02.539283,Présent
688eab6d-7a6f-4355-bad1-0e26d64a4e58,emp-78,2026-06-10,2026-06-10T09:37:02.539283,2026-06-10T18:16:02.539283,Retard
cc187147-8b0c-4e70-ac67-679d739d6b64,emp-78,2026-06-11,2026-06-11T08:35:02.539283,2026-06-11T18:01:02.539283,Présent
07ddd09e-bdc9-4577-b818-6224f4b80c08,emp-78,2026-06-12,2026-06-12T08:48:02.539283,2026-06-12T17:50:02.539283,Présent
bf78cb15-a3bf-4b14-87f4-f268fb8a0337,emp-79,2026-05-18,2026-05-18T08:46:02.539283,2026-05-18T17:28:02.539283,Présent
e76de385-1e72-43a5-975a-73df7bff8794,emp-79,2026-05-19,2026-05-19T08:16:02.539283,2026-05-19T17:00:02.539283,Présent
a857bccb-7962-4a16-9696-d0c361bff2d5,emp-79,2026-05-20,2026-05-20T08:38:02.539283,2026-05-20T17:18:02.539283,Présent
4ef95c25-65dd-4438-964b-d0c5f4f375d2,emp-79,2026-05-21,2026-05-21T08:42:02.539283,2026-05-21T18:16:02.539283,Présent
59102460-3674-4217-a714-31fcf2ed35b8,emp-79,2026-05-22,2026-05-22T08:18:02.539283,2026-05-22T17:00:02.539283,Présent
ce710d7b-dc61-4d4b-af12-0b3e6652e077,emp-79,2026-05-25,2026-05-25T08:13:02.539283,2026-05-25T18:52:02.539283,Présent
e1838ced-8526-453b-ad9c-70818bd4c783,emp-79,2026-05-26,2026-05-26T08:32:02.539283,2026-05-26T17:21:02.539283,Présent
f1ad68a3-794b-44cb-ab98-891c48169917,emp-79,2026-05-27,2026-05-27T08:39:02.539283,2026-05-27T18:39:02.539283,Présent
6ee23865-b1c7-4916-84fe-0e49d63ff309,emp-79,2026-05-28,2026-05-28T08:25:02.539283,2026-05-28T18:52:02.539283,Présent
7ae68ca5-9f1b-4385-aedd-be6c5339bfe2,emp-79,2026-05-29,2026-05-29T08:58:02.539283,2026-05-29T17:32:02.539283,Présent
2fd30f57-9085-4983-8455-4cc8892f8a0f,emp-79,2026-06-01,2026-06-01T08:34:02.539283,2026-06-01T17:27:02.539283,Présent
b2f974a3-4cee-4e71-bf9f-c8845de27411,emp-79,2026-06-02,2026-06-02T08:06:02.539283,2026-06-02T18:42:02.539283,Présent
9107b342-4a70-4aca-91bc-fd00ecb5f83d,emp-79,2026-06-03,2026-06-03T08:19:02.539283,2026-06-03T17:04:02.539283,Présent
cae72425-13a3-4051-a371-30e95119b20a,emp-79,2026-06-04,2026-06-04T08:01:02.539283,2026-06-04T17:39:02.539283,Présent
77a19678-39cd-4398-ad0e-3160d9fefd1b,emp-79,2026-06-05,2026-06-05T08:41:02.539283,2026-06-05T17:24:02.539283,Présent
595a97b1-8e24-46b9-8c74-810e787b5c0f,emp-79,2026-06-08,2026-06-08T08:07:02.539283,2026-06-08T18:59:02.539283,Présent
cfe25fd5-364c-417f-81e1-9106cb66a64a,emp-79,2026-06-09,2026-06-09T08:08:02.539283,2026-06-09T18:31:02.539283,Présent
26efb715-5e39-4c28-97dc-fc4b10492160,emp-79,2026-06-10,,,Absent
3be6a5ba-23ff-4f0f-b556-85c307b80e03,emp-79,2026-06-11,2026-06-11T08:05:02.539283,2026-06-11T18:30:02.539283,Présent
0f974656-cac1-43d8-977d-fecc7eabb28c,emp-79,2026-06-12,2026-06-12T08:02:02.539283,2026-06-12T18:19:02.539283,Présent
83052fd0-6320-44cd-b877-a916bcdf0a29,emp-80,2026-05-18,2026-05-18T08:00:02.539283,2026-05-18T18:18:02.539283,Présent
767f5ff7-ec17-4914-964e-968e61c58cc3,emp-80,2026-05-19,2026-05-19T08:24:02.539283,2026-05-19T18:10:02.539283,Présent
674cf0a8-e189-48bf-b57b-6089b7ad1e9e,emp-80,2026-05-20,2026-05-20T10:29:02.539283,2026-05-20T18:07:02.539283,Retard
3ffe136b-ff32-4a90-85b4-52b57025cc1f,emp-80,2026-05-21,2026-05-21T08:45:02.539283,2026-05-21T18:07:02.539283,Présent
f4815a8a-3482-4ce4-ae98-510fb5706a68,emp-80,2026-05-22,,,Absent
04479bdc-6f0a-4d42-95aa-85d45c0acace,emp-80,2026-05-25,2026-05-25T08:41:02.539283,2026-05-25T18:59:02.539283,Présent
f370a1c8-dced-4c19-a242-4765169b2927,emp-80,2026-05-26,2026-05-26T08:38:02.539283,2026-05-26T18:57:02.539283,Présent
49fb2c8f-6990-4632-ae23-8b70ffc45117,emp-80,2026-05-27,2026-05-27T08:46:02.539283,2026-05-27T18:30:02.539283,Présent
bd300ed7-445d-4a36-bc24-0b28dab5c512,emp-80,2026-05-28,2026-05-28T08:57:02.539283,2026-05-28T18:55:02.539283,Présent
9fec0c64-ea9a-40ab-88dd-ab4c8e1e00b6,emp-80,2026-05-29,2026-05-29T08:57:02.539283,2026-05-29T17:17:02.539283,Présent
25ef0990-e7a9-4b86-899b-fdb741934c03,emp-80,2026-06-01,2026-06-01T08:34:02.539283,2026-06-01T18:48:02.539283,Présent
4551d20b-6305-45ef-abdb-f56f408e0f9d,emp-80,2026-06-02,2026-06-02T08:49:02.539283,2026-06-02T17:45:02.539283,Présent
31aead7e-3931-4bbf-a012-6cf1942a555b,emp-80,2026-06-03,2026-06-03T08:19:02.539283,2026-06-03T18:40:02.539283,Présent
489a1b89-e10f-4ea1-b55b-69a2f1812d6d,emp-80,2026-06-04,2026-06-04T08:50:02.539283,2026-06-04T17:14:02.539283,Présent
ecf24b04-813c-4663-82e5-7f89475500b5,emp-80,2026-06-05,2026-06-05T08:17:02.539283,2026-06-05T18:46:02.539283,Présent
6afcfdb2-6591-4e78-81c1-7216d68b61f8,emp-80,2026-06-08,2026-06-08T08:45:02.539283,2026-06-08T17:47:02.539283,Présent
c2940ee2-d4de-439c-b0bf-35bdeb89c484,emp-80,2026-06-09,,,Absent
c9cb6a92-a132-45ae-93f2-22523fb0b252,emp-80,2026-06-10,2026-06-10T08:59:02.539283,2026-06-10T17:09:02.539283,Présent
27edfc6d-61dc-4c9a-8a56-ef086ac6b42a,emp-80,2026-06-11,2026-06-11T08:43:02.539283,2026-06-11T17:18:02.539283,Présent
7d48bcb0-37aa-4985-bb26-a240880ca14f,emp-80,2026-06-12,2026-06-12T08:55:02.539283,2026-06-12T17:54:02.539283,Présent
c71f27ae-13c6-46f2-9cf1-7a06ed16dc65,emp-82,2026-05-18,2026-05-18T08:48:02.539283,2026-05-18T18:23:02.539283,Présent
831f1318-b72a-494b-9b87-47ec7bc6f9fc,emp-82,2026-05-19,2026-05-19T08:34:02.539283,2026-05-19T18:11:02.539283,Présent
600f7025-ec3c-4d90-8331-d26378bcd421,emp-82,2026-05-20,,,Absent
3ba9e83b-57f9-47b4-9f5c-70c20307e8ae,emp-82,2026-05-21,2026-05-21T08:27:02.539283,2026-05-21T18:49:02.539283,Présent
4b6f112c-de54-4a0e-a3dd-a246e72a0280,emp-82,2026-05-22,2026-05-22T08:49:02.539283,2026-05-22T18:09:02.539283,Présent
1a606e52-d019-47b5-bc0c-d468271a1006,emp-82,2026-05-25,2026-05-25T08:56:02.539283,2026-05-25T18:54:02.539283,Présent
640b8f2a-0913-4c02-baf0-1ced6fa970a0,emp-82,2026-05-26,2026-05-26T08:39:02.539283,2026-05-26T17:49:02.539283,Présent
8432b5d3-2a04-4463-9706-6bd595b1a334,emp-82,2026-05-27,2026-05-27T08:58:02.539283,2026-05-27T17:32:02.539283,Présent
95b87b03-65a1-483e-9660-838df4736e8e,emp-82,2026-05-28,2026-05-28T08:06:02.539283,2026-05-28T17:51:02.539283,Présent
8bc4e51f-d685-4e15-8f14-8350bb34a2fc,emp-82,2026-05-29,2026-05-29T08:55:02.539283,2026-05-29T18:42:02.539283,Présent
68d27447-b982-4097-99c1-318b387bfd37,emp-82,2026-06-01,2026-06-01T08:55:02.539283,2026-06-01T17:00:02.539283,Présent
ceb0ad12-e239-434b-8009-e1d6a2759d1d,emp-82,2026-06-02,2026-06-02T08:43:02.539283,2026-06-02T18:59:02.539283,Présent
b4281803-2ced-4d54-8c67-5b04eeecc0e0,emp-82,2026-06-03,2026-06-03T08:46:02.539283,2026-06-03T17:22:02.539283,Présent
e71f9106-3bf5-463d-bc5a-62ed17d04d0a,emp-82,2026-06-04,2026-06-04T08:10:02.539283,2026-06-04T17:45:02.539283,Présent
ca1336a2-366e-4e6b-9c05-0bb05dedb314,emp-82,2026-06-05,2026-06-05T08:24:02.539283,2026-06-05T18:08:02.539283,Présent
fe320cba-f467-4858-8c12-5df47d2c5a77,emp-82,2026-06-08,2026-06-08T10:30:02.539283,2026-06-08T17:33:02.539283,Retard
90d5ae7d-2014-4445-9a61-30c6edb44c8b,emp-82,2026-06-09,2026-06-09T08:58:02.539283,2026-06-09T17:39:02.539283,Présent
d394f6e2-46c4-47d7-8e1d-639e58dd1a3a,emp-82,2026-06-10,2026-06-10T08:00:02.539283,2026-06-10T17:45:02.539283,Présent
c2f7764a-fc28-4cb5-8fef-3d311d58e0e7,emp-82,2026-06-11,2026-06-11T08:19:02.539283,2026-06-11T17:46:02.539283,Présent
bf213350-d096-4fcc-94ba-5b13fb745dd5,emp-82,2026-06-12,2026-06-12T10:29:02.539283,2026-06-12T18:30:02.539283,Retard
6cf48318-c429-443a-a5d2-56701fcc4501,emp-83,2026-05-18,2026-05-18T08:04:02.539283,2026-05-18T17:04:02.539283,Présent
d3af8019-a6cc-4e46-bcea-dc81b1daa637,emp-83,2026-05-19,2026-05-19T08:42:02.539283,2026-05-19T18:56:02.539283,Présent
b514a686-4e3c-4098-937b-18381ee74b32,emp-83,2026-05-20,2026-05-20T08:29:02.539283,2026-05-20T17:41:02.539283,Présent
d23bcb3b-8abf-4180-8a50-f56337e6001b,emp-83,2026-05-21,2026-05-21T08:26:02.539283,2026-05-21T18:26:02.539283,Présent
7eb83aca-8411-4c4b-80cc-184b1d327b05,emp-83,2026-05-22,,,Absent
1d70b2a2-012c-4d58-a486-ee7a06fbb1e3,emp-83,2026-05-25,2026-05-25T08:17:02.539283,2026-05-25T17:41:02.539283,Présent
ee3f3769-bbb1-46ac-ae27-b806d14dc1d6,emp-83,2026-05-26,2026-05-26T08:56:02.539283,2026-05-26T18:38:02.539283,Présent
2439c442-8e41-4c46-b87f-f72f88534906,emp-83,2026-05-27,2026-05-27T08:50:02.539283,2026-05-27T18:19:02.539283,Présent
9fc9612b-d6ef-4a3c-a93e-3945a5aac63d,emp-83,2026-05-28,2026-05-28T10:44:02.539283,2026-05-28T17:25:02.539283,Retard
80ff1bcc-f2e0-4a41-bb4c-50459fb21dcf,emp-83,2026-05-29,2026-05-29T08:39:02.539283,2026-05-29T17:18:02.539283,Présent
417ee835-95c0-4442-ba08-aca3a8f65594,emp-83,2026-06-01,2026-06-01T08:27:02.539283,2026-06-01T18:34:02.539283,Présent
86ff244a-1d16-4a06-b03c-952a2febd2c3,emp-83,2026-06-02,2026-06-02T08:47:02.539283,2026-06-02T18:54:02.539283,Présent
93dde489-bace-4820-af0b-881d45e809ee,emp-83,2026-06-03,2026-06-03T08:51:02.539283,2026-06-03T18:38:02.539283,Présent
ad865b75-660c-44eb-912d-eec6b689c288,emp-83,2026-06-04,2026-06-04T08:39:02.539283,2026-06-04T17:32:02.539283,Présent
06b533f0-fc05-42b6-aa22-f1866ad41934,emp-83,2026-06-05,2026-06-05T08:52:02.539283,2026-06-05T17:39:02.539283,Présent
8d01edc1-d09b-47f7-8912-bb6975539e71,emp-83,2026-06-08,2026-06-08T08:24:02.539283,2026-06-08T17:19:02.539283,Présent
baa89628-3a23-49be-b346-f4710b4760cc,emp-83,2026-06-09,2026-06-09T08:49:02.539283,2026-06-09T18:08:02.539283,Présent
10a4bfcd-c759-4657-9305-80aa8900da5f,emp-83,2026-06-10,2026-06-10T08:03:02.539283,2026-06-10T17:18:02.539283,Présent
21e6ac37-397d-4fec-9728-e2db7eb022b0,emp-83,2026-06-11,2026-06-11T08:14:02.539283,2026-06-11T17:34:02.539283,Présent
6250ac20-5ff6-4ba6-873f-99b692ca8ad4,emp-83,2026-06-12,2026-06-12T08:28:02.539283,2026-06-12T17:13:02.539283,Présent
8dd1231d-1042-4f58-a05b-9694f3f95c9c,emp-84,2026-05-18,2026-05-18T08:42:02.539283,2026-05-18T18:56:02.539283,Présent
562679ec-cade-4f1a-942b-a6c7fe87a23e,emp-84,2026-05-19,2026-05-19T10:42:02.539283,2026-05-19T17:02:02.539283,Retard
e6825411-f83f-426d-b974-ea3526c684c3,emp-84,2026-05-20,2026-05-20T08:23:02.539283,2026-05-20T18:36:02.539283,Présent
56f2a8f1-c8ac-495e-bfe3-92cb008fd40f,emp-84,2026-05-21,,,Absent
41e4a13b-04e3-4215-82ea-71ad6c939756,emp-84,2026-05-22,2026-05-22T09:34:02.539283,2026-05-22T18:32:02.539283,Retard
e1f4d7d9-7dd9-46fe-9f03-c6cadd6e40a5,emp-84,2026-05-25,2026-05-25T08:16:02.539283,2026-05-25T17:10:02.539283,Présent
3a981e03-35f1-4994-92a9-2fa2751bfd9a,emp-84,2026-05-26,2026-05-26T08:30:02.539283,2026-05-26T18:11:02.539283,Présent
d80b0eb4-592a-41d8-82ca-8c3e8664789a,emp-84,2026-05-27,2026-05-27T08:13:02.539283,2026-05-27T18:49:02.539283,Présent
532be88f-2d8b-4e43-8b3d-b2dbc62cd890,emp-84,2026-05-28,2026-05-28T08:13:02.539283,2026-05-28T17:30:02.539283,Présent
47c2f22b-7ab2-497e-bc51-3960483d202e,emp-84,2026-05-29,2026-05-29T08:45:02.539283,2026-05-29T17:10:02.539283,Présent
a3bb28d8-5c77-4851-af9e-cbc57e937912,emp-84,2026-06-01,,,Absent
56934556-dea9-475c-ab9e-7d8871ca9ea1,emp-84,2026-06-02,2026-06-02T08:02:02.539283,2026-06-02T18:32:02.539283,Présent
b30223a4-55ec-4a0e-a8da-bb067ff610ea,emp-84,2026-06-03,2026-06-03T09:58:02.539283,2026-06-03T17:05:02.539283,Retard
a224e124-4a21-4412-995b-0b47e2fdfab7,emp-84,2026-06-04,2026-06-04T08:38:02.539283,2026-06-04T18:17:02.539283,Présent
ed441c7a-e820-4691-b46f-1b953c4284dc,emp-84,2026-06-05,2026-06-05T09:03:02.539283,2026-06-05T17:34:02.539283,Retard
f9944fa8-49b6-4a06-9535-c51e6da42622,emp-84,2026-06-08,2026-06-08T08:41:02.539283,2026-06-08T18:39:02.539283,Présent
68a85b1b-9cda-44bd-9305-5dc7a6747d66,emp-84,2026-06-09,2026-06-09T08:25:02.539283,2026-06-09T18:27:02.539283,Présent
d2e55e9f-16dd-4a24-a939-6e2043ebf52d,emp-84,2026-06-10,2026-06-10T08:34:02.539283,2026-06-10T18:03:02.539283,Présent
585efe4a-3d2d-4c3f-8e9e-8b6d8fd49fb4,emp-84,2026-06-11,2026-06-11T08:20:02.539283,2026-06-11T17:11:02.539283,Présent
434179a4-e507-4ce4-8b36-7fd813f4eee1,emp-84,2026-06-12,2026-06-12T08:15:02.539283,2026-06-12T17:20:02.539283,Présent
091a9ac4-5514-42df-a17f-839d636105a8,emp-85,2026-05-18,2026-05-18T08:34:02.539283,2026-05-18T18:35:02.539283,Présent
7c9a1bbf-6158-464f-b4e1-5158c6275b89,emp-85,2026-05-19,2026-05-19T08:57:02.539283,2026-05-19T18:52:02.539283,Présent
040fa9f1-6d08-433c-a73f-e7e88a9c0ecb,emp-85,2026-05-20,2026-05-20T08:00:02.539283,2026-05-20T18:20:02.539283,Présent
94525ce6-29a0-4be1-adc7-c31e0ae64866,emp-85,2026-05-21,2026-05-21T08:14:02.539283,2026-05-21T18:34:02.539283,Présent
72e43aa4-018d-4caf-863e-05ade531cf5d,emp-85,2026-05-22,2026-05-22T08:49:02.539283,2026-05-22T18:54:02.539283,Présent
1ba01211-b044-44b6-ab15-cb12193dda67,emp-85,2026-05-25,,,Absent
7724ba9b-80c3-446d-b986-eb37b35e6abd,emp-85,2026-05-26,2026-05-26T08:00:02.539283,2026-05-26T18:46:02.539283,Présent
2a521ea7-cd2a-4efa-a934-595048635caa,emp-85,2026-05-27,2026-05-27T08:52:02.539283,2026-05-27T18:59:02.539283,Présent
aa51bec8-7f91-47fb-bdb6-3167f7b53047,emp-85,2026-05-28,2026-05-28T08:58:02.539283,2026-05-28T17:55:02.539283,Présent
f2a9ed49-30e2-4793-aaf2-da233eae4b76,emp-85,2026-05-29,2026-05-29T08:15:02.539283,2026-05-29T18:13:02.539283,Présent
57cb9029-8698-4aa0-9f84-891f3c883bdc,emp-85,2026-06-01,2026-06-01T08:56:02.539283,2026-06-01T18:50:02.539283,Présent
de3754d2-71ff-41bb-ac34-626c5dba7828,emp-85,2026-06-02,2026-06-02T08:38:02.539283,2026-06-02T18:00:02.539283,Présent
10a27cb5-90dd-44dc-bb06-1e633fbad4d6,emp-85,2026-06-03,2026-06-03T08:21:02.539283,2026-06-03T18:15:02.539283,Présent
e94d6e6f-60d1-4900-a909-fffffeeeafdb,emp-85,2026-06-04,2026-06-04T08:04:02.539283,2026-06-04T18:15:02.539283,Présent
2f90aff1-9e17-48f6-94ab-f7609682dd33,emp-85,2026-06-05,2026-06-05T08:24:02.539283,2026-06-05T17:02:02.539283,Présent
f8f48a60-eab3-4963-a5bd-6b4fa0a18135,emp-85,2026-06-08,2026-06-08T08:10:02.539283,2026-06-08T18:10:02.539283,Présent
a4973064-2662-44c5-a886-8f00d485900a,emp-85,2026-06-09,2026-06-09T08:01:02.539283,2026-06-09T17:02:02.539283,Présent
8f452f6d-3be3-462e-bac9-7c200cee6959,emp-85,2026-06-10,2026-06-10T08:42:02.539283,2026-06-10T17:50:02.539283,Présent
b3a03204-e76a-4134-85ae-3cad3bec70a0,emp-85,2026-06-11,2026-06-11T08:14:02.539283,2026-06-11T17:57:02.539283,Présent
a9cbac8e-c962-4b01-8893-381043e8bf32,emp-85,2026-06-12,2026-06-12T08:13:02.539283,2026-06-12T18:46:02.539283,Présent
92c75a40-7e21-4469-b056-b3c525805a11,emp-86,2026-05-18,2026-05-18T08:49:02.539283,2026-05-18T18:51:02.539283,Présent
d7aa52d8-c80f-4e6d-8ea1-c0f2443db9fc,emp-86,2026-05-19,2026-05-19T08:43:02.539283,2026-05-19T17:01:02.539283,Présent
5815126f-1373-4db5-905d-8151a5df8642,emp-86,2026-05-20,2026-05-20T08:33:02.539283,2026-05-20T17:53:02.539283,Présent
6d1b8a90-04d4-426b-9aaf-efc43e2a4962,emp-86,2026-05-21,2026-05-21T08:23:02.539283,2026-05-21T18:21:02.539283,Présent
2c22dae4-578c-43ea-8790-ce52b619d07d,emp-86,2026-05-22,2026-05-22T08:15:02.539283,2026-05-22T18:14:02.539283,Présent
5ebc4e9d-2eba-463c-8fe8-d23161967ece,emp-86,2026-05-25,2026-05-25T08:53:02.539283,2026-05-25T17:59:02.539283,Présent
54c6eda6-b597-4a96-aceb-19a6063cd4e1,emp-86,2026-05-26,,,Absent
26390c26-db9e-4c78-afd0-55ca1a14ffcb,emp-86,2026-05-27,2026-05-27T08:35:02.539283,2026-05-27T17:28:02.539283,Présent
16ad2dae-6119-44c3-af57-09a693bbe143,emp-86,2026-05-28,2026-05-28T08:13:02.539283,2026-05-28T18:04:02.539283,Présent
08c94e82-ca62-42e4-9ff9-1027ee162921,emp-86,2026-05-29,2026-05-29T08:10:02.539283,2026-05-29T18:21:02.539283,Présent
2283bd61-f854-4e2f-901d-0ce8172418e4,emp-86,2026-06-01,2026-06-01T08:34:02.539283,2026-06-01T17:21:02.539283,Présent
53c3ebbf-c9ab-4410-8cce-8aa972b5898a,emp-86,2026-06-02,2026-06-02T08:30:02.539283,2026-06-02T17:10:02.539283,Présent
341108ea-a7cb-4827-b6ed-4fb0b1fef742,emp-86,2026-06-03,,,Absent
71de72f0-606d-4039-b67c-fb85dde5bf38,emp-86,2026-06-04,2026-06-04T08:46:02.539283,2026-06-04T18:40:02.539283,Présent
f1718563-b95b-45a0-9269-4142d1652801,emp-86,2026-06-05,2026-06-05T08:42:02.539283,2026-06-05T17:35:02.539283,Présent
8a78ea54-5264-4f1b-aae7-acc3787b936e,emp-86,2026-06-08,2026-06-08T08:15:02.539283,2026-06-08T17:27:02.539283,Présent
1166f345-e9fe-4f44-a649-85df8ee9a114,emp-86,2026-06-09,2026-06-09T08:57:02.539283,2026-06-09T17:38:02.539283,Présent
caef724e-047a-442d-9db7-d1df6b10c82d,emp-86,2026-06-10,2026-06-10T08:15:02.539283,2026-06-10T18:33:02.539283,Présent
7636e94c-4164-47bb-8e17-21050e8830d1,emp-86,2026-06-11,2026-06-11T08:04:02.539283,2026-06-11T17:39:02.539283,Présent
67b15819-34f4-4178-aa22-b12b37a6e2f8,emp-86,2026-06-12,2026-06-12T08:59:02.539283,2026-06-12T18:31:02.539283,Présent
35bf13d7-f50a-4012-91ea-fb8c10257d0e,emp-87,2026-05-18,2026-05-18T08:59:02.539283,2026-05-18T18:00:02.539283,Présent
b4b4ab4c-bcb2-483e-bd3c-cdf22473a659,emp-87,2026-05-19,2026-05-19T08:10:02.539283,2026-05-19T18:32:02.539283,Présent
88eb463c-7ccc-4bc5-9a5a-9165e544b280,emp-87,2026-05-20,2026-05-20T08:50:02.539283,2026-05-20T17:15:02.539283,Présent
f623dfac-bb72-4659-970e-b81ca0e655c1,emp-87,2026-05-21,,,Absent
e5de521b-4161-4d76-9298-2a2d908b732e,emp-87,2026-05-22,,,Absent
276fb001-69c2-4adf-b0b6-eda545c605d2,emp-87,2026-05-25,2026-05-25T09:31:02.539283,2026-05-25T17:57:02.539283,Retard
7908b9f2-304a-4aa9-930f-62d3d51a240d,emp-87,2026-05-26,2026-05-26T08:44:02.539283,2026-05-26T18:08:02.539283,Présent
811d79a9-5ea3-4ae4-bef9-46d56c359d9d,emp-87,2026-05-27,,,Absent
3fa483ce-7ade-4543-bf63-74f1d38160bd,emp-87,2026-05-28,2026-05-28T08:51:02.539283,2026-05-28T18:03:02.539283,Présent
c332e14f-d3de-4f61-ae07-8b3282644a81,emp-87,2026-05-29,2026-05-29T08:05:02.539283,2026-05-29T17:24:02.539283,Présent
47d24f84-c5a6-4bb4-b38f-65fadc5f2bc9,emp-87,2026-06-01,2026-06-01T08:58:02.539283,2026-06-01T18:11:02.539283,Présent
f9bf63de-3ae7-4cd7-8f0f-386b5c57c266,emp-87,2026-06-02,,,Absent
5ff66a7c-949f-49a4-bd89-7247665102b2,emp-87,2026-06-03,2026-06-03T08:29:02.539283,2026-06-03T17:29:02.539283,Présent
fe9223f1-7bfa-4b55-a3bc-e1dfb3c5168a,emp-87,2026-06-04,2026-06-04T08:51:02.539283,2026-06-04T18:01:02.539283,Présent
6059a542-c2ed-4d3b-b184-50ea29edfa5a,emp-87,2026-06-05,2026-06-05T08:00:02.539283,2026-06-05T17:50:02.539283,Présent
1e667a4a-dcab-42f1-b782-01b25a9e85b1,emp-87,2026-06-08,2026-06-08T08:24:02.539283,2026-06-08T18:14:02.539283,Présent
787a0fca-bf36-4e94-b4cb-0dc11aa254e2,emp-87,2026-06-09,2026-06-09T08:52:02.539283,2026-06-09T17:51:02.539283,Présent
1116231d-3438-42db-8faf-1f227a317954,emp-87,2026-06-10,2026-06-10T08:02:02.539283,2026-06-10T17:40:02.539283,Présent
b9e0e7f1-d14b-4c62-90da-5276e380d0bf,emp-87,2026-06-11,2026-06-11T08:33:02.539283,2026-06-11T18:07:02.539283,Présent
22581ab1-13fd-4191-b76f-3286c55388fa,emp-87,2026-06-12,2026-06-12T08:06:02.539283,2026-06-12T17:05:02.539283,Présent
0d4464fa-5d0e-4325-85a0-7f31d0009e05,emp-88,2026-05-18,2026-05-18T08:22:02.539283,2026-05-18T18:38:02.539283,Présent
a91a9edc-496a-430e-a6a3-1d3328e3758c,emp-88,2026-05-19,2026-05-19T08:45:02.539283,2026-05-19T17:57:02.539283,Présent
dc68b573-ef2a-4c3f-8bd0-533fd4aaab5b,emp-88,2026-05-20,2026-05-20T08:26:02.539283,2026-05-20T18:52:02.539283,Présent
4351a552-61cc-4e17-bde4-08040ae4802a,emp-88,2026-05-21,2026-05-21T08:44:02.539283,2026-05-21T18:41:02.539283,Présent
36969f26-bb31-4ee2-9ec6-a8e8cdb4794c,emp-88,2026-05-22,2026-05-22T08:49:02.539283,2026-05-22T17:10:02.539283,Présent
01a434c6-9724-43e5-bbde-bf33072e5250,emp-88,2026-05-25,2026-05-25T08:58:02.539283,2026-05-25T18:42:02.539283,Présent
8b1101e6-fc95-4ed9-bcc4-2f834d63950b,emp-88,2026-05-26,2026-05-26T08:21:02.539283,2026-05-26T18:57:02.539283,Présent
2dff4e37-5767-4118-b83a-12fd8f9bc7a5,emp-88,2026-05-27,2026-05-27T08:15:02.539283,2026-05-27T17:45:02.539283,Présent
2d7f343a-ec8c-4ea4-9f7e-a497af39cbc6,emp-88,2026-05-28,2026-05-28T08:44:02.539283,2026-05-28T17:56:02.539283,Présent
fd84f940-38a7-4b22-a5b4-193237356878,emp-88,2026-05-29,2026-05-29T08:08:02.539283,2026-05-29T18:54:02.539283,Présent
de8c7e63-ab86-4ee3-8b96-b24474b5f5bc,emp-88,2026-06-01,2026-06-01T08:05:02.539283,2026-06-01T18:21:02.539283,Présent
2bbe7776-c8b9-406f-b6e1-e6d7d0e5d1ec,emp-88,2026-06-02,2026-06-02T10:59:02.539283,2026-06-02T17:29:02.539283,Retard
90e719fb-96ae-4a15-adab-fdb0757853d4,emp-88,2026-06-03,2026-06-03T08:26:02.539283,2026-06-03T17:53:02.539283,Présent
86080518-8561-4bba-ba36-e434142bf0c3,emp-88,2026-06-04,2026-06-04T08:05:02.539283,2026-06-04T17:59:02.539283,Présent
500f1dee-5cda-4b31-bb9f-0004a8c7e109,emp-88,2026-06-05,2026-06-05T08:44:02.539283,2026-06-05T17:26:02.539283,Présent
b1e1b367-1807-4c4f-8c41-93cf6151c89e,emp-88,2026-06-08,2026-06-08T08:44:02.539283,2026-06-08T17:37:02.539283,Présent
e5ff4f8b-049a-4bd9-8d54-0412b7e2d6f5,emp-88,2026-06-09,2026-06-09T08:32:02.539283,2026-06-09T18:45:02.539283,Présent
343d992b-534e-4d6e-9f26-1efcba14c8cf,emp-88,2026-06-10,2026-06-10T08:22:02.539283,2026-06-10T18:31:02.539283,Présent
3533c783-5a63-49cf-be03-5cc785de43f1,emp-88,2026-06-11,2026-06-11T08:00:02.539283,2026-06-11T17:52:02.539283,Présent
e6812746-16d8-4776-840e-044949b0556b,emp-88,2026-06-12,2026-06-12T08:04:02.539283,2026-06-12T18:37:02.539283,Présent
b6ce6d89-d009-41f4-b9c1-3d2c8c7b505b,emp-89,2026-05-18,2026-05-18T08:42:02.539283,2026-05-18T18:48:02.539283,Présent
58440272-4af9-4788-9c02-8d04ae611f31,emp-89,2026-05-19,2026-05-19T08:28:02.539283,2026-05-19T17:27:02.539283,Présent
234579ea-0bfd-44ae-99a1-36b7cee1f82e,emp-89,2026-05-20,2026-05-20T08:02:02.539283,2026-05-20T17:24:02.539283,Présent
90434171-1377-4dd7-a214-e38e2e5fcd75,emp-89,2026-05-21,2026-05-21T08:36:02.539283,2026-05-21T17:05:02.539283,Présent
8623ecce-722d-4be4-9819-f6a4d15fa43a,emp-89,2026-05-22,2026-05-22T09:04:02.539283,2026-05-22T17:30:02.539283,Retard
9d85693f-2314-4dca-a4c7-041835be256f,emp-89,2026-05-25,2026-05-25T08:53:02.539283,2026-05-25T18:42:02.539283,Présent
b1a6d948-1519-4509-a5f3-9c5601b6ff5d,emp-89,2026-05-26,2026-05-26T08:56:02.539283,2026-05-26T18:19:02.539283,Présent
05bfebd8-d427-45b8-8d05-f59767c7d95a,emp-89,2026-05-27,2026-05-27T08:51:02.539283,2026-05-27T18:42:02.539283,Présent
970fa7cd-0724-4e89-98b1-837e99e04471,emp-89,2026-05-28,2026-05-28T08:50:02.539283,2026-05-28T18:02:02.539283,Présent
ccee0484-0890-4d2e-bc18-9444a70c1026,emp-89,2026-05-29,2026-05-29T08:57:02.539283,2026-05-29T17:11:02.539283,Présent
6e1e6ced-97fc-4b04-87da-e2f4955ffcbe,emp-89,2026-06-01,2026-06-01T08:24:02.539283,2026-06-01T18:01:02.539283,Présent
ade76e33-778b-4ab7-a159-b5ef34cf84d6,emp-89,2026-06-02,,,Absent
4bcae450-67fc-4320-8e5f-23a922a51225,emp-89,2026-06-03,2026-06-03T08:25:02.539283,2026-06-03T18:14:02.539283,Présent
a86e48b8-fdc9-4af4-a552-fe6e16379b2c,emp-89,2026-06-04,2026-06-04T08:01:02.539283,2026-06-04T18:28:02.539283,Présent
bdb969ab-3d8f-4e87-87bd-a4d2c761dc51,emp-89,2026-06-05,2026-06-05T08:21:02.539283,2026-06-05T17:18:02.539283,Présent
85d8a5e1-c7b3-40b5-88bf-edd642a8156d,emp-89,2026-06-08,2026-06-08T08:33:02.539283,2026-06-08T18:19:02.539283,Présent
471b0948-b868-4574-b0e1-39e3acca0992,emp-89,2026-06-09,2026-06-09T08:13:02.539283,2026-06-09T18:01:02.539283,Présent
c1377aa0-6796-4b64-a920-c1be32bf67c5,emp-89,2026-06-10,,,Absent
b3ee07d2-e2c6-419c-9e70-4acbdbca4630,emp-89,2026-06-11,2026-06-11T08:38:02.539283,2026-06-11T18:52:02.539283,Présent
ec077c9e-03a1-4842-9812-1c56a265df8d,emp-89,2026-06-12,2026-06-12T08:24:02.539283,2026-06-12T17:07:02.539283,Présent
