id,employee_id,score,source,pulse_label,comment,trend,risk_band,source_signals,captured_at
engagement-emp-demo-youssef-0,emp-demo-youssef,84,survey,boost,Mesure mensuelle d'engagement.,0,low,"{""absences_30j"": 0, ""overdue_tasks"": 3, ""mandatory_training_gap"": 1, ""active_projects"": 2}",2026-05-15T10:00:00+00:00
engagement-emp-demo-youssef-1,emp-demo-youssef,81,survey,boost,Mesure mensuelle d'engagement.,-3,low,"{""absences_30j"": 0, ""overdue_tasks"": 0, ""mandatory_training_gap"": 1, ""active_projects"": 3}",2026-06-15T10:00:00+00:00
engagement-emp-demo-fatima-0,emp-demo-fatima,76,survey,stable,Mesure mensuelle d'engagement.,-3,low,"{""absences_30j"": 1, ""overdue_tasks"": 2, ""mandatory_training_gap"": 1, ""active_projects"": 2}",2025-11-15T10:00:00+00:00
engagement-emp-demo-fatima-1,emp-demo-fatima,72,pulse,boost,Mesure mensuelle d'engagement.,-4,low,"{""absences_30j"": 0, ""overdue_tasks"": 1, ""mandatory_training_gap"": 0, ""active_projects"": 1}",2025-12-15T10:00:00+00:00
engagement-emp-demo-fatima-2,emp-demo-fatima,74,survey,boost,Mesure mensuelle d'engagement.,2,low,"{""absences_30j"": 2, ""overdue_tasks"": 0, ""mandatory_training_gap"": 0, ""active_projects"": 2}",2026-01-15T10:00:00+00:00
engagement-emp-demo-fatima-3,emp-demo-fatima,78,manager_review,stable,Mesure mensuelle d'engagement.,4,low,"{""absences_30j"": 2, ""overdue_tasks"": 4, ""mandatory_training_gap"": 1, ""active_projects"": 2}",2026-02-15T10:00:00+00:00
engagement-emp-demo-fatima-4,emp-demo-fatima,80,manager_review,watch,Mesure mensuelle d'engagement.,2,low,"{""absences_30j"": 0, ""overdue_tasks"": 2, ""mandatory_training_gap"": 0, ""active_projects"": 3}",2026-03-15T10:00:00+00:00
engagement-emp-demo-fatima-5,emp-demo-fatima,84,pulse,watch,Mesure mensuelle d'engagement.,4,low,"{""absences_30j"": 2, ""overdue_tasks"": 0, ""mandatory_training_gap"": 0, ""active_projects"": 3}",2026-04-15T10:00:00+00:00
engagement-emp-demo-fatima-6,emp-demo-fatima,86,manager_review,stable,Mesure mensuelle d'engagement.,2,low,"{""absences_30j"": 3, ""overdue_tasks"": 3, ""mandatory_training_gap"": 1, ""active_projects"": 1}",2026-05-15T10:00:00+00:00
engagement-emp-demo-fatima-7,emp-demo-fatima,90,survey,watch,Mesure mensuelle d'engagement.,4,low,"{""absences_30j"": 1, ""overdue_tasks"": 0, ""mandatory_training_gap"": 0, ""active_projects"": 1}",2026-06-15T10:00:00+00:00
engagement-emp-demo-karim-0,emp-demo-karim,82,pulse,watch,Mesure mensuelle d'engagement.,0,low,"{""absences_30j"": 2, ""overdue_tasks"": 4, ""mandatory_training_gap"": 0, ""active_projects"": 2}",2024-09-15T10:00:00+00:00
engagement-emp-demo-karim-1,emp-demo-karim,80,manager_review,boost,Mesure mensuelle d'engagement.,-2,low,"{""absences_30j"": 3, ""overdue_tasks"": 4, ""mandatory_training_gap"": 1, ""active_projects"": 2}",2024-10-15T10:00:00+00:00
engagement-emp-demo-karim-2,emp-demo-karim,77,manager_review,boost,Mesure mensuelle d'engagement.,-3,low,"{""absences_30j"": 2, ""overdue_tasks"": 0, ""mandatory_training_gap"": 1, ""active_projects"": 2}",2024-11-15T10:00:00+00:00
engagement-emp-demo-karim-3,emp-demo-karim,73,manager_review,watch,Mesure mensuelle d'engagement.,-4,low,"{""absences_30j"": 1, ""overdue_tasks"": 2, ""mandatory_training_gap"": 0, ""active_projects"": 1}",2024-12-15T10:00:00+00:00
engagement-emp-demo-karim-4,emp-demo-karim,72,manager_review,stable,Mesure mensuelle d'engagement.,-1,low,"{""absences_30j"": 3, ""overdue_tasks"": 0, ""mandatory_training_gap"": 0, ""active_projects"": 3}",2025-01-15T10:00:00+00:00
engagement-emp-demo-karim-5,emp-demo-karim,70,survey,watch,Mesure mensuelle d'engagement.,-2,medium,"{""absences_30j"": 3, ""overdue_tasks"": 4, ""mandatory_training_gap"": 1, ""active_projects"": 2}",2025-02-15T10:00:00+00:00
engagement-emp-demo-karim-6,emp-demo-karim,74,manager_review,stable,Mesure mensuelle d'engagement.,4,low,"{""absences_30j"": 3, ""overdue_tasks"": 3, ""mandatory_training_gap"": 0, ""active_projects"": 3}",2025-03-15T10:00:00+00:00
engagement-emp-demo-karim-7,emp-demo-karim,74,manager_review,watch,Mesure mensuelle d'engagement.,0,low,"{""absences_30j"": 3, ""overdue_tasks"": 3, ""mandatory_training_gap"": 1, ""active_projects"": 2}",2025-04-15T10:00:00+00:00
engagement-emp-demo-karim-8,emp-demo-karim,75,pulse,watch,Mesure mensuelle d'engagement.,1,low,"{""absences_30j"": 2, ""overdue_tasks"": 1, ""mandatory_training_gap"": 0, ""active_projects"": 2}",2025-05-15T10:00:00+00:00
engagement-emp-demo-karim-9,emp-demo-karim,71,pulse,stable,Mesure mensuelle d'engagement.,-4,medium,"{""absences_30j"": 2, ""overdue_tasks"": 0, ""mandatory_training_gap"": 1, ""active_projects"": 1}",2025-06-15T10:00:00+00:00
engagement-emp-demo-karim-10,emp-demo-karim,74,manager_review,watch,Mesure mensuelle d'engagement.,3,low,"{""absences_30j"": 2, ""overdue_tasks"": 0, ""mandatory_training_gap"": 0, ""active_projects"": 2}",2025-07-15T10:00:00+00:00
engagement-emp-demo-karim-11,emp-demo-karim,76,pulse,stable,Mesure mensuelle d'engagement.,2,low,"{""absences_30j"": 2, ""overdue_tasks"": 0, ""mandatory_training_gap"": 0, ""active_projects"": 1}",2025-08-15T10:00:00+00:00
engagement-emp-demo-karim-12,emp-demo-karim,73,survey,stable,Mesure mensuelle d'engagement.,-3,low,"{""absences_30j"": 0, ""overdue_tasks"": 0, ""mandatory_training_gap"": 1, ""active_projects"": 1}",2025-09-15T10:00:00+00:00
engagement-emp-demo-karim-13,emp-demo-karim,69,manager_review,stable,Mesure mensuelle d'engagement.,-4,medium,"{""absences_30j"": 1, ""overdue_tasks"": 0, ""mandatory_training_gap"": 1, ""active_projects"": 3}",2025-10-15T10:00:00+00:00
engagement-emp-demo-karim-14,emp-demo-karim,67,manager_review,engaged,Mesure mensuelle d'engagement.,-2,medium,"{""absences_30j"": 0, ""overdue_tasks"": 4, ""mandatory_training_gap"": 1, ""active_projects"": 2}",2025-11-15T10:00:00+00:00
engagement-emp-demo-karim-15,emp-demo-karim,64,survey,watch,Mesure mensuelle d'engagement.,-3,medium,"{""absences_30j"": 2, ""overdue_tasks"": 4, ""mandatory_training_gap"": 1, ""active_projects"": 1}",2025-12-15T10:00:00+00:00
engagement-emp-demo-karim-16,emp-demo-karim,61,manager_review,boost,Mesure mensuelle d'engagement.,-3,medium,"{""absences_30j"": 0, ""overdue_tasks"": 1, ""mandatory_training_gap"": 0, ""active_projects"": 2}",2026-01-15T10:00:00+00:00
engagement-emp-demo-karim-17,emp-demo-karim,60,manager_review,boost,Mesure mensuelle d'engagement.,-1,medium,"{""absences_30j"": 2, ""overdue_tasks"": 4, ""mandatory_training_gap"": 1, ""active_projects"": 3}",2026-02-15T10:00:00+00:00
engagement-emp-demo-karim-18,emp-demo-karim,58,manager_review,stable,Mesure mensuelle d'engagement.,-2,medium,"{""absences_30j"": 0, ""overdue_tasks"": 0, ""mandatory_training_gap"": 0, ""active_projects"": 1}",2026-03-15T10:00:00+00:00
engagement-emp-demo-karim-19,emp-demo-karim,56,manager_review,boost,Mesure mensuelle d'engagement.,-2,medium,"{""absences_30j"": 0, ""overdue_tasks"": 4, ""mandatory_training_gap"": 0, ""active_projects"": 2}",2026-04-15T10:00:00+00:00
engagement-emp-demo-karim-20,emp-demo-karim,54,survey,stable,Mesure mensuelle d'engagement.,-2,high,"{""absences_30j"": 0, ""overdue_tasks"": 4, ""mandatory_training_gap"": 0, ""active_projects"": 3}",2026-05-15T10:00:00+00:00
engagement-emp-demo-karim-21,emp-demo-karim,55,pulse,watch,Mesure mensuelle d'engagement.,1,medium,"{""absences_30j"": 2, ""overdue_tasks"": 3, ""mandatory_training_gap"": 0, ""active_projects"": 1}",2026-06-15T10:00:00+00:00
engagement-emp-demo-sara-0,emp-demo-sara,86,survey,engaged,Mesure mensuelle d'engagement.,3,low,"{""absences_30j"": 0, ""overdue_tasks"": 3, ""mandatory_training_gap"": 0, ""active_projects"": 2}",2023-06-15T10:00:00+00:00
engagement-emp-demo-sara-1,emp-demo-sara,88,survey,stable,Mesure mensuelle d'engagement.,2,low,"{""absences_30j"": 2, ""overdue_tasks"": 3, ""mandatory_training_gap"": 0, ""active_projects"": 1}",2023-07-15T10:00:00+00:00
engagement-emp-demo-sara-2,emp-demo-sara,92,manager_review,boost,Mesure mensuelle d'engagement.,4,low,"{""absences_30j"": 1, ""overdue_tasks"": 2, ""mandatory_training_gap"": 1, ""active_projects"": 1}",2023-08-15T10:00:00+00:00
engagement-emp-demo-sara-3,emp-demo-sara,88,manager_review,engaged,Mesure mensuelle d'engagement.,-4,low,"{""absences_30j"": 1, ""overdue_tasks"": 1, ""mandatory_training_gap"": 1, ""active_projects"": 3}",2023-09-15T10:00:00+00:00
engagement-emp-demo-sara-4,emp-demo-sara,89,manager_review,stable,Mesure mensuelle d'engagement.,1,low,"{""absences_30j"": 1, ""overdue_tasks"": 0, ""mandatory_training_gap"": 1, ""active_projects"": 1}",2023-10-15T10:00:00+00:00
engagement-emp-demo-sara-5,emp-demo-sara,86,pulse,boost,Mesure mensuelle d'engagement.,-3,low,"{""absences_30j"": 3, ""overdue_tasks"": 3, ""mandatory_training_gap"": 1, ""active_projects"": 3}",2023-11-15T10:00:00+00:00
engagement-emp-demo-sara-6,emp-demo-sara,84,pulse,watch,Mesure mensuelle d'engagement.,-2,low,"{""absences_30j"": 3, ""overdue_tasks"": 2, ""mandatory_training_gap"": 1, ""active_projects"": 3}",2023-12-15T10:00:00+00:00
engagement-emp-demo-sara-7,emp-demo-sara,87,survey,watch,Mesure mensuelle d'engagement.,3,low,"{""absences_30j"": 2, ""overdue_tasks"": 3, ""mandatory_training_gap"": 0, ""active_projects"": 1}",2024-01-15T10:00:00+00:00
engagement-emp-demo-sara-8,emp-demo-sara,83,manager_review,stable,Mesure mensuelle d'engagement.,-4,low,"{""absences_30j"": 1, ""overdue_tasks"": 1, ""mandatory_training_gap"": 1, ""active_projects"": 2}",2024-02-15T10:00:00+00:00
engagement-emp-demo-sara-9,emp-demo-sara,86,pulse,stable,Mesure mensuelle d'engagement.,3,low,"{""absences_30j"": 3, ""overdue_tasks"": 0, ""mandatory_training_gap"": 1, ""active_projects"": 1}",2024-03-15T10:00:00+00:00
engagement-emp-demo-sara-10,emp-demo-sara,84,survey,engaged,Mesure mensuelle d'engagement.,-2,low,"{""absences_30j"": 1, ""overdue_tasks"": 4, ""mandatory_training_gap"": 1, ""active_projects"": 3}",2024-04-15T10:00:00+00:00
engagement-emp-demo-sara-11,emp-demo-sara,81,manager_review,engaged,Mesure mensuelle d'engagement.,-3,low,"{""absences_30j"": 2, ""overdue_tasks"": 2, ""mandatory_training_gap"": 1, ""active_projects"": 1}",2024-05-15T10:00:00+00:00
engagement-emp-demo-sara-12,emp-demo-sara,82,pulse,watch,Mesure mensuelle d'engagement.,1,low,"{""absences_30j"": 1, ""overdue_tasks"": 3, ""mandatory_training_gap"": 1, ""active_projects"": 2}",2024-06-15T10:00:00+00:00
engagement-emp-demo-sara-13,emp-demo-sara,83,manager_review,watch,Mesure mensuelle d'engagement.,1,low,"{""absences_30j"": 3, ""overdue_tasks"": 1, ""mandatory_training_gap"": 0, ""active_projects"": 1}",2024-07-15T10:00:00+00:00
engagement-emp-demo-sara-14,emp-demo-sara,79,pulse,watch,Mesure mensuelle d'engagement.,-4,low,"{""absences_30j"": 2, ""overdue_tasks"": 4, ""mandatory_training_gap"": 1, ""active_projects"": 1}",2024-08-15T10:00:00+00:00
engagement-emp-demo-sara-15,emp-demo-sara,79,manager_review,engaged,Mesure mensuelle d'engagement.,0,low,"{""absences_30j"": 1, ""overdue_tasks"": 1, ""mandatory_training_gap"": 1, ""active_projects"": 2}",2024-09-15T10:00:00+00:00
engagement-emp-demo-sara-16,emp-demo-sara,80,survey,stable,Mesure mensuelle d'engagement.,1,low,"{""absences_30j"": 1, ""overdue_tasks"": 2, ""mandatory_training_gap"": 0, ""active_projects"": 3}",2024-10-15T10:00:00+00:00
engagement-emp-demo-sara-17,emp-demo-sara,82,pulse,boost,Mesure mensuelle d'engagement.,2,low,"{""absences_30j"": 0, ""overdue_tasks"": 3, ""mandatory_training_gap"": 0, ""active_projects"": 2}",2024-11-15T10:00:00+00:00
engagement-emp-demo-sara-18,emp-demo-sara,78,pulse,watch,Mesure mensuelle d'engagement.,-4,low,"{""absences_30j"": 2, ""overdue_tasks"": 2, ""mandatory_training_gap"": 1, ""active_projects"": 2}",2024-12-15T10:00:00+00:00
engagement-emp-demo-sara-19,emp-demo-sara,78,manager_review,engaged,Mesure mensuelle d'engagement.,0,low,"{""absences_30j"": 2, ""overdue_tasks"": 0, ""mandatory_training_gap"": 0, ""active_projects"": 3}",2025-01-15T10:00:00+00:00
engagement-emp-demo-sara-20,emp-demo-sara,81,survey,boost,Mesure mensuelle d'engagement.,3,low,"{""absences_30j"": 1, ""overdue_tasks"": 4, ""mandatory_training_gap"": 1, ""active_projects"": 1}",2025-02-15T10:00:00+00:00
engagement-emp-demo-sara-21,emp-demo-sara,78,manager_review,stable,Mesure mensuelle d'engagement.,-3,low,"{""absences_30j"": 0, ""overdue_tasks"": 0, ""mandatory_training_gap"": 0, ""active_projects"": 3}",2025-03-15T10:00:00+00:00
engagement-emp-demo-sara-22,emp-demo-sara,75,manager_review,boost,Mesure mensuelle d'engagement.,-3,low,"{""absences_30j"": 3, ""overdue_tasks"": 0, ""mandatory_training_gap"": 1, ""active_projects"": 2}",2025-04-15T10:00:00+00:00
engagement-emp-demo-sara-23,emp-demo-sara,76,survey,stable,Mesure mensuelle d'engagement.,1,low,"{""absences_30j"": 1, ""overdue_tasks"": 1, ""mandatory_training_gap"": 0, ""active_projects"": 3}",2025-05-15T10:00:00+00:00
engagement-emp-demo-sara-24,emp-demo-sara,74,survey,engaged,Mesure mensuelle d'engagement.,-2,low,"{""absences_30j"": 2, ""overdue_tasks"": 0, ""mandatory_training_gap"": 1, ""active_projects"": 3}",2025-06-15T10:00:00+00:00
engagement-emp-demo-sara-25,emp-demo-sara,76,manager_review,stable,Mesure mensuelle d'engagement.,2,low,"{""absences_30j"": 2, ""overdue_tasks"": 1, ""mandatory_training_gap"": 1, ""active_projects"": 3}",2025-07-15T10:00:00+00:00
engagement-emp-demo-sara-26,emp-demo-sara,72,manager_review,stable,Mesure mensuelle d'engagement.,-4,low,"{""absences_30j"": 2, ""overdue_tasks"": 2, ""mandatory_training_gap"": 1, ""active_projects"": 1}",2025-08-15T10:00:00+00:00
engagement-emp-demo-sara-27,emp-demo-sara,71,pulse,engaged,Mesure mensuelle d'engagement.,-1,medium,"{""absences_30j"": 3, ""overdue_tasks"": 0, ""mandatory_training_gap"": 1, ""active_projects"": 2}",2025-09-15T10:00:00+00:00
engagement-emp-demo-sara-28,emp-demo-sara,68,pulse,engaged,Mesure mensuelle d'engagement.,-3,medium,"{""absences_30j"": 3, ""overdue_tasks"": 4, ""mandatory_training_gap"": 0, ""active_projects"": 2}",2025-10-15T10:00:00+00:00
engagement-emp-demo-sara-29,emp-demo-sara,71,manager_review,boost,Mesure mensuelle d'engagement.,3,medium,"{""absences_30j"": 2, ""overdue_tasks"": 1, ""mandatory_training_gap"": 0, ""active_projects"": 2}",2025-11-15T10:00:00+00:00
engagement-emp-demo-sara-30,emp-demo-sara,75,survey,watch,Mesure mensuelle d'engagement.,4,low,"{""absences_30j"": 2, ""overdue_tasks"": 2, ""mandatory_training_gap"": 0, ""active_projects"": 2}",2025-12-15T10:00:00+00:00
engagement-emp-demo-sara-31,emp-demo-sara,77,survey,boost,Mesure mensuelle d'engagement.,2,low,"{""absences_30j"": 2, ""overdue_tasks"": 2, ""mandatory_training_gap"": 0, ""active_projects"": 1}",2026-01-15T10:00:00+00:00
engagement-emp-demo-sara-32,emp-demo-sara,78,pulse,stable,Mesure mensuelle d'engagement.,1,low,"{""absences_30j"": 0, ""overdue_tasks"": 2, ""mandatory_training_gap"": 1, ""active_projects"": 1}",2026-02-15T10:00:00+00:00
engagement-emp-demo-sara-33,emp-demo-sara,74,survey,boost,Mesure mensuelle d'engagement.,-4,low,"{""absences_30j"": 0, ""overdue_tasks"": 4, ""mandatory_training_gap"": 1, ""active_projects"": 2}",2026-03-15T10:00:00+00:00
engagement-emp-demo-sara-34,emp-demo-sara,77,manager_review,engaged,Mesure mensuelle d'engagement.,3,low,"{""absences_30j"": 3, ""overdue_tasks"": 4, ""mandatory_training_gap"": 0, ""active_projects"": 1}",2026-04-15T10:00:00+00:00
engagement-emp-demo-sara-35,emp-demo-sara,76,manager_review,engaged,Mesure mensuelle d'engagement.,-1,low,"{""absences_30j"": 2, ""overdue_tasks"": 1, ""mandatory_training_gap"": 0, ""active_projects"": 2}",2026-05-15T10:00:00+00:00
engagement-emp-demo-sara-36,emp-demo-sara,74,manager_review,engaged,Mesure mensuelle d'engagement.,-2,low,"{""absences_30j"": 1, ""overdue_tasks"": 3, ""mandatory_training_gap"": 1, ""active_projects"": 3}",2026-06-15T10:00:00+00:00
engagement-emp-demo-admin-0,emp-demo-admin,73,survey,engaged,Mesure mensuelle d'engagement.,1,low,"{""absences_30j"": 1, ""overdue_tasks"": 3, ""mandatory_training_gap"": 0, ""active_projects"": 2}",2024-01-15T10:00:00+00:00
engagement-emp-demo-admin-1,emp-demo-admin,72,survey,stable,Mesure mensuelle d'engagement.,-1,low,"{""absences_30j"": 1, ""overdue_tasks"": 4, ""mandatory_training_gap"": 0, ""active_projects"": 3}",2024-02-15T10:00:00+00:00
engagement-emp-demo-admin-2,emp-demo-admin,73,manager_review,engaged,Mesure mensuelle d'engagement.,1,low,"{""absences_30j"": 2, ""overdue_tasks"": 2, ""mandatory_training_gap"": 1, ""active_projects"": 1}",2024-03-15T10:00:00+00:00
engagement-emp-demo-admin-3,emp-demo-admin,69,survey,stable,Mesure mensuelle d'engagement.,-4,medium,"{""absences_30j"": 2, ""overdue_tasks"": 2, ""mandatory_training_gap"": 0, ""active_projects"": 3}",2024-04-15T10:00:00+00:00
engagement-emp-demo-admin-4,emp-demo-admin,73,pulse,watch,Mesure mensuelle d'engagement.,4,low,"{""absences_30j"": 3, ""overdue_tasks"": 2, ""mandatory_training_gap"": 1, ""active_projects"": 3}",2024-05-15T10:00:00+00:00
engagement-emp-demo-admin-5,emp-demo-admin,71,survey,stable,Mesure mensuelle d'engagement.,-2,medium,"{""absences_30j"": 0, ""overdue_tasks"": 2, ""mandatory_training_gap"": 1, ""active_projects"": 3}",2024-06-15T10:00:00+00:00
engagement-emp-demo-admin-6,emp-demo-admin,74,manager_review,boost,Mesure mensuelle d'engagement.,3,low,"{""absences_30j"": 1, ""overdue_tasks"": 0, ""mandatory_training_gap"": 0, ""active_projects"": 2}",2024-07-15T10:00:00+00:00
engagement-emp-demo-admin-7,emp-demo-admin,70,survey,engaged,Mesure mensuelle d'engagement.,-4,medium,"{""absences_30j"": 2, ""overdue_tasks"": 2, ""mandatory_training_gap"": 1, ""active_projects"": 2}",2024-08-15T10:00:00+00:00
engagement-emp-demo-admin-8,emp-demo-admin,73,survey,stable,Mesure mensuelle d'engagement.,3,low,"{""absences_30j"": 0, ""overdue_tasks"": 1, ""mandatory_training_gap"": 1, ""active_projects"": 3}",2024-09-15T10:00:00+00:00
engagement-emp-demo-admin-9,emp-demo-admin,71,pulse,boost,Mesure mensuelle d'engagement.,-2,medium,"{""absences_30j"": 1, ""overdue_tasks"": 1, ""mandatory_training_gap"": 1, ""active_projects"": 2}",2024-10-15T10:00:00+00:00
engagement-emp-demo-admin-10,emp-demo-admin,74,survey,engaged,Mesure mensuelle d'engagement.,3,low,"{""absences_30j"": 2, ""overdue_tasks"": 2, ""mandatory_training_gap"": 1, ""active_projects"": 2}",2024-11-15T10:00:00+00:00
engagement-emp-demo-admin-11,emp-demo-admin,78,survey,stable,Mesure mensuelle d'engagement.,4,low,"{""absences_30j"": 0, ""overdue_tasks"": 3, ""mandatory_training_gap"": 0, ""active_projects"": 3}",2024-12-15T10:00:00+00:00
engagement-emp-demo-admin-12,emp-demo-admin,75,survey,stable,Mesure mensuelle d'engagement.,-3,low,"{""absences_30j"": 2, ""overdue_tasks"": 1, ""mandatory_training_gap"": 0, ""active_projects"": 3}",2025-01-15T10:00:00+00:00
engagement-emp-demo-admin-13,emp-demo-admin,73,pulse,engaged,Mesure mensuelle d'engagement.,-2,low,"{""absences_30j"": 1, ""overdue_tasks"": 3, ""mandatory_training_gap"": 1, ""active_projects"": 1}",2025-02-15T10:00:00+00:00
engagement-emp-demo-admin-14,emp-demo-admin,70,survey,engaged,Mesure mensuelle d'engagement.,-3,medium,"{""absences_30j"": 3, ""overdue_tasks"": 4, ""mandatory_training_gap"": 0, ""active_projects"": 3}",2025-03-15T10:00:00+00:00
engagement-emp-demo-admin-15,emp-demo-admin,68,manager_review,stable,Mesure mensuelle d'engagement.,-2,medium,"{""absences_30j"": 0, ""overdue_tasks"": 2, ""mandatory_training_gap"": 1, ""active_projects"": 2}",2025-04-15T10:00:00+00:00
engagement-emp-demo-admin-16,emp-demo-admin,68,manager_review,stable,Mesure mensuelle d'engagement.,0,medium,"{""absences_30j"": 1, ""overdue_tasks"": 4, ""mandatory_training_gap"": 1, ""active_projects"": 1}",2025-05-15T10:00:00+00:00
engagement-emp-demo-admin-17,emp-demo-admin,67,manager_review,stable,Mesure mensuelle d'engagement.,-1,medium,"{""absences_30j"": 1, ""overdue_tasks"": 1, ""mandatory_training_gap"": 1, ""active_projects"": 1}",2025-06-15T10:00:00+00:00
engagement-emp-demo-admin-18,emp-demo-admin,68,pulse,watch,Mesure mensuelle d'engagement.,1,medium,"{""absences_30j"": 0, ""overdue_tasks"": 1, ""mandatory_training_gap"": 0, ""active_projects"": 2}",2025-07-15T10:00:00+00:00
engagement-emp-demo-admin-19,emp-demo-admin,71,pulse,watch,Mesure mensuelle d'engagement.,3,medium,"{""absences_30j"": 0, ""overdue_tasks"": 2, ""mandatory_training_gap"": 0, ""active_projects"": 2}",2025-08-15T10:00:00+00:00
engagement-emp-demo-admin-20,emp-demo-admin,75,manager_review,watch,Mesure mensuelle d'engagement.,4,low,"{""absences_30j"": 1, ""overdue_tasks"": 4, ""mandatory_training_gap"": 1, ""active_projects"": 1}",2025-09-15T10:00:00+00:00
engagement-emp-demo-admin-21,emp-demo-admin,76,survey,watch,Mesure mensuelle d'engagement.,1,low,"{""absences_30j"": 0, ""overdue_tasks"": 2, ""mandatory_training_gap"": 0, ""active_projects"": 2}",2025-10-15T10:00:00+00:00
engagement-emp-demo-admin-22,emp-demo-admin,72,pulse,watch,Mesure mensuelle d'engagement.,-4,low,"{""absences_30j"": 1, ""overdue_tasks"": 2, ""mandatory_training_gap"": 0, ""active_projects"": 1}",2025-11-15T10:00:00+00:00
engagement-emp-demo-admin-23,emp-demo-admin,71,pulse,engaged,Mesure mensuelle d'engagement.,-1,medium,"{""absences_30j"": 1, ""overdue_tasks"": 3, ""mandatory_training_gap"": 0, ""active_projects"": 2}",2025-12-15T10:00:00+00:00
engagement-emp-demo-admin-24,emp-demo-admin,72,manager_review,engaged,Mesure mensuelle d'engagement.,1,low,"{""absences_30j"": 2, ""overdue_tasks"": 4, ""mandatory_training_gap"": 1, ""active_projects"": 3}",2026-01-15T10:00:00+00:00
engagement-emp-demo-admin-25,emp-demo-admin,75,pulse,stable,Mesure mensuelle d'engagement.,3,low,"{""absences_30j"": 3, ""overdue_tasks"": 4, ""mandatory_training_gap"": 1, ""active_projects"": 1}",2026-02-15T10:00:00+00:00
engagement-emp-demo-admin-26,emp-demo-admin,77,manager_review,boost,Mesure mensuelle d'engagement.,2,low,"{""absences_30j"": 1, ""overdue_tasks"": 0, ""mandatory_training_gap"": 0, ""active_projects"": 1}",2026-03-15T10:00:00+00:00
engagement-emp-demo-admin-27,emp-demo-admin,79,survey,watch,Mesure mensuelle d'engagement.,2,low,"{""absences_30j"": 0, ""overdue_tasks"": 0, ""mandatory_training_gap"": 1, ""active_projects"": 1}",2026-04-15T10:00:00+00:00
engagement-emp-demo-admin-28,emp-demo-admin,78,manager_review,engaged,Mesure mensuelle d'engagement.,-1,low,"{""absences_30j"": 3, ""overdue_tasks"": 2, ""mandatory_training_gap"": 0, ""active_projects"": 2}",2026-05-15T10:00:00+00:00
engagement-emp-demo-admin-29,emp-demo-admin,75,survey,boost,Mesure mensuelle d'engagement.,-3,low,"{""absences_30j"": 0, ""overdue_tasks"": 4, ""mandatory_training_gap"": 0, ""active_projects"": 2}",2026-06-15T10:00:00+00:00
engagement-emp-1-0,emp-1,69,pulse,engaged,Mesure mensuelle d'engagement.,4,medium,"{""absences_30j"": 0, ""overdue_tasks"": 3, ""mandatory_training_gap"": 0, ""active_projects"": 1}",2023-06-15T10:00:00+00:00
engagement-emp-1-1,emp-1,72,pulse,stable,Mesure mensuelle d'engagement.,3,low,"{""absences_30j"": 2, ""overdue_tasks"": 0, ""mandatory_training_gap"": 0, ""active_projects"": 3}",2023-07-15T10:00:00+00:00
engagement-emp-1-2,emp-1,71,survey,watch,Mesure mensuelle d'engagement.,-1,medium,"{""absences_30j"": 1, ""overdue_tasks"": 3, ""mandatory_training_gap"": 1, ""active_projects"": 1}",2023-08-15T10:00:00+00:00
engagement-emp-1-3,emp-1,69,pulse,engaged,Mesure mensuelle d'engagement.,-2,medium,"{""absences_30j"": 2, ""overdue_tasks"": 4, ""mandatory_training_gap"": 0, ""active_projects"": 2}",2023-09-15T10:00:00+00:00
engagement-emp-1-4,emp-1,65,survey,boost,Mesure mensuelle d'engagement.,-4,medium,"{""absences_30j"": 1, ""overdue_tasks"": 3, ""mandatory_training_gap"": 0, ""active_projects"": 1}",2023-10-15T10:00:00+00:00
engagement-emp-1-5,emp-1,64,pulse,boost,Mesure mensuelle d'engagement.,-1,medium,"{""absences_30j"": 3, ""overdue_tasks"": 0, ""mandatory_training_gap"": 1, ""active_projects"": 2}",2023-11-15T10:00:00+00:00
engagement-emp-1-6,emp-1,62,manager_review,engaged,Mesure mensuelle d'engagement.,-2,medium,"{""absences_30j"": 0, ""overdue_tasks"": 1, ""mandatory_training_gap"": 0, ""active_projects"": 1}",2023-12-15T10:00:00+00:00
engagement-emp-1-7,emp-1,65,pulse,stable,Mesure mensuelle d'engagement.,3,medium,"{""absences_30j"": 1, ""overdue_tasks"": 4, ""mandatory_training_gap"": 1, ""active_projects"": 2}",2024-01-15T10:00:00+00:00
engagement-emp-1-8,emp-1,69,pulse,boost,Mesure mensuelle d'engagement.,4,medium,"{""absences_30j"": 0, ""overdue_tasks"": 0, ""mandatory_training_gap"": 0, ""active_projects"": 1}",2024-02-15T10:00:00+00:00
engagement-emp-1-9,emp-1,70,manager_review,boost,Mesure mensuelle d'engagement.,1,medium,"{""absences_30j"": 2, ""overdue_tasks"": 4, ""mandatory_training_gap"": 0, ""active_projects"": 1}",2024-03-15T10:00:00+00:00
engagement-emp-1-10,emp-1,69,pulse,stable,Mesure mensuelle d'engagement.,-1,medium,"{""absences_30j"": 1, ""overdue_tasks"": 0, ""mandatory_training_gap"": 1, ""active_projects"": 3}",2024-04-15T10:00:00+00:00
engagement-emp-1-11,emp-1,66,manager_review,boost,Mesure mensuelle d'engagement.,-3,medium,"{""absences_30j"": 0, ""overdue_tasks"": 2, ""mandatory_training_gap"": 1, ""active_projects"": 2}",2024-05-15T10:00:00+00:00
engagement-emp-1-12,emp-1,64,pulse,watch,Mesure mensuelle d'engagement.,-2,medium,"{""absences_30j"": 0, ""overdue_tasks"": 3, ""mandatory_training_gap"": 1, ""active_projects"": 3}",2024-06-15T10:00:00+00:00
engagement-emp-1-13,emp-1,63,manager_review,engaged,Mesure mensuelle d'engagement.,-1,medium,"{""absences_30j"": 3, ""overdue_tasks"": 0, ""mandatory_training_gap"": 0, ""active_projects"": 2}",2024-07-15T10:00:00+00:00
engagement-emp-1-14,emp-1,60,manager_review,stable,Mesure mensuelle d'engagement.,-3,medium,"{""absences_30j"": 0, ""overdue_tasks"": 1, ""mandatory_training_gap"": 1, ""active_projects"": 1}",2024-08-15T10:00:00+00:00
engagement-emp-1-15,emp-1,61,survey,stable,Mesure mensuelle d'engagement.,1,medium,"{""absences_30j"": 2, ""overdue_tasks"": 4, ""mandatory_training_gap"": 1, ""active_projects"": 3}",2024-09-15T10:00:00+00:00
engagement-emp-1-16,emp-1,63,manager_review,boost,Mesure mensuelle d'engagement.,2,medium,"{""absences_30j"": 0, ""overdue_tasks"": 3, ""mandatory_training_gap"": 0, ""active_projects"": 3}",2024-10-15T10:00:00+00:00
engagement-emp-1-17,emp-1,59,survey,watch,Mesure mensuelle d'engagement.,-4,medium,"{""absences_30j"": 2, ""overdue_tasks"": 0, ""mandatory_training_gap"": 0, ""active_projects"": 1}",2024-11-15T10:00:00+00:00
engagement-emp-1-18,emp-1,62,manager_review,stable,Mesure mensuelle d'engagement.,3,medium,"{""absences_30j"": 0, ""overdue_tasks"": 1, ""mandatory_training_gap"": 1, ""active_projects"": 2}",2024-12-15T10:00:00+00:00
engagement-emp-1-19,emp-1,58,manager_review,stable,Mesure mensuelle d'engagement.,-4,medium,"{""absences_30j"": 2, ""overdue_tasks"": 2, ""mandatory_training_gap"": 1, ""active_projects"": 1}",2025-01-15T10:00:00+00:00
engagement-emp-1-20,emp-1,59,pulse,stable,Mesure mensuelle d'engagement.,1,medium,"{""absences_30j"": 3, ""overdue_tasks"": 2, ""mandatory_training_gap"": 1, ""active_projects"": 1}",2025-02-15T10:00:00+00:00
engagement-emp-1-21,emp-1,60,pulse,watch,Mesure mensuelle d'engagement.,1,medium,"{""absences_30j"": 3, ""overdue_tasks"": 4, ""mandatory_training_gap"": 0, ""active_projects"": 3}",2025-03-15T10:00:00+00:00
engagement-emp-1-22,emp-1,58,manager_review,stable,Mesure mensuelle d'engagement.,-2,medium,"{""absences_30j"": 2, ""overdue_tasks"": 0, ""mandatory_training_gap"": 1, ""active_projects"": 2}",2025-04-15T10:00:00+00:00
engagement-emp-1-23,emp-1,61,survey,boost,Mesure mensuelle d'engagement.,3,medium,"{""absences_30j"": 3, ""overdue_tasks"": 3, ""mandatory_training_gap"": 1, ""active_projects"": 3}",2025-05-15T10:00:00+00:00
engagement-emp-1-24,emp-1,57,manager_review,engaged,Mesure mensuelle d'engagement.,-4,medium,"{""absences_30j"": 2, ""overdue_tasks"": 0, ""mandatory_training_gap"": 1, ""active_projects"": 1}",2025-06-15T10:00:00+00:00
engagement-emp-1-25,emp-1,56,survey,boost,Mesure mensuelle d'engagement.,-1,medium,"{""absences_30j"": 0, ""overdue_tasks"": 1, ""mandatory_training_gap"": 0, ""active_projects"": 3}",2025-07-15T10:00:00+00:00
engagement-emp-1-26,emp-1,53,manager_review,watch,Mesure mensuelle d'engagement.,-3,high,"{""absences_30j"": 1, ""overdue_tasks"": 2, ""mandatory_training_gap"": 1, ""active_projects"": 1}",2025-08-15T10:00:00+00:00
engagement-emp-1-27,emp-1,57,manager_review,boost,Mesure mensuelle d'engagement.,4,medium,"{""absences_30j"": 0, ""overdue_tasks"": 0, ""mandatory_training_gap"": 1, ""active_projects"": 1}",2025-09-15T10:00:00+00:00
engagement-emp-1-28,emp-1,58,survey,watch,Mesure mensuelle d'engagement.,1,medium,"{""absences_30j"": 3, ""overdue_tasks"": 3, ""mandatory_training_gap"": 0, ""active_projects"": 2}",2025-10-15T10:00:00+00:00
engagement-emp-1-29,emp-1,57,survey,stable,Mesure mensuelle d'engagement.,-1,medium,"{""absences_30j"": 2, ""overdue_tasks"": 2, ""mandatory_training_gap"": 1, ""active_projects"": 1}",2025-11-15T10:00:00+00:00
engagement-emp-1-30,emp-1,59,manager_review,engaged,Mesure mensuelle d'engagement.,2,medium,"{""absences_30j"": 0, ""overdue_tasks"": 2, ""mandatory_training_gap"": 0, ""active_projects"": 2}",2025-12-15T10:00:00+00:00
engagement-emp-1-31,emp-1,59,survey,engaged,Mesure mensuelle d'engagement.,0,medium,"{""absences_30j"": 1, ""overdue_tasks"": 3, ""mandatory_training_gap"": 1, ""active_projects"": 2}",2026-01-15T10:00:00+00:00
engagement-emp-1-32,emp-1,61,pulse,watch,Mesure mensuelle d'engagement.,2,medium,"{""absences_30j"": 0, ""overdue_tasks"": 3, ""mandatory_training_gap"": 0, ""active_projects"": 1}",2026-02-15T10:00:00+00:00
engagement-emp-1-33,emp-1,57,survey,boost,Mesure mensuelle d'engagement.,-4,medium,"{""absences_30j"": 1, ""overdue_tasks"": 1, ""mandatory_training_gap"": 1, ""active_projects"": 3}",2026-03-15T10:00:00+00:00
engagement-emp-1-34,emp-1,53,survey,engaged,Mesure mensuelle d'engagement.,-4,high,"{""absences_30j"": 2, ""overdue_tasks"": 2, ""mandatory_training_gap"": 1, ""active_projects"": 3}",2026-04-15T10:00:00+00:00
engagement-emp-1-35,emp-1,57,pulse,engaged,Mesure mensuelle d'engagement.,4,medium,"{""absences_30j"": 0, ""overdue_tasks"": 2, ""mandatory_training_gap"": 1, ""active_projects"": 1}",2026-05-15T10:00:00+00:00
engagement-emp-1-36,emp-1,56,manager_review,boost,Mesure mensuelle d'engagement.,-1,medium,"{""absences_30j"": 3, ""overdue_tasks"": 1, ""mandatory_training_gap"": 0, ""active_projects"": 2}",2026-06-15T10:00:00+00:00
engagement-emp-2-0,emp-2,71,pulse,stable,Mesure mensuelle d'engagement.,-1,medium,"{""absences_30j"": 0, ""overdue_tasks"": 4, ""mandatory_training_gap"": 0, ""active_projects"": 2}",2023-06-15T10:00:00+00:00
engagement-emp-2-1,emp-2,71,manager_review,boost,Mesure mensuelle d'engagement.,0,medium,"{""absences_30j"": 1, ""overdue_tasks"": 1, ""mandatory_training_gap"": 0, ""active_projects"": 3}",2023-07-15T10:00:00+00:00
engagement-emp-2-2,emp-2,69,survey,boost,Mesure mensuelle d'engagement.,-2,medium,"{""absences_30j"": 3, ""overdue_tasks"": 4, ""mandatory_training_gap"": 0, ""active_projects"": 2}",2023-08-15T10:00:00+00:00
engagement-emp-2-3,emp-2,70,survey,engaged,Mesure mensuelle d'engagement.,1,medium,"{""absences_30j"": 2, ""overdue_tasks"": 4, ""mandatory_training_gap"": 0, ""active_projects"": 1}",2023-09-15T10:00:00+00:00
engagement-emp-2-4,emp-2,66,survey,engaged,Mesure mensuelle d'engagement.,-4,medium,"{""absences_30j"": 0, ""overdue_tasks"": 3, ""mandatory_training_gap"": 0, ""active_projects"": 3}",2023-10-15T10:00:00+00:00
engagement-emp-2-5,emp-2,67,survey,watch,Mesure mensuelle d'engagement.,1,medium,"{""absences_30j"": 3, ""overdue_tasks"": 0, ""mandatory_training_gap"": 1, ""active_projects"": 2}",2023-11-15T10:00:00+00:00
engagement-emp-2-6,emp-2,65,pulse,stable,Mesure mensuelle d'engagement.,-2,medium,"{""absences_30j"": 2, ""overdue_tasks"": 2, ""mandatory_training_gap"": 0, ""active_projects"": 3}",2023-12-15T10:00:00+00:00
engagement-emp-2-7,emp-2,62,pulse,stable,Mesure mensuelle d'engagement.,-3,medium,"{""absences_30j"": 2, ""overdue_tasks"": 2, ""mandatory_training_gap"": 1, ""active_projects"": 1}",2024-01-15T10:00:00+00:00
engagement-emp-2-8,emp-2,62,pulse,engaged,Mesure mensuelle d'engagement.,0,medium,"{""absences_30j"": 2, ""overdue_tasks"": 1, ""mandatory_training_gap"": 1, ""active_projects"": 2}",2024-02-15T10:00:00+00:00
engagement-emp-2-9,emp-2,64,manager_review,stable,Mesure mensuelle d'engagement.,2,medium,"{""absences_30j"": 2, ""overdue_tasks"": 0, ""mandatory_training_gap"": 1, ""active_projects"": 1}",2024-03-15T10:00:00+00:00
engagement-emp-2-10,emp-2,65,manager_review,stable,Mesure mensuelle d'engagement.,1,medium,"{""absences_30j"": 1, ""overdue_tasks"": 1, ""mandatory_training_gap"": 0, ""active_projects"": 3}",2024-04-15T10:00:00+00:00
engagement-emp-2-11,emp-2,65,manager_review,engaged,Mesure mensuelle d'engagement.,0,medium,"{""absences_30j"": 1, ""overdue_tasks"": 4, ""mandatory_training_gap"": 0, ""active_projects"": 1}",2024-05-15T10:00:00+00:00
engagement-emp-2-12,emp-2,68,survey,watch,Mesure mensuelle d'engagement.,3,medium,"{""absences_30j"": 2, ""overdue_tasks"": 2, ""mandatory_training_gap"": 1, ""active_projects"": 1}",2024-06-15T10:00:00+00:00
engagement-emp-2-13,emp-2,68,survey,watch,Mesure mensuelle d'engagement.,0,medium,"{""absences_30j"": 3, ""overdue_tasks"": 2, ""mandatory_training_gap"": 1, ""active_projects"": 2}",2024-07-15T10:00:00+00:00
engagement-emp-2-14,emp-2,70,survey,watch,Mesure mensuelle d'engagement.,2,medium,"{""absences_30j"": 3, ""overdue_tasks"": 0, ""mandatory_training_gap"": 1, ""active_projects"": 2}",2024-08-15T10:00:00+00:00
engagement-emp-2-15,emp-2,69,pulse,stable,Mesure mensuelle d'engagement.,-1,medium,"{""absences_30j"": 2, ""overdue_tasks"": 1, ""mandatory_training_gap"": 0, ""active_projects"": 3}",2024-09-15T10:00:00+00:00
engagement-emp-2-16,emp-2,71,pulse,stable,Mesure mensuelle d'engagement.,2,medium,"{""absences_30j"": 2, ""overdue_tasks"": 2, ""mandatory_training_gap"": 1, ""active_projects"": 3}",2024-10-15T10:00:00+00:00
engagement-emp-2-17,emp-2,75,survey,engaged,Mesure mensuelle d'engagement.,4,low,"{""absences_30j"": 1, ""overdue_tasks"": 3, ""mandatory_training_gap"": 0, ""active_projects"": 1}",2024-11-15T10:00:00+00:00
engagement-emp-2-18,emp-2,79,pulse,engaged,Mesure mensuelle d'engagement.,4,low,"{""absences_30j"": 1, ""overdue_tasks"": 3, ""mandatory_training_gap"": 0, ""active_projects"": 2}",2024-12-15T10:00:00+00:00
engagement-emp-2-19,emp-2,80,pulse,boost,Mesure mensuelle d'engagement.,1,low,"{""absences_30j"": 0, ""overdue_tasks"": 4, ""mandatory_training_gap"": 1, ""active_projects"": 3}",2025-01-15T10:00:00+00:00
engagement-emp-2-20,emp-2,81,pulse,stable,Mesure mensuelle d'engagement.,1,low,"{""absences_30j"": 2, ""overdue_tasks"": 0, ""mandatory_training_gap"": 0, ""active_projects"": 2}",2025-02-15T10:00:00+00:00
engagement-emp-2-21,emp-2,79,manager_review,engaged,Mesure mensuelle d'engagement.,-2,low,"{""absences_30j"": 2, ""overdue_tasks"": 4, ""mandatory_training_gap"": 1, ""active_projects"": 2}",2025-03-15T10:00:00+00:00
engagement-emp-2-22,emp-2,79,pulse,watch,Mesure mensuelle d'engagement.,0,low,"{""absences_30j"": 1, ""overdue_tasks"": 0, ""mandatory_training_gap"": 0, ""active_projects"": 3}",2025-04-15T10:00:00+00:00
engagement-emp-2-23,emp-2,76,pulse,engaged,Mesure mensuelle d'engagement.,-3,low,"{""absences_30j"": 2, ""overdue_tasks"": 0, ""mandatory_training_gap"": 0, ""active_projects"": 1}",2025-05-15T10:00:00+00:00
engagement-emp-2-24,emp-2,75,survey,stable,Mesure mensuelle d'engagement.,-1,low,"{""absences_30j"": 2, ""overdue_tasks"": 0, ""mandatory_training_gap"": 0, ""active_projects"": 1}",2025-06-15T10:00:00+00:00
engagement-emp-2-25,emp-2,78,survey,engaged,Mesure mensuelle d'engagement.,3,low,"{""absences_30j"": 2, ""overdue_tasks"": 3, ""mandatory_training_gap"": 1, ""active_projects"": 2}",2025-07-15T10:00:00+00:00
engagement-emp-2-26,emp-2,78,survey,watch,Mesure mensuelle d'engagement.,0,low,"{""absences_30j"": 1, ""overdue_tasks"": 3, ""mandatory_training_gap"": 1, ""active_projects"": 3}",2025-08-15T10:00:00+00:00
engagement-emp-2-27,emp-2,75,survey,stable,Mesure mensuelle d'engagement.,-3,low,"{""absences_30j"": 1, ""overdue_tasks"": 4, ""mandatory_training_gap"": 1, ""active_projects"": 2}",2025-09-15T10:00:00+00:00
engagement-emp-2-28,emp-2,75,pulse,boost,Mesure mensuelle d'engagement.,0,low,"{""absences_30j"": 3, ""overdue_tasks"": 4, ""mandatory_training_gap"": 0, ""active_projects"": 3}",2025-10-15T10:00:00+00:00
engagement-emp-2-29,emp-2,72,pulse,watch,Mesure mensuelle d'engagement.,-3,low,"{""absences_30j"": 0, ""overdue_tasks"": 1, ""mandatory_training_gap"": 0, ""active_projects"": 3}",2025-11-15T10:00:00+00:00
engagement-emp-2-30,emp-2,76,pulse,boost,Mesure mensuelle d'engagement.,4,low,"{""absences_30j"": 3, ""overdue_tasks"": 1, ""mandatory_training_gap"": 0, ""active_projects"": 1}",2025-12-15T10:00:00+00:00
engagement-emp-2-31,emp-2,78,manager_review,engaged,Mesure mensuelle d'engagement.,2,low,"{""absences_30j"": 3, ""overdue_tasks"": 3, ""mandatory_training_gap"": 1, ""active_projects"": 3}",2026-01-15T10:00:00+00:00
engagement-emp-2-32,emp-2,76,survey,engaged,Mesure mensuelle d'engagement.,-2,low,"{""absences_30j"": 3, ""overdue_tasks"": 2, ""mandatory_training_gap"": 0, ""active_projects"": 1}",2026-02-15T10:00:00+00:00
engagement-emp-2-33,emp-2,76,survey,boost,Mesure mensuelle d'engagement.,0,low,"{""absences_30j"": 0, ""overdue_tasks"": 3, ""mandatory_training_gap"": 0, ""active_projects"": 3}",2026-03-15T10:00:00+00:00
engagement-emp-2-34,emp-2,75,survey,boost,Mesure mensuelle d'engagement.,-1,low,"{""absences_30j"": 3, ""overdue_tasks"": 0, ""mandatory_training_gap"": 1, ""active_projects"": 3}",2026-04-15T10:00:00+00:00
engagement-emp-2-35,emp-2,71,manager_review,boost,Mesure mensuelle d'engagement.,-4,medium,"{""absences_30j"": 1, ""overdue_tasks"": 2, ""mandatory_training_gap"": 1, ""active_projects"": 2}",2026-05-15T10:00:00+00:00
engagement-emp-2-36,emp-2,70,survey,watch,Mesure mensuelle d'engagement.,-1,medium,"{""absences_30j"": 2, ""overdue_tasks"": 4, ""mandatory_training_gap"": 0, ""active_projects"": 1}",2026-06-15T10:00:00+00:00
engagement-emp-3-0,emp-3,60,pulse,stable,Mesure mensuelle d'engagement.,-3,medium,"{""absences_30j"": 2, ""overdue_tasks"": 3, ""mandatory_training_gap"": 0, ""active_projects"": 3}",2023-06-15T10:00:00+00:00
engagement-emp-3-1,emp-3,64,survey,watch,Mesure mensuelle d'engagement.,4,medium,"{""absences_30j"": 2, ""overdue_tasks"": 4, ""mandatory_training_gap"": 1, ""active_projects"": 2}",2023-07-15T10:00:00+00:00
engagement-emp-3-2,emp-3,64,pulse,stable,Mesure mensuelle d'engagement.,0,medium,"{""absences_30j"": 1, ""overdue_tasks"": 4, ""mandatory_training_gap"": 0, ""active_projects"": 1}",2023-08-15T10:00:00+00:00
engagement-emp-3-3,emp-3,65,manager_review,stable,Mesure mensuelle d'engagement.,1,medium,"{""absences_30j"": 2, ""overdue_tasks"": 4, ""mandatory_training_gap"": 1, ""active_projects"": 3}",2023-09-15T10:00:00+00:00
engagement-emp-3-4,emp-3,66,pulse,boost,Mesure mensuelle d'engagement.,1,medium,"{""absences_30j"": 1, ""overdue_tasks"": 1, ""mandatory_training_gap"": 1, ""active_projects"": 3}",2023-10-15T10:00:00+00:00
engagement-emp-3-5,emp-3,67,manager_review,stable,Mesure mensuelle d'engagement.,1,medium,"{""absences_30j"": 3, ""overdue_tasks"": 1, ""mandatory_training_gap"": 0, ""active_projects"": 2}",2023-11-15T10:00:00+00:00
engagement-emp-3-6,emp-3,68,pulse,engaged,Mesure mensuelle d'engagement.,1,medium,"{""absences_30j"": 2, ""overdue_tasks"": 2, ""mandatory_training_gap"": 0, ""active_projects"": 3}",2023-12-15T10:00:00+00:00
engagement-emp-3-7,emp-3,64,survey,engaged,Mesure mensuelle d'engagement.,-4,medium,"{""absences_30j"": 3, ""overdue_tasks"": 3, ""mandatory_training_gap"": 1, ""active_projects"": 2}",2024-01-15T10:00:00+00:00
engagement-emp-3-8,emp-3,63,survey,watch,Mesure mensuelle d'engagement.,-1,medium,"{""absences_30j"": 1, ""overdue_tasks"": 4, ""mandatory_training_gap"": 0, ""active_projects"": 2}",2024-02-15T10:00:00+00:00
engagement-emp-3-9,emp-3,63,survey,stable,Mesure mensuelle d'engagement.,0,medium,"{""absences_30j"": 2, ""overdue_tasks"": 4, ""mandatory_training_gap"": 1, ""active_projects"": 1}",2024-03-15T10:00:00+00:00
engagement-emp-3-10,emp-3,62,survey,engaged,Mesure mensuelle d'engagement.,-1,medium,"{""absences_30j"": 0, ""overdue_tasks"": 1, ""mandatory_training_gap"": 0, ""active_projects"": 3}",2024-04-15T10:00:00+00:00
engagement-emp-3-11,emp-3,59,survey,watch,Mesure mensuelle d'engagement.,-3,medium,"{""absences_30j"": 0, ""overdue_tasks"": 2, ""mandatory_training_gap"": 1, ""active_projects"": 1}",2024-05-15T10:00:00+00:00
engagement-emp-3-12,emp-3,57,manager_review,stable,Mesure mensuelle d'engagement.,-2,medium,"{""absences_30j"": 3, ""overdue_tasks"": 3, ""mandatory_training_gap"": 1, ""active_projects"": 2}",2024-06-15T10:00:00+00:00
engagement-emp-3-13,emp-3,57,pulse,boost,Mesure mensuelle d'engagement.,0,medium,"{""absences_30j"": 0, ""overdue_tasks"": 2, ""mandatory_training_gap"": 0, ""active_projects"": 1}",2024-07-15T10:00:00+00:00
engagement-emp-3-14,emp-3,53,pulse,watch,Mesure mensuelle d'engagement.,-4,high,"{""absences_30j"": 2, ""overdue_tasks"": 1, ""mandatory_training_gap"": 0, ""active_projects"": 1}",2024-08-15T10:00:00+00:00
engagement-emp-3-15,emp-3,51,survey,watch,Mesure mensuelle d'engagement.,-2,high,"{""absences_30j"": 3, ""overdue_tasks"": 1, ""mandatory_training_gap"": 0, ""active_projects"": 3}",2024-09-15T10:00:00+00:00
engagement-emp-3-16,emp-3,50,survey,engaged,Mesure mensuelle d'engagement.,-1,high,"{""absences_30j"": 1, ""overdue_tasks"": 4, ""mandatory_training_gap"": 1, ""active_projects"": 2}",2024-10-15T10:00:00+00:00
engagement-emp-3-17,emp-3,47,pulse,watch,Mesure mensuelle d'engagement.,-3,high,"{""absences_30j"": 1, ""overdue_tasks"": 0, ""mandatory_training_gap"": 1, ""active_projects"": 3}",2024-11-15T10:00:00+00:00
engagement-emp-3-18,emp-3,50,survey,boost,Mesure mensuelle d'engagement.,3,high,"{""absences_30j"": 2, ""overdue_tasks"": 4, ""mandatory_training_gap"": 1, ""active_projects"": 2}",2024-12-15T10:00:00+00:00
engagement-emp-3-19,emp-3,50,survey,stable,Mesure mensuelle d'engagement.,0,high,"{""absences_30j"": 3, ""overdue_tasks"": 0, ""mandatory_training_gap"": 1, ""active_projects"": 1}",2025-01-15T10:00:00+00:00
engagement-emp-3-20,emp-3,48,survey,watch,Mesure mensuelle d'engagement.,-2,high,"{""absences_30j"": 3, ""overdue_tasks"": 2, ""mandatory_training_gap"": 1, ""active_projects"": 2}",2025-02-15T10:00:00+00:00
engagement-emp-3-21,emp-3,47,pulse,stable,Mesure mensuelle d'engagement.,-1,high,"{""absences_30j"": 0, ""overdue_tasks"": 3, ""mandatory_training_gap"": 1, ""active_projects"": 1}",2025-03-15T10:00:00+00:00
engagement-emp-3-22,emp-3,46,pulse,boost,Mesure mensuelle d'engagement.,-1,high,"{""absences_30j"": 3, ""overdue_tasks"": 3, ""mandatory_training_gap"": 0, ""active_projects"": 2}",2025-04-15T10:00:00+00:00
engagement-emp-3-23,emp-3,45,manager_review,watch,Mesure mensuelle d'engagement.,-1,high,"{""absences_30j"": 3, ""overdue_tasks"": 4, ""mandatory_training_gap"": 1, ""active_projects"": 2}",2025-05-15T10:00:00+00:00
engagement-emp-3-24,emp-3,44,survey,watch,Mesure mensuelle d'engagement.,-1,high,"{""absences_30j"": 1, ""overdue_tasks"": 2, ""mandatory_training_gap"": 1, ""active_projects"": 2}",2025-06-15T10:00:00+00:00
engagement-emp-3-25,emp-3,46,pulse,stable,Mesure mensuelle d'engagement.,2,high,"{""absences_30j"": 2, ""overdue_tasks"": 2, ""mandatory_training_gap"": 0, ""active_projects"": 1}",2025-07-15T10:00:00+00:00
engagement-emp-3-26,emp-3,47,manager_review,boost,Mesure mensuelle d'engagement.,1,high,"{""absences_30j"": 0, ""overdue_tasks"": 2, ""mandatory_training_gap"": 1, ""active_projects"": 3}",2025-08-15T10:00:00+00:00
engagement-emp-3-27,emp-3,46,pulse,engaged,Mesure mensuelle d'engagement.,-1,high,"{""absences_30j"": 1, ""overdue_tasks"": 0, ""mandatory_training_gap"": 1, ""active_projects"": 1}",2025-09-15T10:00:00+00:00
engagement-emp-3-28,emp-3,50,survey,boost,Mesure mensuelle d'engagement.,4,high,"{""absences_30j"": 1, ""overdue_tasks"": 3, ""mandatory_training_gap"": 1, ""active_projects"": 1}",2025-10-15T10:00:00+00:00
engagement-emp-3-29,emp-3,52,pulse,boost,Mesure mensuelle d'engagement.,2,high,"{""absences_30j"": 3, ""overdue_tasks"": 4, ""mandatory_training_gap"": 1, ""active_projects"": 2}",2025-11-15T10:00:00+00:00
engagement-emp-3-30,emp-3,48,pulse,stable,Mesure mensuelle d'engagement.,-4,high,"{""absences_30j"": 3, ""overdue_tasks"": 2, ""mandatory_training_gap"": 1, ""active_projects"": 2}",2025-12-15T10:00:00+00:00
engagement-emp-3-31,emp-3,49,pulse,engaged,Mesure mensuelle d'engagement.,1,high,"{""absences_30j"": 2, ""overdue_tasks"": 1, ""mandatory_training_gap"": 0, ""active_projects"": 2}",2026-01-15T10:00:00+00:00
engagement-emp-3-32,emp-3,48,survey,boost,Mesure mensuelle d'engagement.,-1,high,"{""absences_30j"": 1, ""overdue_tasks"": 2, ""mandatory_training_gap"": 1, ""active_projects"": 3}",2026-02-15T10:00:00+00:00
engagement-emp-3-33,emp-3,44,pulse,engaged,Mesure mensuelle d'engagement.,-4,high,"{""absences_30j"": 3, ""overdue_tasks"": 1, ""mandatory_training_gap"": 0, ""active_projects"": 2}",2026-03-15T10:00:00+00:00
engagement-emp-3-34,emp-3,47,survey,engaged,Mesure mensuelle d'engagement.,3,high,"{""absences_30j"": 0, ""overdue_tasks"": 4, ""mandatory_training_gap"": 1, ""active_projects"": 1}",2026-04-15T10:00:00+00:00
engagement-emp-3-35,emp-3,50,survey,boost,Mesure mensuelle d'engagement.,3,high,"{""absences_30j"": 0, ""overdue_tasks"": 3, ""mandatory_training_gap"": 0, ""active_projects"": 2}",2026-05-15T10:00:00+00:00
engagement-emp-3-36,emp-3,52,pulse,watch,Mesure mensuelle d'engagement.,2,high,"{""absences_30j"": 0, ""overdue_tasks"": 0, ""mandatory_training_gap"": 1, ""active_projects"": 3}",2026-06-15T10:00:00+00:00
engagement-emp-4-0,emp-4,85,manager_review,stable,Mesure mensuelle d'engagement.,0,low,"{""absences_30j"": 2, ""overdue_tasks"": 0, ""mandatory_training_gap"": 1, ""active_projects"": 2}",2023-06-15T10:00:00+00:00
engagement-emp-4-1,emp-4,88,survey,engaged,Mesure mensuelle d'engagement.,3,low,"{""absences_30j"": 2, ""overdue_tasks"": 1, ""mandatory_training_gap"": 0, ""active_projects"": 1}",2023-07-15T10:00:00+00:00
engagement-emp-4-2,emp-4,86,survey,boost,Mesure mensuelle d'engagement.,-2,low,"{""absences_30j"": 0, ""overdue_tasks"": 4, ""mandatory_training_gap"": 0, ""active_projects"": 3}",2023-08-15T10:00:00+00:00
engagement-emp-4-3,emp-4,83,manager_review,boost,Mesure mensuelle d'engagement.,-3,low,"{""absences_30j"": 1, ""overdue_tasks"": 1, ""mandatory_training_gap"": 0, ""active_projects"": 1}",2023-09-15T10:00:00+00:00
engagement-emp-4-4,emp-4,80,survey,boost,Mesure mensuelle d'engagement.,-3,low,"{""absences_30j"": 0, ""overdue_tasks"": 4, ""mandatory_training_gap"": 1, ""active_projects"": 1}",2023-10-15T10:00:00+00:00
engagement-emp-4-5,emp-4,80,survey,boost,Mesure mensuelle d'engagement.,0,low,"{""absences_30j"": 2, ""overdue_tasks"": 3, ""mandatory_training_gap"": 0, ""active_projects"": 3}",2023-11-15T10:00:00+00:00
engagement-emp-4-6,emp-4,79,pulse,stable,Mesure mensuelle d'engagement.,-1,low,"{""absences_30j"": 2, ""overdue_tasks"": 1, ""mandatory_training_gap"": 1, ""active_projects"": 3}",2023-12-15T10:00:00+00:00
engagement-emp-4-7,emp-4,77,manager_review,engaged,Mesure mensuelle d'engagement.,-2,low,"{""absences_30j"": 1, ""overdue_tasks"": 3, ""mandatory_training_gap"": 1, ""active_projects"": 3}",2024-01-15T10:00:00+00:00
engagement-emp-4-8,emp-4,74,pulse,engaged,Mesure mensuelle d'engagement.,-3,low,"{""absences_30j"": 1, ""overdue_tasks"": 1, ""mandatory_training_gap"": 0, ""active_projects"": 2}",2024-02-15T10:00:00+00:00
engagement-emp-4-9,emp-4,71,manager_review,boost,Mesure mensuelle d'engagement.,-3,medium,"{""absences_30j"": 0, ""overdue_tasks"": 2, ""mandatory_training_gap"": 1, ""active_projects"": 2}",2024-03-15T10:00:00+00:00
engagement-emp-4-10,emp-4,74,manager_review,stable,Mesure mensuelle d'engagement.,3,low,"{""absences_30j"": 3, ""overdue_tasks"": 2, ""mandatory_training_gap"": 0, ""active_projects"": 3}",2024-04-15T10:00:00+00:00
engagement-emp-4-11,emp-4,78,survey,engaged,Mesure mensuelle d'engagement.,4,low,"{""absences_30j"": 2, ""overdue_tasks"": 4, ""mandatory_training_gap"": 0, ""active_projects"": 3}",2024-05-15T10:00:00+00:00
engagement-emp-4-12,emp-4,79,survey,engaged,Mesure mensuelle d'engagement.,1,low,"{""absences_30j"": 1, ""overdue_tasks"": 4, ""mandatory_training_gap"": 1, ""active_projects"": 3}",2024-06-15T10:00:00+00:00
engagement-emp-4-13,emp-4,79,survey,stable,Mesure mensuelle d'engagement.,0,low,"{""absences_30j"": 2, ""overdue_tasks"": 1, ""mandatory_training_gap"": 0, ""active_projects"": 3}",2024-07-15T10:00:00+00:00
engagement-emp-4-14,emp-4,83,manager_review,watch,Mesure mensuelle d'engagement.,4,low,"{""absences_30j"": 0, ""overdue_tasks"": 4, ""mandatory_training_gap"": 1, ""active_projects"": 2}",2024-08-15T10:00:00+00:00
engagement-emp-4-15,emp-4,84,manager_review,boost,Mesure mensuelle d'engagement.,1,low,"{""absences_30j"": 0, ""overdue_tasks"": 1, ""mandatory_training_gap"": 1, ""active_projects"": 1}",2024-09-15T10:00:00+00:00
engagement-emp-4-16,emp-4,86,pulse,engaged,Mesure mensuelle d'engagement.,2,low,"{""absences_30j"": 0, ""overdue_tasks"": 4, ""mandatory_training_gap"": 0, ""active_projects"": 1}",2024-10-15T10:00:00+00:00
engagement-emp-4-17,emp-4,82,survey,stable,Mesure mensuelle d'engagement.,-4,low,"{""absences_30j"": 2, ""overdue_tasks"": 1, ""mandatory_training_gap"": 1, ""active_projects"": 3}",2024-11-15T10:00:00+00:00
engagement-emp-4-18,emp-4,84,survey,stable,Mesure mensuelle d'engagement.,2,low,"{""absences_30j"": 2, ""overdue_tasks"": 2, ""mandatory_training_gap"": 0, ""active_projects"": 3}",2024-12-15T10:00:00+00:00
engagement-emp-4-19,emp-4,87,manager_review,engaged,Mesure mensuelle d'engagement.,3,low,"{""absences_30j"": 1, ""overdue_tasks"": 1, ""mandatory_training_gap"": 1, ""active_projects"": 1}",2025-01-15T10:00:00+00:00
engagement-emp-4-20,emp-4,88,pulse,watch,Mesure mensuelle d'engagement.,1,low,"{""absences_30j"": 3, ""overdue_tasks"": 1, ""mandatory_training_gap"": 1, ""active_projects"": 1}",2025-02-15T10:00:00+00:00
engagement-emp-4-21,emp-4,89,manager_review,engaged,Mesure mensuelle d'engagement.,1,low,"{""absences_30j"": 2, ""overdue_tasks"": 2, ""mandatory_training_gap"": 0, ""active_projects"": 1}",2025-03-15T10:00:00+00:00
engagement-emp-4-22,emp-4,88,survey,stable,Mesure mensuelle d'engagement.,-1,low,"{""absences_30j"": 0, ""overdue_tasks"": 3, ""mandatory_training_gap"": 0, ""active_projects"": 2}",2025-04-15T10:00:00+00:00
engagement-emp-4-23,emp-4,91,manager_review,boost,Mesure mensuelle d'engagement.,3,low,"{""absences_30j"": 1, ""overdue_tasks"": 0, ""mandatory_training_gap"": 1, ""active_projects"": 2}",2025-05-15T10:00:00+00:00
engagement-emp-4-24,emp-4,87,manager_review,engaged,Mesure mensuelle d'engagement.,-4,low,"{""absences_30j"": 2, ""overdue_tasks"": 2, ""mandatory_training_gap"": 1, ""active_projects"": 1}",2025-06-15T10:00:00+00:00
engagement-emp-4-25,emp-4,87,manager_review,boost,Mesure mensuelle d'engagement.,0,low,"{""absences_30j"": 2, ""overdue_tasks"": 0, ""mandatory_training_gap"": 1, ""active_projects"": 2}",2025-07-15T10:00:00+00:00
engagement-emp-4-26,emp-4,89,pulse,engaged,Mesure mensuelle d'engagement.,2,low,"{""absences_30j"": 0, ""overdue_tasks"": 1, ""mandatory_training_gap"": 0, ""active_projects"": 2}",2025-08-15T10:00:00+00:00
engagement-emp-4-27,emp-4,90,manager_review,watch,Mesure mensuelle d'engagement.,1,low,"{""absences_30j"": 3, ""overdue_tasks"": 3, ""mandatory_training_gap"": 1, ""active_projects"": 2}",2025-09-15T10:00:00+00:00
engagement-emp-4-28,emp-4,86,pulse,watch,Mesure mensuelle d'engagement.,-4,low,"{""absences_30j"": 0, ""overdue_tasks"": 3, ""mandatory_training_gap"": 0, ""active_projects"": 2}",2025-10-15T10:00:00+00:00
engagement-emp-4-29,emp-4,87,survey,watch,Mesure mensuelle d'engagement.,1,low,"{""absences_30j"": 3, ""overdue_tasks"": 1, ""mandatory_training_gap"": 0, ""active_projects"": 2}",2025-11-15T10:00:00+00:00
engagement-emp-4-30,emp-4,85,survey,engaged,Mesure mensuelle d'engagement.,-2,low,"{""absences_30j"": 1, ""overdue_tasks"": 2, ""mandatory_training_gap"": 0, ""active_projects"": 3}",2025-12-15T10:00:00+00:00
engagement-emp-4-31,emp-4,86,pulse,watch,Mesure mensuelle d'engagement.,1,low,"{""absences_30j"": 0, ""overdue_tasks"": 2, ""mandatory_training_gap"": 1, ""active_projects"": 1}",2026-01-15T10:00:00+00:00
engagement-emp-4-32,emp-4,84,manager_review,boost,Mesure mensuelle d'engagement.,-2,low,"{""absences_30j"": 3, ""overdue_tasks"": 4, ""mandatory_training_gap"": 0, ""active_projects"": 3}",2026-02-15T10:00:00+00:00
engagement-emp-4-33,emp-4,87,survey,stable,Mesure mensuelle d'engagement.,3,low,"{""absences_30j"": 1, ""overdue_tasks"": 3, ""mandatory_training_gap"": 0, ""active_projects"": 1}",2026-03-15T10:00:00+00:00
engagement-emp-4-34,emp-4,90,pulse,boost,Mesure mensuelle d'engagement.,3,low,"{""absences_30j"": 1, ""overdue_tasks"": 2, ""mandatory_training_gap"": 1, ""active_projects"": 3}",2026-04-15T10:00:00+00:00
engagement-emp-4-35,emp-4,88,manager_review,watch,Mesure mensuelle d'engagement.,-2,low,"{""absences_30j"": 2, ""overdue_tasks"": 0, ""mandatory_training_gap"": 0, ""active_projects"": 2}",2026-05-15T10:00:00+00:00
engagement-emp-4-36,emp-4,92,survey,boost,Mesure mensuelle d'engagement.,4,low,"{""absences_30j"": 1, ""overdue_tasks"": 0, ""mandatory_training_gap"": 1, ""active_projects"": 1}",2026-06-15T10:00:00+00:00
engagement-emp-5-0,emp-5,85,manager_review,stable,Mesure mensuelle d'engagement.,0,low,"{""absences_30j"": 2, ""overdue_tasks"": 0, ""mandatory_training_gap"": 1, ""active_projects"": 2}",2023-06-15T10:00:00+00:00
engagement-emp-5-1,emp-5,89,manager_review,stable,Mesure mensuelle d'engagement.,4,low,"{""absences_30j"": 0, ""overdue_tasks"": 0, ""mandatory_training_gap"": 0, ""active_projects"": 3}",2023-07-15T10:00:00+00:00
engagement-emp-5-2,emp-5,87,manager_review,watch,Mesure mensuelle d'engagement.,-2,low,"{""absences_30j"": 2, ""overdue_tasks"": 0, ""mandatory_training_gap"": 1, ""active_projects"": 3}",2023-08-15T10:00:00+00:00
engagement-emp-5-3,emp-5,89,survey,watch,Mesure mensuelle d'engagement.,2,low,"{""absences_30j"": 0, ""overdue_tasks"": 2, ""mandatory_training_gap"": 1, ""active_projects"": 2}",2023-09-15T10:00:00+00:00
engagement-emp-5-4,emp-5,89,manager_review,engaged,Mesure mensuelle d'engagement.,0,low,"{""absences_30j"": 0, ""overdue_tasks"": 0, ""mandatory_training_gap"": 1, ""active_projects"": 2}",2023-10-15T10:00:00+00:00
engagement-emp-5-5,emp-5,90,survey,boost,Mesure mensuelle d'engagement.,1,low,"{""absences_30j"": 1, ""overdue_tasks"": 1, ""mandatory_training_gap"": 1, ""active_projects"": 1}",2023-11-15T10:00:00+00:00
engagement-emp-5-6,emp-5,91,survey,engaged,Mesure mensuelle d'engagement.,1,low,"{""absences_30j"": 0, ""overdue_tasks"": 3, ""mandatory_training_gap"": 1, ""active_projects"": 3}",2023-12-15T10:00:00+00:00
engagement-emp-5-7,emp-5,90,pulse,watch,Mesure mensuelle d'engagement.,-1,low,"{""absences_30j"": 2, ""overdue_tasks"": 2, ""mandatory_training_gap"": 0, ""active_projects"": 2}",2024-01-15T10:00:00+00:00
engagement-emp-5-8,emp-5,86,manager_review,boost,Mesure mensuelle d'engagement.,-4,low,"{""absences_30j"": 1, ""overdue_tasks"": 3, ""mandatory_training_gap"": 1, ""active_projects"": 3}",2024-02-15T10:00:00+00:00
engagement-emp-5-9,emp-5,86,pulse,boost,Mesure mensuelle d'engagement.,0,low,"{""absences_30j"": 2, ""overdue_tasks"": 4, ""mandatory_training_gap"": 0, ""active_projects"": 3}",2024-03-15T10:00:00+00:00
engagement-emp-5-10,emp-5,89,manager_review,boost,Mesure mensuelle d'engagement.,3,low,"{""absences_30j"": 3, ""overdue_tasks"": 1, ""mandatory_training_gap"": 1, ""active_projects"": 2}",2024-04-15T10:00:00+00:00
engagement-emp-5-11,emp-5,85,survey,stable,Mesure mensuelle d'engagement.,-4,low,"{""absences_30j"": 3, ""overdue_tasks"": 2, ""mandatory_training_gap"": 1, ""active_projects"": 1}",2024-05-15T10:00:00+00:00
engagement-emp-5-12,emp-5,87,pulse,watch,Mesure mensuelle d'engagement.,2,low,"{""absences_30j"": 1, ""overdue_tasks"": 2, ""mandatory_training_gap"": 1, ""active_projects"": 1}",2024-06-15T10:00:00+00:00
engagement-emp-5-13,emp-5,89,manager_review,boost,Mesure mensuelle d'engagement.,2,low,"{""absences_30j"": 2, ""overdue_tasks"": 4, ""mandatory_training_gap"": 1, ""active_projects"": 3}",2024-07-15T10:00:00+00:00
engagement-emp-5-14,emp-5,85,pulse,stable,Mesure mensuelle d'engagement.,-4,low,"{""absences_30j"": 2, ""overdue_tasks"": 0, ""mandatory_training_gap"": 1, ""active_projects"": 1}",2024-08-15T10:00:00+00:00
engagement-emp-5-15,emp-5,81,survey,stable,Mesure mensuelle d'engagement.,-4,low,"{""absences_30j"": 2, ""overdue_tasks"": 2, ""mandatory_training_gap"": 0, ""active_projects"": 1}",2024-09-15T10:00:00+00:00
engagement-emp-5-16,emp-5,85,manager_review,watch,Mesure mensuelle d'engagement.,4,low,"{""absences_30j"": 2, ""overdue_tasks"": 0, ""mandatory_training_gap"": 0, ""active_projects"": 3}",2024-10-15T10:00:00+00:00
engagement-emp-5-17,emp-5,89,pulse,stable,Mesure mensuelle d'engagement.,4,low,"{""absences_30j"": 0, ""overdue_tasks"": 0, ""mandatory_training_gap"": 1, ""active_projects"": 3}",2024-11-15T10:00:00+00:00
engagement-emp-5-18,emp-5,92,survey,engaged,Mesure mensuelle d'engagement.,3,low,"{""absences_30j"": 2, ""overdue_tasks"": 4, ""mandatory_training_gap"": 0, ""active_projects"": 1}",2024-12-15T10:00:00+00:00
engagement-emp-5-19,emp-5,88,survey,watch,Mesure mensuelle d'engagement.,-4,low,"{""absences_30j"": 0, ""overdue_tasks"": 4, ""mandatory_training_gap"": 0, ""active_projects"": 1}",2025-01-15T10:00:00+00:00
engagement-emp-5-20,emp-5,87,manager_review,stable,Mesure mensuelle d'engagement.,-1,low,"{""absences_30j"": 1, ""overdue_tasks"": 2, ""mandatory_training_gap"": 0, ""active_projects"": 2}",2025-02-15T10:00:00+00:00
engagement-emp-5-21,emp-5,84,survey,boost,Mesure mensuelle d'engagement.,-3,low,"{""absences_30j"": 1, ""overdue_tasks"": 2, ""mandatory_training_gap"": 1, ""active_projects"": 3}",2025-03-15T10:00:00+00:00
engagement-emp-5-22,emp-5,88,survey,watch,Mesure mensuelle d'engagement.,4,low,"{""absences_30j"": 1, ""overdue_tasks"": 0, ""mandatory_training_gap"": 0, ""active_projects"": 2}",2025-04-15T10:00:00+00:00
engagement-emp-5-23,emp-5,86,survey,engaged,Mesure mensuelle d'engagement.,-2,low,"{""absences_30j"": 1, ""overdue_tasks"": 2, ""mandatory_training_gap"": 0, ""active_projects"": 3}",2025-05-15T10:00:00+00:00
engagement-emp-5-24,emp-5,84,pulse,watch,Mesure mensuelle d'engagement.,-2,low,"{""absences_30j"": 0, ""overdue_tasks"": 1, ""mandatory_training_gap"": 1, ""active_projects"": 1}",2025-06-15T10:00:00+00:00
engagement-emp-5-25,emp-5,85,manager_review,stable,Mesure mensuelle d'engagement.,1,low,"{""absences_30j"": 3, ""overdue_tasks"": 3, ""mandatory_training_gap"": 0, ""active_projects"": 3}",2025-07-15T10:00:00+00:00
engagement-emp-5-26,emp-5,89,manager_review,watch,Mesure mensuelle d'engagement.,4,low,"{""absences_30j"": 1, ""overdue_tasks"": 3, ""mandatory_training_gap"": 1, ""active_projects"": 2}",2025-08-15T10:00:00+00:00
engagement-emp-5-27,emp-5,93,manager_review,watch,Mesure mensuelle d'engagement.,4,low,"{""absences_30j"": 0, ""overdue_tasks"": 4, ""mandatory_training_gap"": 1, ""active_projects"": 3}",2025-09-15T10:00:00+00:00
engagement-emp-5-28,emp-5,89,survey,boost,Mesure mensuelle d'engagement.,-4,low,"{""absences_30j"": 3, ""overdue_tasks"": 1, ""mandatory_training_gap"": 1, ""active_projects"": 2}",2025-10-15T10:00:00+00:00
engagement-emp-5-29,emp-5,93,survey,engaged,Mesure mensuelle d'engagement.,4,low,"{""absences_30j"": 0, ""overdue_tasks"": 3, ""mandatory_training_gap"": 0, ""active_projects"": 3}",2025-11-15T10:00:00+00:00
engagement-emp-5-30,emp-5,92,pulse,stable,Mesure mensuelle d'engagement.,-1,low,"{""absences_30j"": 0, ""overdue_tasks"": 1, ""mandatory_training_gap"": 1, ""active_projects"": 1}",2025-12-15T10:00:00+00:00
engagement-emp-5-31,emp-5,95,pulse,engaged,Mesure mensuelle d'engagement.,3,low,"{""absences_30j"": 1, ""overdue_tasks"": 0, ""mandatory_training_gap"": 0, ""active_projects"": 2}",2026-01-15T10:00:00+00:00
engagement-emp-5-32,emp-5,95,survey,engaged,Mesure mensuelle d'engagement.,0,low,"{""absences_30j"": 1, ""overdue_tasks"": 4, ""mandatory_training_gap"": 0, ""active_projects"": 3}",2026-02-15T10:00:00+00:00
engagement-emp-5-33,emp-5,94,manager_review,engaged,Mesure mensuelle d'engagement.,-1,low,"{""absences_30j"": 3, ""overdue_tasks"": 2, ""mandatory_training_gap"": 0, ""active_projects"": 3}",2026-03-15T10:00:00+00:00
engagement-emp-5-34,emp-5,91,pulse,watch,Mesure mensuelle d'engagement.,-3,low,"{""absences_30j"": 0, ""overdue_tasks"": 4, ""mandatory_training_gap"": 0, ""active_projects"": 1}",2026-04-15T10:00:00+00:00
engagement-emp-5-35,emp-5,91,manager_review,engaged,Mesure mensuelle d'engagement.,0,low,"{""absences_30j"": 1, ""overdue_tasks"": 4, ""mandatory_training_gap"": 0, ""active_projects"": 3}",2026-05-15T10:00:00+00:00
engagement-emp-5-36,emp-5,92,pulse,engaged,Mesure mensuelle d'engagement.,1,low,"{""absences_30j"": 3, ""overdue_tasks"": 1, ""mandatory_training_gap"": 0, ""active_projects"": 1}",2026-06-15T10:00:00+00:00
engagement-emp-6-0,emp-6,76,pulse,boost,Mesure mensuelle d'engagement.,2,low,"{""absences_30j"": 1, ""overdue_tasks"": 2, ""mandatory_training_gap"": 1, ""active_projects"": 3}",2023-07-15T10:00:00+00:00
engagement-emp-6-1,emp-6,80,survey,boost,Mesure mensuelle d'engagement.,4,low,"{""absences_30j"": 2, ""overdue_tasks"": 1, ""mandatory_training_gap"": 1, ""active_projects"": 1}",2023-08-15T10:00:00+00:00
engagement-emp-6-2,emp-6,79,survey,boost,Mesure mensuelle d'engagement.,-1,low,"{""absences_30j"": 1, ""overdue_tasks"": 2, ""mandatory_training_gap"": 1, ""active_projects"": 2}",2023-09-15T10:00:00+00:00
engagement-emp-6-3,emp-6,77,survey,stable,Mesure mensuelle d'engagement.,-2,low,"{""absences_30j"": 1, ""overdue_tasks"": 1, ""mandatory_training_gap"": 0, ""active_projects"": 2}",2023-10-15T10:00:00+00:00
engagement-emp-6-4,emp-6,76,manager_review,boost,Mesure mensuelle d'engagement.,-1,low,"{""absences_30j"": 3, ""overdue_tasks"": 2, ""mandatory_training_gap"": 1, ""active_projects"": 2}",2023-11-15T10:00:00+00:00
engagement-emp-6-5,emp-6,73,pulse,boost,Mesure mensuelle d'engagement.,-3,low,"{""absences_30j"": 3, ""overdue_tasks"": 1, ""mandatory_training_gap"": 0, ""active_projects"": 3}",2023-12-15T10:00:00+00:00
engagement-emp-6-6,emp-6,69,manager_review,engaged,Mesure mensuelle d'engagement.,-4,medium,"{""absences_30j"": 0, ""overdue_tasks"": 4, ""mandatory_training_gap"": 1, ""active_projects"": 3}",2024-01-15T10:00:00+00:00
engagement-emp-6-7,emp-6,73,survey,watch,Mesure mensuelle d'engagement.,4,low,"{""absences_30j"": 1, ""overdue_tasks"": 4, ""mandatory_training_gap"": 1, ""active_projects"": 1}",2024-02-15T10:00:00+00:00
engagement-emp-6-8,emp-6,75,pulse,engaged,Mesure mensuelle d'engagement.,2,low,"{""absences_30j"": 2, ""overdue_tasks"": 2, ""mandatory_training_gap"": 1, ""active_projects"": 1}",2024-03-15T10:00:00+00:00
engagement-emp-6-9,emp-6,71,manager_review,watch,Mesure mensuelle d'engagement.,-4,medium,"{""absences_30j"": 1, ""overdue_tasks"": 3, ""mandatory_training_gap"": 0, ""active_projects"": 3}",2024-04-15T10:00:00+00:00
engagement-emp-6-10,emp-6,68,pulse,engaged,Mesure mensuelle d'engagement.,-3,medium,"{""absences_30j"": 3, ""overdue_tasks"": 2, ""mandatory_training_gap"": 0, ""active_projects"": 2}",2024-05-15T10:00:00+00:00
engagement-emp-6-11,emp-6,68,pulse,engaged,Mesure mensuelle d'engagement.,0,medium,"{""absences_30j"": 1, ""overdue_tasks"": 2, ""mandatory_training_gap"": 1, ""active_projects"": 2}",2024-06-15T10:00:00+00:00
engagement-emp-6-12,emp-6,64,pulse,engaged,Mesure mensuelle d'engagement.,-4,medium,"{""absences_30j"": 3, ""overdue_tasks"": 4, ""mandatory_training_gap"": 0, ""active_projects"": 3}",2024-07-15T10:00:00+00:00
engagement-emp-6-13,emp-6,64,manager_review,engaged,Mesure mensuelle d'engagement.,0,medium,"{""absences_30j"": 3, ""overdue_tasks"": 3, ""mandatory_training_gap"": 0, ""active_projects"": 1}",2024-08-15T10:00:00+00:00
engagement-emp-6-14,emp-6,67,manager_review,watch,Mesure mensuelle d'engagement.,3,medium,"{""absences_30j"": 0, ""overdue_tasks"": 4, ""mandatory_training_gap"": 1, ""active_projects"": 1}",2024-09-15T10:00:00+00:00
engagement-emp-6-15,emp-6,71,manager_review,boost,Mesure mensuelle d'engagement.,4,medium,"{""absences_30j"": 2, ""overdue_tasks"": 4, ""mandatory_training_gap"": 0, ""active_projects"": 1}",2024-10-15T10:00:00+00:00
engagement-emp-6-16,emp-6,68,pulse,engaged,Mesure mensuelle d'engagement.,-3,medium,"{""absences_30j"": 0, ""overdue_tasks"": 2, ""mandatory_training_gap"": 1, ""active_projects"": 2}",2024-11-15T10:00:00+00:00
engagement-emp-6-17,emp-6,65,manager_review,engaged,Mesure mensuelle d'engagement.,-3,medium,"{""absences_30j"": 2, ""overdue_tasks"": 3, ""mandatory_training_gap"": 1, ""active_projects"": 2}",2024-12-15T10:00:00+00:00
engagement-emp-6-18,emp-6,66,manager_review,boost,Mesure mensuelle d'engagement.,1,medium,"{""absences_30j"": 1, ""overdue_tasks"": 3, ""mandatory_training_gap"": 1, ""active_projects"": 1}",2025-01-15T10:00:00+00:00
engagement-emp-6-19,emp-6,67,survey,stable,Mesure mensuelle d'engagement.,1,medium,"{""absences_30j"": 0, ""overdue_tasks"": 1, ""mandatory_training_gap"": 0, ""active_projects"": 2}",2025-02-15T10:00:00+00:00
engagement-emp-6-20,emp-6,64,manager_review,stable,Mesure mensuelle d'engagement.,-3,medium,"{""absences_30j"": 2, ""overdue_tasks"": 1, ""mandatory_training_gap"": 1, ""active_projects"": 2}",2025-03-15T10:00:00+00:00
engagement-emp-6-21,emp-6,68,pulse,watch,Mesure mensuelle d'engagement.,4,medium,"{""absences_30j"": 1, ""overdue_tasks"": 2, ""mandatory_training_gap"": 1, ""active_projects"": 2}",2025-04-15T10:00:00+00:00
engagement-emp-6-22,emp-6,72,pulse,boost,Mesure mensuelle d'engagement.,4,low,"{""absences_30j"": 3, ""overdue_tasks"": 0, ""mandatory_training_gap"": 1, ""active_projects"": 1}",2025-05-15T10:00:00+00:00
engagement-emp-6-23,emp-6,70,survey,watch,Mesure mensuelle d'engagement.,-2,medium,"{""absences_30j"": 2, ""overdue_tasks"": 2, ""mandatory_training_gap"": 1, ""active_projects"": 2}",2025-06-15T10:00:00+00:00
engagement-emp-6-24,emp-6,72,survey,stable,Mesure mensuelle d'engagement.,2,low,"{""absences_30j"": 3, ""overdue_tasks"": 0, ""mandatory_training_gap"": 1, ""active_projects"": 1}",2025-07-15T10:00:00+00:00
engagement-emp-6-25,emp-6,71,pulse,engaged,Mesure mensuelle d'engagement.,-1,medium,"{""absences_30j"": 0, ""overdue_tasks"": 4, ""mandatory_training_gap"": 0, ""active_projects"": 2}",2025-08-15T10:00:00+00:00
engagement-emp-6-26,emp-6,68,manager_review,watch,Mesure mensuelle d'engagement.,-3,medium,"{""absences_30j"": 0, ""overdue_tasks"": 0, ""mandatory_training_gap"": 0, ""active_projects"": 1}",2025-09-15T10:00:00+00:00
engagement-emp-6-27,emp-6,66,manager_review,watch,Mesure mensuelle d'engagement.,-2,medium,"{""absences_30j"": 1, ""overdue_tasks"": 4, ""mandatory_training_gap"": 0, ""active_projects"": 1}",2025-10-15T10:00:00+00:00
engagement-emp-6-28,emp-6,69,manager_review,boost,Mesure mensuelle d'engagement.,3,medium,"{""absences_30j"": 2, ""overdue_tasks"": 2, ""mandatory_training_gap"": 0, ""active_projects"": 1}",2025-11-15T10:00:00+00:00
engagement-emp-6-29,emp-6,73,survey,stable,Mesure mensuelle d'engagement.,4,low,"{""absences_30j"": 1, ""overdue_tasks"": 0, ""mandatory_training_gap"": 0, ""active_projects"": 3}",2025-12-15T10:00:00+00:00
engagement-emp-6-30,emp-6,75,manager_review,engaged,Mesure mensuelle d'engagement.,2,low,"{""absences_30j"": 2, ""overdue_tasks"": 4, ""mandatory_training_gap"": 0, ""active_projects"": 3}",2026-01-15T10:00:00+00:00
engagement-emp-6-31,emp-6,77,survey,stable,Mesure mensuelle d'engagement.,2,low,"{""absences_30j"": 0, ""overdue_tasks"": 3, ""mandatory_training_gap"": 1, ""active_projects"": 3}",2026-02-15T10:00:00+00:00
engagement-emp-6-32,emp-6,77,pulse,stable,Mesure mensuelle d'engagement.,0,low,"{""absences_30j"": 3, ""overdue_tasks"": 1, ""mandatory_training_gap"": 0, ""active_projects"": 1}",2026-03-15T10:00:00+00:00
engagement-emp-6-33,emp-6,75,manager_review,watch,Mesure mensuelle d'engagement.,-2,low,"{""absences_30j"": 1, ""overdue_tasks"": 1, ""mandatory_training_gap"": 0, ""active_projects"": 1}",2026-04-15T10:00:00+00:00
engagement-emp-6-34,emp-6,77,manager_review,engaged,Mesure mensuelle d'engagement.,2,low,"{""absences_30j"": 1, ""overdue_tasks"": 2, ""mandatory_training_gap"": 1, ""active_projects"": 2}",2026-05-15T10:00:00+00:00
engagement-emp-6-35,emp-6,73,pulse,engaged,Mesure mensuelle d'engagement.,-4,low,"{""absences_30j"": 2, ""overdue_tasks"": 0, ""mandatory_training_gap"": 1, ""active_projects"": 3}",2026-06-15T10:00:00+00:00
engagement-emp-7-0,emp-7,66,manager_review,boost,Mesure mensuelle d'engagement.,0,medium,"{""absences_30j"": 2, ""overdue_tasks"": 3, ""mandatory_training_gap"": 1, ""active_projects"": 3}",2023-12-15T10:00:00+00:00
engagement-emp-7-1,emp-7,67,manager_review,watch,Mesure mensuelle d'engagement.,1,medium,"{""absences_30j"": 2, ""overdue_tasks"": 3, ""mandatory_training_gap"": 0, ""active_projects"": 1}",2024-01-15T10:00:00+00:00
engagement-emp-7-2,emp-7,63,survey,stable,Mesure mensuelle d'engagement.,-4,medium,"{""absences_30j"": 3, ""overdue_tasks"": 3, ""mandatory_training_gap"": 0, ""active_projects"": 3}",2024-02-15T10:00:00+00:00
engagement-emp-7-3,emp-7,60,pulse,boost,Mesure mensuelle d'engagement.,-3,medium,"{""absences_30j"": 2, ""overdue_tasks"": 2, ""mandatory_training_gap"": 1, ""active_projects"": 3}",2024-03-15T10:00:00+00:00
engagement-emp-7-4,emp-7,63,survey,watch,Mesure mensuelle d'engagement.,3,medium,"{""absences_30j"": 0, ""overdue_tasks"": 0, ""mandatory_training_gap"": 0, ""active_projects"": 3}",2024-04-15T10:00:00+00:00
engagement-emp-7-5,emp-7,63,pulse,stable,Mesure mensuelle d'engagement.,0,medium,"{""absences_30j"": 0, ""overdue_tasks"": 0, ""mandatory_training_gap"": 1, ""active_projects"": 3}",2024-05-15T10:00:00+00:00
engagement-emp-7-6,emp-7,60,survey,stable,Mesure mensuelle d'engagement.,-3,medium,"{""absences_30j"": 0, ""overdue_tasks"": 1, ""mandatory_training_gap"": 1, ""active_projects"": 2}",2024-06-15T10:00:00+00:00
engagement-emp-7-7,emp-7,59,pulse,boost,Mesure mensuelle d'engagement.,-1,medium,"{""absences_30j"": 1, ""overdue_tasks"": 4, ""mandatory_training_gap"": 1, ""active_projects"": 3}",2024-07-15T10:00:00+00:00
engagement-emp-7-8,emp-7,61,survey,stable,Mesure mensuelle d'engagement.,2,medium,"{""absences_30j"": 2, ""overdue_tasks"": 4, ""mandatory_training_gap"": 0, ""active_projects"": 3}",2024-08-15T10:00:00+00:00
engagement-emp-7-9,emp-7,63,manager_review,engaged,Mesure mensuelle d'engagement.,2,medium,"{""absences_30j"": 1, ""overdue_tasks"": 2, ""mandatory_training_gap"": 1, ""active_projects"": 2}",2024-09-15T10:00:00+00:00
engagement-emp-7-10,emp-7,65,pulse,engaged,Mesure mensuelle d'engagement.,2,medium,"{""absences_30j"": 1, ""overdue_tasks"": 0, ""mandatory_training_gap"": 0, ""active_projects"": 2}",2024-10-15T10:00:00+00:00
engagement-emp-7-11,emp-7,66,pulse,boost,Mesure mensuelle d'engagement.,1,medium,"{""absences_30j"": 1, ""overdue_tasks"": 4, ""mandatory_training_gap"": 1, ""active_projects"": 2}",2024-11-15T10:00:00+00:00
engagement-emp-7-12,emp-7,70,manager_review,stable,Mesure mensuelle d'engagement.,4,medium,"{""absences_30j"": 1, ""overdue_tasks"": 1, ""mandatory_training_gap"": 1, ""active_projects"": 3}",2024-12-15T10:00:00+00:00
engagement-emp-7-13,emp-7,73,pulse,boost,Mesure mensuelle d'engagement.,3,low,"{""absences_30j"": 0, ""overdue_tasks"": 0, ""mandatory_training_gap"": 1, ""active_projects"": 1}",2025-01-15T10:00:00+00:00
engagement-emp-7-14,emp-7,75,manager_review,watch,Mesure mensuelle d'engagement.,2,low,"{""absences_30j"": 0, ""overdue_tasks"": 3, ""mandatory_training_gap"": 1, ""active_projects"": 1}",2025-02-15T10:00:00+00:00
engagement-emp-7-15,emp-7,73,manager_review,watch,Mesure mensuelle d'engagement.,-2,low,"{""absences_30j"": 2, ""overdue_tasks"": 0, ""mandatory_training_gap"": 0, ""active_projects"": 3}",2025-03-15T10:00:00+00:00
engagement-emp-7-16,emp-7,70,survey,engaged,Mesure mensuelle d'engagement.,-3,medium,"{""absences_30j"": 2, ""overdue_tasks"": 1, ""mandatory_training_gap"": 0, ""active_projects"": 3}",2025-04-15T10:00:00+00:00
engagement-emp-7-17,emp-7,67,manager_review,boost,Mesure mensuelle d'engagement.,-3,medium,"{""absences_30j"": 3, ""overdue_tasks"": 2, ""mandatory_training_gap"": 1, ""active_projects"": 2}",2025-05-15T10:00:00+00:00
engagement-emp-7-18,emp-7,65,survey,watch,Mesure mensuelle d'engagement.,-2,medium,"{""absences_30j"": 1, ""overdue_tasks"": 2, ""mandatory_training_gap"": 1, ""active_projects"": 1}",2025-06-15T10:00:00+00:00
engagement-emp-7-19,emp-7,69,manager_review,stable,Mesure mensuelle d'engagement.,4,medium,"{""absences_30j"": 2, ""overdue_tasks"": 1, ""mandatory_training_gap"": 1, ""active_projects"": 1}",2025-07-15T10:00:00+00:00
engagement-emp-7-20,emp-7,71,manager_review,engaged,Mesure mensuelle d'engagement.,2,medium,"{""absences_30j"": 0, ""overdue_tasks"": 1, ""mandatory_training_gap"": 1, ""active_projects"": 1}",2025-08-15T10:00:00+00:00
engagement-emp-7-21,emp-7,70,pulse,boost,Mesure mensuelle d'engagement.,-1,medium,"{""absences_30j"": 2, ""overdue_tasks"": 2, ""mandatory_training_gap"": 0, ""active_projects"": 1}",2025-09-15T10:00:00+00:00
engagement-emp-7-22,emp-7,73,survey,boost,Mesure mensuelle d'engagement.,3,low,"{""absences_30j"": 0, ""overdue_tasks"": 2, ""mandatory_training_gap"": 1, ""active_projects"": 1}",2025-10-15T10:00:00+00:00
engagement-emp-7-23,emp-7,76,manager_review,stable,Mesure mensuelle d'engagement.,3,low,"{""absences_30j"": 1, ""overdue_tasks"": 3, ""mandatory_training_gap"": 0, ""active_projects"": 3}",2025-11-15T10:00:00+00:00
engagement-emp-7-24,emp-7,75,pulse,engaged,Mesure mensuelle d'engagement.,-1,low,"{""absences_30j"": 0, ""overdue_tasks"": 0, ""mandatory_training_gap"": 0, ""active_projects"": 2}",2025-12-15T10:00:00+00:00
engagement-emp-7-25,emp-7,76,manager_review,stable,Mesure mensuelle d'engagement.,1,low,"{""absences_30j"": 3, ""overdue_tasks"": 2, ""mandatory_training_gap"": 1, ""active_projects"": 1}",2026-01-15T10:00:00+00:00
engagement-emp-7-26,emp-7,80,survey,engaged,Mesure mensuelle d'engagement.,4,low,"{""absences_30j"": 2, ""overdue_tasks"": 1, ""mandatory_training_gap"": 1, ""active_projects"": 1}",2026-02-15T10:00:00+00:00
engagement-emp-7-27,emp-7,78,survey,engaged,Mesure mensuelle d'engagement.,-2,low,"{""absences_30j"": 3, ""overdue_tasks"": 0, ""mandatory_training_gap"": 0, ""active_projects"": 2}",2026-03-15T10:00:00+00:00
engagement-emp-7-28,emp-7,76,pulse,watch,Mesure mensuelle d'engagement.,-2,low,"{""absences_30j"": 0, ""overdue_tasks"": 1, ""mandatory_training_gap"": 0, ""active_projects"": 3}",2026-04-15T10:00:00+00:00
engagement-emp-7-29,emp-7,80,pulse,boost,Mesure mensuelle d'engagement.,4,low,"{""absences_30j"": 3, ""overdue_tasks"": 4, ""mandatory_training_gap"": 0, ""active_projects"": 3}",2026-05-15T10:00:00+00:00
engagement-emp-7-30,emp-7,78,survey,watch,Mesure mensuelle d'engagement.,-2,low,"{""absences_30j"": 2, ""overdue_tasks"": 2, ""mandatory_training_gap"": 0, ""active_projects"": 2}",2026-06-15T10:00:00+00:00
engagement-emp-8-0,emp-8,67,pulse,boost,Mesure mensuelle d'engagement.,4,medium,"{""absences_30j"": 2, ""overdue_tasks"": 0, ""mandatory_training_gap"": 1, ""active_projects"": 1}",2026-01-15T10:00:00+00:00
engagement-emp-8-1,emp-8,69,pulse,boost,Mesure mensuelle d'engagement.,2,medium,"{""absences_30j"": 2, ""overdue_tasks"": 3, ""mandatory_training_gap"": 1, ""active_projects"": 1}",2026-02-15T10:00:00+00:00
engagement-emp-8-2,emp-8,73,survey,boost,Mesure mensuelle d'engagement.,4,low,"{""absences_30j"": 2, ""overdue_tasks"": 3, ""mandatory_training_gap"": 1, ""active_projects"": 2}",2026-03-15T10:00:00+00:00
engagement-emp-8-3,emp-8,70,pulse,engaged,Mesure mensuelle d'engagement.,-3,medium,"{""absences_30j"": 0, ""overdue_tasks"": 1, ""mandatory_training_gap"": 0, ""active_projects"": 3}",2026-04-15T10:00:00+00:00
engagement-emp-8-4,emp-8,72,manager_review,engaged,Mesure mensuelle d'engagement.,2,low,"{""absences_30j"": 0, ""overdue_tasks"": 4, ""mandatory_training_gap"": 1, ""active_projects"": 3}",2026-05-15T10:00:00+00:00
engagement-emp-8-5,emp-8,74,manager_review,boost,Mesure mensuelle d'engagement.,2,low,"{""absences_30j"": 0, ""overdue_tasks"": 3, ""mandatory_training_gap"": 0, ""active_projects"": 1}",2026-06-15T10:00:00+00:00
engagement-emp-9-0,emp-9,77,manager_review,engaged,Mesure mensuelle d'engagement.,2,low,"{""absences_30j"": 3, ""overdue_tasks"": 2, ""mandatory_training_gap"": 1, ""active_projects"": 3}",2023-06-15T10:00:00+00:00
engagement-emp-9-1,emp-9,77,survey,engaged,Mesure mensuelle d'engagement.,0,low,"{""absences_30j"": 0, ""overdue_tasks"": 4, ""mandatory_training_gap"": 0, ""active_projects"": 3}",2023-07-15T10:00:00+00:00
engagement-emp-9-2,emp-9,78,survey,boost,Mesure mensuelle d'engagement.,1,low,"{""absences_30j"": 1, ""overdue_tasks"": 3, ""mandatory_training_gap"": 0, ""active_projects"": 3}",2023-08-15T10:00:00+00:00
engagement-emp-9-3,emp-9,75,pulse,boost,Mesure mensuelle d'engagement.,-3,low,"{""absences_30j"": 2, ""overdue_tasks"": 0, ""mandatory_training_gap"": 0, ""active_projects"": 3}",2023-09-15T10:00:00+00:00
engagement-emp-9-4,emp-9,71,pulse,watch,Mesure mensuelle d'engagement.,-4,medium,"{""absences_30j"": 3, ""overdue_tasks"": 0, ""mandatory_training_gap"": 1, ""active_projects"": 1}",2023-10-15T10:00:00+00:00
engagement-emp-9-5,emp-9,75,survey,watch,Mesure mensuelle d'engagement.,4,low,"{""absences_30j"": 1, ""overdue_tasks"": 0, ""mandatory_training_gap"": 1, ""active_projects"": 1}",2023-11-15T10:00:00+00:00
engagement-emp-9-6,emp-9,78,manager_review,boost,Mesure mensuelle d'engagement.,3,low,"{""absences_30j"": 1, ""overdue_tasks"": 1, ""mandatory_training_gap"": 1, ""active_projects"": 3}",2023-12-15T10:00:00+00:00
engagement-emp-9-7,emp-9,77,pulse,boost,Mesure mensuelle d'engagement.,-1,low,"{""absences_30j"": 3, ""overdue_tasks"": 1, ""mandatory_training_gap"": 0, ""active_projects"": 3}",2024-01-15T10:00:00+00:00
engagement-emp-9-8,emp-9,77,manager_review,watch,Mesure mensuelle d'engagement.,0,low,"{""absences_30j"": 3, ""overdue_tasks"": 0, ""mandatory_training_gap"": 1, ""active_projects"": 3}",2024-02-15T10:00:00+00:00
engagement-emp-9-9,emp-9,76,survey,stable,Mesure mensuelle d'engagement.,-1,low,"{""absences_30j"": 2, ""overdue_tasks"": 2, ""mandatory_training_gap"": 0, ""active_projects"": 2}",2024-03-15T10:00:00+00:00
engagement-emp-9-10,emp-9,78,survey,boost,Mesure mensuelle d'engagement.,2,low,"{""absences_30j"": 1, ""overdue_tasks"": 4, ""mandatory_training_gap"": 0, ""active_projects"": 3}",2024-04-15T10:00:00+00:00
engagement-emp-9-11,emp-9,80,pulse,engaged,Mesure mensuelle d'engagement.,2,low,"{""absences_30j"": 3, ""overdue_tasks"": 0, ""mandatory_training_gap"": 1, ""active_projects"": 1}",2024-05-15T10:00:00+00:00
engagement-emp-9-12,emp-9,83,survey,boost,Mesure mensuelle d'engagement.,3,low,"{""absences_30j"": 3, ""overdue_tasks"": 0, ""mandatory_training_gap"": 1, ""active_projects"": 2}",2024-06-15T10:00:00+00:00
engagement-emp-9-13,emp-9,80,pulse,boost,Mesure mensuelle d'engagement.,-3,low,"{""absences_30j"": 2, ""overdue_tasks"": 2, ""mandatory_training_gap"": 1, ""active_projects"": 2}",2024-07-15T10:00:00+00:00
engagement-emp-9-14,emp-9,78,survey,engaged,Mesure mensuelle d'engagement.,-2,low,"{""absences_30j"": 0, ""overdue_tasks"": 2, ""mandatory_training_gap"": 1, ""active_projects"": 1}",2024-08-15T10:00:00+00:00
engagement-emp-9-15,emp-9,79,pulse,engaged,Mesure mensuelle d'engagement.,1,low,"{""absences_30j"": 0, ""overdue_tasks"": 3, ""mandatory_training_gap"": 0, ""active_projects"": 1}",2024-09-15T10:00:00+00:00
engagement-emp-9-16,emp-9,75,survey,stable,Mesure mensuelle d'engagement.,-4,low,"{""absences_30j"": 1, ""overdue_tasks"": 4, ""mandatory_training_gap"": 1, ""active_projects"": 1}",2024-10-15T10:00:00+00:00
engagement-emp-9-17,emp-9,74,survey,stable,Mesure mensuelle d'engagement.,-1,low,"{""absences_30j"": 0, ""overdue_tasks"": 4, ""mandatory_training_gap"": 0, ""active_projects"": 2}",2024-11-15T10:00:00+00:00
engagement-emp-9-18,emp-9,75,manager_review,boost,Mesure mensuelle d'engagement.,1,low,"{""absences_30j"": 2, ""overdue_tasks"": 2, ""mandatory_training_gap"": 0, ""active_projects"": 2}",2024-12-15T10:00:00+00:00
engagement-emp-9-19,emp-9,75,survey,stable,Mesure mensuelle d'engagement.,0,low,"{""absences_30j"": 2, ""overdue_tasks"": 3, ""mandatory_training_gap"": 0, ""active_projects"": 3}",2025-01-15T10:00:00+00:00
engagement-emp-9-20,emp-9,75,manager_review,stable,Mesure mensuelle d'engagement.,0,low,"{""absences_30j"": 0, ""overdue_tasks"": 3, ""mandatory_training_gap"": 0, ""active_projects"": 3}",2025-02-15T10:00:00+00:00
engagement-emp-9-21,emp-9,77,pulse,engaged,Mesure mensuelle d'engagement.,2,low,"{""absences_30j"": 2, ""overdue_tasks"": 0, ""mandatory_training_gap"": 1, ""active_projects"": 1}",2025-03-15T10:00:00+00:00
engagement-emp-9-22,emp-9,74,survey,watch,Mesure mensuelle d'engagement.,-3,low,"{""absences_30j"": 2, ""overdue_tasks"": 1, ""mandatory_training_gap"": 1, ""active_projects"": 3}",2025-04-15T10:00:00+00:00
engagement-emp-9-23,emp-9,71,pulse,engaged,Mesure mensuelle d'engagement.,-3,medium,"{""absences_30j"": 2, ""overdue_tasks"": 3, ""mandatory_training_gap"": 1, ""active_projects"": 3}",2025-05-15T10:00:00+00:00
engagement-emp-9-24,emp-9,75,pulse,engaged,Mesure mensuelle d'engagement.,4,low,"{""absences_30j"": 0, ""overdue_tasks"": 4, ""mandatory_training_gap"": 1, ""active_projects"": 1}",2025-06-15T10:00:00+00:00
engagement-emp-9-25,emp-9,77,manager_review,stable,Mesure mensuelle d'engagement.,2,low,"{""absences_30j"": 0, ""overdue_tasks"": 4, ""mandatory_training_gap"": 0, ""active_projects"": 1}",2025-07-15T10:00:00+00:00
engagement-emp-9-26,emp-9,74,survey,boost,Mesure mensuelle d'engagement.,-3,low,"{""absences_30j"": 0, ""overdue_tasks"": 1, ""mandatory_training_gap"": 1, ""active_projects"": 1}",2025-08-15T10:00:00+00:00
engagement-emp-9-27,emp-9,75,manager_review,watch,Mesure mensuelle d'engagement.,1,low,"{""absences_30j"": 0, ""overdue_tasks"": 3, ""mandatory_training_gap"": 0, ""active_projects"": 1}",2025-09-15T10:00:00+00:00
engagement-emp-9-28,emp-9,76,manager_review,engaged,Mesure mensuelle d'engagement.,1,low,"{""absences_30j"": 1, ""overdue_tasks"": 1, ""mandatory_training_gap"": 0, ""active_projects"": 3}",2025-10-15T10:00:00+00:00
engagement-emp-9-29,emp-9,80,survey,engaged,Mesure mensuelle d'engagement.,4,low,"{""absences_30j"": 2, ""overdue_tasks"": 0, ""mandatory_training_gap"": 1, ""active_projects"": 1}",2025-11-15T10:00:00+00:00
engagement-emp-9-30,emp-9,83,manager_review,stable,Mesure mensuelle d'engagement.,3,low,"{""absences_30j"": 2, ""overdue_tasks"": 0, ""mandatory_training_gap"": 0, ""active_projects"": 2}",2025-12-15T10:00:00+00:00
engagement-emp-9-31,emp-9,83,manager_review,engaged,Mesure mensuelle d'engagement.,0,low,"{""absences_30j"": 0, ""overdue_tasks"": 1, ""mandatory_training_gap"": 0, ""active_projects"": 3}",2026-01-15T10:00:00+00:00
engagement-emp-9-32,emp-9,79,survey,engaged,Mesure mensuelle d'engagement.,-4,low,"{""absences_30j"": 3, ""overdue_tasks"": 3, ""mandatory_training_gap"": 1, ""active_projects"": 3}",2026-02-15T10:00:00+00:00
engagement-emp-9-33,emp-9,79,pulse,engaged,Mesure mensuelle d'engagement.,0,low,"{""absences_30j"": 0, ""overdue_tasks"": 3, ""mandatory_training_gap"": 1, ""active_projects"": 1}",2026-03-15T10:00:00+00:00
engagement-emp-9-34,emp-9,79,manager_review,watch,Mesure mensuelle d'engagement.,0,low,"{""absences_30j"": 1, ""overdue_tasks"": 3, ""mandatory_training_gap"": 0, ""active_projects"": 3}",2026-04-15T10:00:00+00:00
engagement-emp-9-35,emp-9,78,pulse,stable,Mesure mensuelle d'engagement.,-1,low,"{""absences_30j"": 2, ""overdue_tasks"": 4, ""mandatory_training_gap"": 0, ""active_projects"": 1}",2026-05-15T10:00:00+00:00
engagement-emp-9-36,emp-9,74,manager_review,watch,Mesure mensuelle d'engagement.,-4,low,"{""absences_30j"": 2, ""overdue_tasks"": 0, ""mandatory_training_gap"": 0, ""active_projects"": 3}",2026-06-15T10:00:00+00:00
engagement-emp-10-0,emp-10,70,manager_review,boost,Mesure mensuelle d'engagement.,-1,medium,"{""absences_30j"": 2, ""overdue_tasks"": 0, ""mandatory_training_gap"": 0, ""active_projects"": 3}",2023-06-15T10:00:00+00:00
engagement-emp-10-1,emp-10,69,manager_review,watch,Mesure mensuelle d'engagement.,-1,medium,"{""absences_30j"": 2, ""overdue_tasks"": 3, ""mandatory_training_gap"": 0, ""active_projects"": 2}",2023-07-15T10:00:00+00:00
engagement-emp-10-2,emp-10,67,survey,engaged,Mesure mensuelle d'engagement.,-2,medium,"{""absences_30j"": 2, ""overdue_tasks"": 2, ""mandatory_training_gap"": 1, ""active_projects"": 3}",2023-08-15T10:00:00+00:00
engagement-emp-10-3,emp-10,66,manager_review,engaged,Mesure mensuelle d'engagement.,-1,medium,"{""absences_30j"": 3, ""overdue_tasks"": 3, ""mandatory_training_gap"": 1, ""active_projects"": 2}",2023-09-15T10:00:00+00:00
engagement-emp-10-4,emp-10,63,survey,watch,Mesure mensuelle d'engagement.,-3,medium,"{""absences_30j"": 2, ""overdue_tasks"": 4, ""mandatory_training_gap"": 1, ""active_projects"": 3}",2023-10-15T10:00:00+00:00
engagement-emp-10-5,emp-10,62,manager_review,watch,Mesure mensuelle d'engagement.,-1,medium,"{""absences_30j"": 0, ""overdue_tasks"": 3, ""mandatory_training_gap"": 0, ""active_projects"": 3}",2023-11-15T10:00:00+00:00
engagement-emp-10-6,emp-10,62,manager_review,engaged,Mesure mensuelle d'engagement.,0,medium,"{""absences_30j"": 1, ""overdue_tasks"": 2, ""mandatory_training_gap"": 0, ""active_projects"": 3}",2023-12-15T10:00:00+00:00
engagement-emp-10-7,emp-10,62,manager_review,watch,Mesure mensuelle d'engagement.,0,medium,"{""absences_30j"": 0, ""overdue_tasks"": 4, ""mandatory_training_gap"": 0, ""active_projects"": 3}",2024-01-15T10:00:00+00:00
engagement-emp-10-8,emp-10,64,pulse,stable,Mesure mensuelle d'engagement.,2,medium,"{""absences_30j"": 1, ""overdue_tasks"": 4, ""mandatory_training_gap"": 0, ""active_projects"": 1}",2024-02-15T10:00:00+00:00
engagement-emp-10-9,emp-10,64,pulse,boost,Mesure mensuelle d'engagement.,0,medium,"{""absences_30j"": 2, ""overdue_tasks"": 3, ""mandatory_training_gap"": 0, ""active_projects"": 3}",2024-03-15T10:00:00+00:00
engagement-emp-10-10,emp-10,66,pulse,stable,Mesure mensuelle d'engagement.,2,medium,"{""absences_30j"": 3, ""overdue_tasks"": 4, ""mandatory_training_gap"": 0, ""active_projects"": 1}",2024-04-15T10:00:00+00:00
engagement-emp-10-11,emp-10,64,manager_review,stable,Mesure mensuelle d'engagement.,-2,medium,"{""absences_30j"": 2, ""overdue_tasks"": 1, ""mandatory_training_gap"": 0, ""active_projects"": 2}",2024-05-15T10:00:00+00:00
engagement-emp-10-12,emp-10,60,manager_review,engaged,Mesure mensuelle d'engagement.,-4,medium,"{""absences_30j"": 1, ""overdue_tasks"": 1, ""mandatory_training_gap"": 0, ""active_projects"": 3}",2024-06-15T10:00:00+00:00
engagement-emp-10-13,emp-10,56,survey,watch,Mesure mensuelle d'engagement.,-4,medium,"{""absences_30j"": 3, ""overdue_tasks"": 2, ""mandatory_training_gap"": 1, ""active_projects"": 2}",2024-07-15T10:00:00+00:00
engagement-emp-10-14,emp-10,56,survey,watch,Mesure mensuelle d'engagement.,0,medium,"{""absences_30j"": 3, ""overdue_tasks"": 3, ""mandatory_training_gap"": 0, ""active_projects"": 3}",2024-08-15T10:00:00+00:00
engagement-emp-10-15,emp-10,57,pulse,stable,Mesure mensuelle d'engagement.,1,medium,"{""absences_30j"": 0, ""overdue_tasks"": 4, ""mandatory_training_gap"": 1, ""active_projects"": 2}",2024-09-15T10:00:00+00:00
engagement-emp-10-16,emp-10,54,manager_review,stable,Mesure mensuelle d'engagement.,-3,high,"{""absences_30j"": 3, ""overdue_tasks"": 1, ""mandatory_training_gap"": 0, ""active_projects"": 3}",2024-10-15T10:00:00+00:00
engagement-emp-10-17,emp-10,53,pulse,stable,Mesure mensuelle d'engagement.,-1,high,"{""absences_30j"": 3, ""overdue_tasks"": 0, ""mandatory_training_gap"": 0, ""active_projects"": 1}",2024-11-15T10:00:00+00:00
engagement-emp-10-18,emp-10,53,pulse,engaged,Mesure mensuelle d'engagement.,0,high,"{""absences_30j"": 0, ""overdue_tasks"": 2, ""mandatory_training_gap"": 1, ""active_projects"": 3}",2024-12-15T10:00:00+00:00
engagement-emp-10-19,emp-10,50,manager_review,engaged,Mesure mensuelle d'engagement.,-3,high,"{""absences_30j"": 3, ""overdue_tasks"": 3, ""mandatory_training_gap"": 0, ""active_projects"": 3}",2025-01-15T10:00:00+00:00
engagement-emp-10-20,emp-10,50,manager_review,watch,Mesure mensuelle d'engagement.,0,high,"{""absences_30j"": 3, ""overdue_tasks"": 0, ""mandatory_training_gap"": 0, ""active_projects"": 1}",2025-02-15T10:00:00+00:00
engagement-emp-10-21,emp-10,53,survey,watch,Mesure mensuelle d'engagement.,3,high,"{""absences_30j"": 1, ""overdue_tasks"": 2, ""mandatory_training_gap"": 0, ""active_projects"": 3}",2025-03-15T10:00:00+00:00
engagement-emp-10-22,emp-10,52,pulse,watch,Mesure mensuelle d'engagement.,-1,high,"{""absences_30j"": 1, ""overdue_tasks"": 3, ""mandatory_training_gap"": 0, ""active_projects"": 2}",2025-04-15T10:00:00+00:00
engagement-emp-10-23,emp-10,51,pulse,stable,Mesure mensuelle d'engagement.,-1,high,"{""absences_30j"": 0, ""overdue_tasks"": 2, ""mandatory_training_gap"": 0, ""active_projects"": 1}",2025-05-15T10:00:00+00:00
engagement-emp-10-24,emp-10,48,pulse,stable,Mesure mensuelle d'engagement.,-3,high,"{""absences_30j"": 0, ""overdue_tasks"": 2, ""mandatory_training_gap"": 0, ""active_projects"": 1}",2025-06-15T10:00:00+00:00
engagement-emp-10-25,emp-10,47,manager_review,watch,Mesure mensuelle d'engagement.,-1,high,"{""absences_30j"": 0, ""overdue_tasks"": 1, ""mandatory_training_gap"": 1, ""active_projects"": 1}",2025-07-15T10:00:00+00:00
engagement-emp-10-26,emp-10,48,manager_review,watch,Mesure mensuelle d'engagement.,1,high,"{""absences_30j"": 0, ""overdue_tasks"": 0, ""mandatory_training_gap"": 0, ""active_projects"": 3}",2025-08-15T10:00:00+00:00
engagement-emp-10-27,emp-10,49,pulse,stable,Mesure mensuelle d'engagement.,1,high,"{""absences_30j"": 1, ""overdue_tasks"": 0, ""mandatory_training_gap"": 1, ""active_projects"": 2}",2025-09-15T10:00:00+00:00
engagement-emp-10-28,emp-10,50,manager_review,watch,Mesure mensuelle d'engagement.,1,high,"{""absences_30j"": 3, ""overdue_tasks"": 3, ""mandatory_training_gap"": 1, ""active_projects"": 2}",2025-10-15T10:00:00+00:00
engagement-emp-10-29,emp-10,51,pulse,stable,Mesure mensuelle d'engagement.,1,high,"{""absences_30j"": 1, ""overdue_tasks"": 4, ""mandatory_training_gap"": 1, ""active_projects"": 2}",2025-11-15T10:00:00+00:00
engagement-emp-10-30,emp-10,52,pulse,boost,Mesure mensuelle d'engagement.,1,high,"{""absences_30j"": 1, ""overdue_tasks"": 4, ""mandatory_training_gap"": 0, ""active_projects"": 1}",2025-12-15T10:00:00+00:00
engagement-emp-10-31,emp-10,53,survey,watch,Mesure mensuelle d'engagement.,1,high,"{""absences_30j"": 0, ""overdue_tasks"": 1, ""mandatory_training_gap"": 0, ""active_projects"": 1}",2026-01-15T10:00:00+00:00
engagement-emp-10-32,emp-10,54,manager_review,stable,Mesure mensuelle d'engagement.,1,high,"{""absences_30j"": 1, ""overdue_tasks"": 0, ""mandatory_training_gap"": 0, ""active_projects"": 3}",2026-02-15T10:00:00+00:00
engagement-emp-10-33,emp-10,54,manager_review,boost,Mesure mensuelle d'engagement.,0,high,"{""absences_30j"": 3, ""overdue_tasks"": 3, ""mandatory_training_gap"": 1, ""active_projects"": 3}",2026-03-15T10:00:00+00:00
engagement-emp-10-34,emp-10,53,manager_review,boost,Mesure mensuelle d'engagement.,-1,high,"{""absences_30j"": 0, ""overdue_tasks"": 2, ""mandatory_training_gap"": 1, ""active_projects"": 3}",2026-04-15T10:00:00+00:00
engagement-emp-10-35,emp-10,53,manager_review,boost,Mesure mensuelle d'engagement.,0,high,"{""absences_30j"": 1, ""overdue_tasks"": 4, ""mandatory_training_gap"": 1, ""active_projects"": 1}",2026-05-15T10:00:00+00:00
engagement-emp-10-36,emp-10,52,pulse,engaged,Mesure mensuelle d'engagement.,-1,high,"{""absences_30j"": 1, ""overdue_tasks"": 3, ""mandatory_training_gap"": 0, ""active_projects"": 1}",2026-06-15T10:00:00+00:00
engagement-emp-11-0,emp-11,84,pulse,watch,Mesure mensuelle d'engagement.,-3,low,"{""absences_30j"": 0, ""overdue_tasks"": 4, ""mandatory_training_gap"": 1, ""active_projects"": 2}",2025-03-15T10:00:00+00:00
engagement-emp-11-1,emp-11,83,manager_review,watch,Mesure mensuelle d'engagement.,-1,low,"{""absences_30j"": 1, ""overdue_tasks"": 0, ""mandatory_training_gap"": 1, ""active_projects"": 3}",2025-04-15T10:00:00+00:00
engagement-emp-11-2,emp-11,80,survey,boost,Mesure mensuelle d'engagement.,-3,low,"{""absences_30j"": 1, ""overdue_tasks"": 1, ""mandatory_training_gap"": 1, ""active_projects"": 3}",2025-05-15T10:00:00+00:00
engagement-emp-11-3,emp-11,81,pulse,boost,Mesure mensuelle d'engagement.,1,low,"{""absences_30j"": 3, ""overdue_tasks"": 2, ""mandatory_training_gap"": 0, ""active_projects"": 1}",2025-06-15T10:00:00+00:00
engagement-emp-11-4,emp-11,83,pulse,stable,Mesure mensuelle d'engagement.,2,low,"{""absences_30j"": 2, ""overdue_tasks"": 4, ""mandatory_training_gap"": 0, ""active_projects"": 3}",2025-07-15T10:00:00+00:00
engagement-emp-11-5,emp-11,80,manager_review,boost,Mesure mensuelle d'engagement.,-3,low,"{""absences_30j"": 1, ""overdue_tasks"": 1, ""mandatory_training_gap"": 0, ""active_projects"": 2}",2025-08-15T10:00:00+00:00
engagement-emp-11-6,emp-11,77,pulse,watch,Mesure mensuelle d'engagement.,-3,low,"{""absences_30j"": 0, ""overdue_tasks"": 3, ""mandatory_training_gap"": 0, ""active_projects"": 2}",2025-09-15T10:00:00+00:00
engagement-emp-11-7,emp-11,74,survey,watch,Mesure mensuelle d'engagement.,-3,low,"{""absences_30j"": 1, ""overdue_tasks"": 2, ""mandatory_training_gap"": 0, ""active_projects"": 3}",2025-10-15T10:00:00+00:00
engagement-emp-11-8,emp-11,78,survey,watch,Mesure mensuelle d'engagement.,4,low,"{""absences_30j"": 1, ""overdue_tasks"": 1, ""mandatory_training_gap"": 0, ""active_projects"": 1}",2025-11-15T10:00:00+00:00
engagement-emp-11-9,emp-11,79,pulse,boost,Mesure mensuelle d'engagement.,1,low,"{""absences_30j"": 2, ""overdue_tasks"": 0, ""mandatory_training_gap"": 0, ""active_projects"": 1}",2025-12-15T10:00:00+00:00
engagement-emp-11-10,emp-11,78,manager_review,stable,Mesure mensuelle d'engagement.,-1,low,"{""absences_30j"": 1, ""overdue_tasks"": 3, ""mandatory_training_gap"": 0, ""active_projects"": 1}",2026-01-15T10:00:00+00:00
engagement-emp-11-11,emp-11,80,survey,engaged,Mesure mensuelle d'engagement.,2,low,"{""absences_30j"": 0, ""overdue_tasks"": 3, ""mandatory_training_gap"": 0, ""active_projects"": 2}",2026-02-15T10:00:00+00:00
engagement-emp-11-12,emp-11,82,survey,watch,Mesure mensuelle d'engagement.,2,low,"{""absences_30j"": 2, ""overdue_tasks"": 1, ""mandatory_training_gap"": 0, ""active_projects"": 2}",2026-03-15T10:00:00+00:00
engagement-emp-11-13,emp-11,85,survey,boost,Mesure mensuelle d'engagement.,3,low,"{""absences_30j"": 3, ""overdue_tasks"": 0, ""mandatory_training_gap"": 1, ""active_projects"": 1}",2026-04-15T10:00:00+00:00
engagement-emp-11-14,emp-11,89,pulse,engaged,Mesure mensuelle d'engagement.,4,low,"{""absences_30j"": 0, ""overdue_tasks"": 3, ""mandatory_training_gap"": 1, ""active_projects"": 2}",2026-05-15T10:00:00+00:00
engagement-emp-11-15,emp-11,87,survey,engaged,Mesure mensuelle d'engagement.,-2,low,"{""absences_30j"": 0, ""overdue_tasks"": 0, ""mandatory_training_gap"": 0, ""active_projects"": 2}",2026-06-15T10:00:00+00:00
engagement-emp-12-0,emp-12,69,pulse,watch,Mesure mensuelle d'engagement.,-3,medium,"{""absences_30j"": 3, ""overdue_tasks"": 1, ""mandatory_training_gap"": 0, ""active_projects"": 3}",2024-05-15T10:00:00+00:00
engagement-emp-12-1,emp-12,69,pulse,watch,Mesure mensuelle d'engagement.,0,medium,"{""absences_30j"": 1, ""overdue_tasks"": 0, ""mandatory_training_gap"": 0, ""active_projects"": 3}",2024-06-15T10:00:00+00:00
engagement-emp-12-2,emp-12,68,survey,engaged,Mesure mensuelle d'engagement.,-1,medium,"{""absences_30j"": 3, ""overdue_tasks"": 1, ""mandatory_training_gap"": 0, ""active_projects"": 1}",2024-07-15T10:00:00+00:00
engagement-emp-12-3,emp-12,72,survey,watch,Mesure mensuelle d'engagement.,4,low,"{""absences_30j"": 0, ""overdue_tasks"": 4, ""mandatory_training_gap"": 1, ""active_projects"": 2}",2024-08-15T10:00:00+00:00
engagement-emp-12-4,emp-12,75,manager_review,engaged,Mesure mensuelle d'engagement.,3,low,"{""absences_30j"": 0, ""overdue_tasks"": 4, ""mandatory_training_gap"": 1, ""active_projects"": 2}",2024-09-15T10:00:00+00:00
engagement-emp-12-5,emp-12,74,pulse,watch,Mesure mensuelle d'engagement.,-1,low,"{""absences_30j"": 0, ""overdue_tasks"": 0, ""mandatory_training_gap"": 0, ""active_projects"": 3}",2024-10-15T10:00:00+00:00
engagement-emp-12-6,emp-12,74,manager_review,stable,Mesure mensuelle d'engagement.,0,low,"{""absences_30j"": 0, ""overdue_tasks"": 4, ""mandatory_training_gap"": 0, ""active_projects"": 3}",2024-11-15T10:00:00+00:00
engagement-emp-12-7,emp-12,73,manager_review,watch,Mesure mensuelle d'engagement.,-1,low,"{""absences_30j"": 2, ""overdue_tasks"": 3, ""mandatory_training_gap"": 0, ""active_projects"": 1}",2024-12-15T10:00:00+00:00
engagement-emp-12-8,emp-12,75,survey,watch,Mesure mensuelle d'engagement.,2,low,"{""absences_30j"": 1, ""overdue_tasks"": 3, ""mandatory_training_gap"": 1, ""active_projects"": 2}",2025-01-15T10:00:00+00:00
engagement-emp-12-9,emp-12,76,survey,watch,Mesure mensuelle d'engagement.,1,low,"{""absences_30j"": 2, ""overdue_tasks"": 4, ""mandatory_training_gap"": 1, ""active_projects"": 3}",2025-02-15T10:00:00+00:00
engagement-emp-12-10,emp-12,78,survey,boost,Mesure mensuelle d'engagement.,2,low,"{""absences_30j"": 0, ""overdue_tasks"": 2, ""mandatory_training_gap"": 0, ""active_projects"": 1}",2025-03-15T10:00:00+00:00
engagement-emp-12-11,emp-12,75,manager_review,stable,Mesure mensuelle d'engagement.,-3,low,"{""absences_30j"": 3, ""overdue_tasks"": 4, ""mandatory_training_gap"": 0, ""active_projects"": 2}",2025-04-15T10:00:00+00:00
engagement-emp-12-12,emp-12,75,manager_review,watch,Mesure mensuelle d'engagement.,0,low,"{""absences_30j"": 1, ""overdue_tasks"": 4, ""mandatory_training_gap"": 0, ""active_projects"": 1}",2025-05-15T10:00:00+00:00
engagement-emp-12-13,emp-12,79,manager_review,engaged,Mesure mensuelle d'engagement.,4,low,"{""absences_30j"": 0, ""overdue_tasks"": 2, ""mandatory_training_gap"": 0, ""active_projects"": 3}",2025-06-15T10:00:00+00:00
engagement-emp-12-14,emp-12,75,pulse,stable,Mesure mensuelle d'engagement.,-4,low,"{""absences_30j"": 2, ""overdue_tasks"": 3, ""mandatory_training_gap"": 1, ""active_projects"": 1}",2025-07-15T10:00:00+00:00
engagement-emp-12-15,emp-12,71,survey,boost,Mesure mensuelle d'engagement.,-4,medium,"{""absences_30j"": 2, ""overdue_tasks"": 3, ""mandatory_training_gap"": 0, ""active_projects"": 1}",2025-08-15T10:00:00+00:00
engagement-emp-12-16,emp-12,75,manager_review,watch,Mesure mensuelle d'engagement.,4,low,"{""absences_30j"": 2, ""overdue_tasks"": 0, ""mandatory_training_gap"": 1, ""active_projects"": 3}",2025-09-15T10:00:00+00:00
engagement-emp-12-17,emp-12,77,survey,watch,Mesure mensuelle d'engagement.,2,low,"{""absences_30j"": 2, ""overdue_tasks"": 0, ""mandatory_training_gap"": 0, ""active_projects"": 2}",2025-10-15T10:00:00+00:00
engagement-emp-12-18,emp-12,77,pulse,boost,Mesure mensuelle d'engagement.,0,low,"{""absences_30j"": 0, ""overdue_tasks"": 4, ""mandatory_training_gap"": 0, ""active_projects"": 3}",2025-11-15T10:00:00+00:00
engagement-emp-12-19,emp-12,76,pulse,engaged,Mesure mensuelle d'engagement.,-1,low,"{""absences_30j"": 0, ""overdue_tasks"": 2, ""mandatory_training_gap"": 1, ""active_projects"": 3}",2025-12-15T10:00:00+00:00
engagement-emp-12-20,emp-12,72,survey,engaged,Mesure mensuelle d'engagement.,-4,low,"{""absences_30j"": 1, ""overdue_tasks"": 2, ""mandatory_training_gap"": 0, ""active_projects"": 2}",2026-01-15T10:00:00+00:00
engagement-emp-12-21,emp-12,73,pulse,engaged,Mesure mensuelle d'engagement.,1,low,"{""absences_30j"": 1, ""overdue_tasks"": 3, ""mandatory_training_gap"": 0, ""active_projects"": 3}",2026-02-15T10:00:00+00:00
engagement-emp-12-22,emp-12,71,pulse,watch,Mesure mensuelle d'engagement.,-2,medium,"{""absences_30j"": 0, ""overdue_tasks"": 4, ""mandatory_training_gap"": 1, ""active_projects"": 3}",2026-03-15T10:00:00+00:00
engagement-emp-12-23,emp-12,69,pulse,watch,Mesure mensuelle d'engagement.,-2,medium,"{""absences_30j"": 2, ""overdue_tasks"": 2, ""mandatory_training_gap"": 1, ""active_projects"": 3}",2026-04-15T10:00:00+00:00
engagement-emp-12-24,emp-12,72,survey,boost,Mesure mensuelle d'engagement.,3,low,"{""absences_30j"": 1, ""overdue_tasks"": 2, ""mandatory_training_gap"": 0, ""active_projects"": 2}",2026-05-15T10:00:00+00:00
engagement-emp-12-25,emp-12,75,manager_review,boost,Mesure mensuelle d'engagement.,3,low,"{""absences_30j"": 2, ""overdue_tasks"": 3, ""mandatory_training_gap"": 1, ""active_projects"": 3}",2026-06-15T10:00:00+00:00
engagement-emp-13-0,emp-13,71,pulse,watch,Mesure mensuelle d'engagement.,-2,medium,"{""absences_30j"": 0, ""overdue_tasks"": 3, ""mandatory_training_gap"": 0, ""active_projects"": 1}",2025-04-15T10:00:00+00:00
engagement-emp-13-1,emp-13,67,pulse,stable,Mesure mensuelle d'engagement.,-4,medium,"{""absences_30j"": 0, ""overdue_tasks"": 2, ""mandatory_training_gap"": 1, ""active_projects"": 1}",2025-05-15T10:00:00+00:00
engagement-emp-13-2,emp-13,65,survey,engaged,Mesure mensuelle d'engagement.,-2,medium,"{""absences_30j"": 0, ""overdue_tasks"": 4, ""mandatory_training_gap"": 1, ""active_projects"": 2}",2025-06-15T10:00:00+00:00
engagement-emp-13-3,emp-13,67,manager_review,engaged,Mesure mensuelle d'engagement.,2,medium,"{""absences_30j"": 2, ""overdue_tasks"": 2, ""mandatory_training_gap"": 1, ""active_projects"": 1}",2025-07-15T10:00:00+00:00
engagement-emp-13-4,emp-13,64,pulse,watch,Mesure mensuelle d'engagement.,-3,medium,"{""absences_30j"": 1, ""overdue_tasks"": 1, ""mandatory_training_gap"": 0, ""active_projects"": 1}",2025-08-15T10:00:00+00:00
engagement-emp-13-5,emp-13,68,survey,stable,Mesure mensuelle d'engagement.,4,medium,"{""absences_30j"": 3, ""overdue_tasks"": 3, ""mandatory_training_gap"": 1, ""active_projects"": 2}",2025-09-15T10:00:00+00:00
engagement-emp-13-6,emp-13,71,manager_review,watch,Mesure mensuelle d'engagement.,3,medium,"{""absences_30j"": 3, ""overdue_tasks"": 4, ""mandatory_training_gap"": 0, ""active_projects"": 1}",2025-10-15T10:00:00+00:00
engagement-emp-13-7,emp-13,70,pulse,stable,Mesure mensuelle d'engagement.,-1,medium,"{""absences_30j"": 0, ""overdue_tasks"": 3, ""mandatory_training_gap"": 0, ""active_projects"": 1}",2025-11-15T10:00:00+00:00
engagement-emp-13-8,emp-13,73,manager_review,stable,Mesure mensuelle d'engagement.,3,low,"{""absences_30j"": 1, ""overdue_tasks"": 3, ""mandatory_training_gap"": 0, ""active_projects"": 3}",2025-12-15T10:00:00+00:00
engagement-emp-13-9,emp-13,71,pulse,stable,Mesure mensuelle d'engagement.,-2,medium,"{""absences_30j"": 2, ""overdue_tasks"": 3, ""mandatory_training_gap"": 0, ""active_projects"": 2}",2026-01-15T10:00:00+00:00
engagement-emp-13-10,emp-13,72,manager_review,watch,Mesure mensuelle d'engagement.,1,low,"{""absences_30j"": 3, ""overdue_tasks"": 3, ""mandatory_training_gap"": 0, ""active_projects"": 1}",2026-02-15T10:00:00+00:00
engagement-emp-13-11,emp-13,75,manager_review,boost,Mesure mensuelle d'engagement.,3,low,"{""absences_30j"": 0, ""overdue_tasks"": 1, ""mandatory_training_gap"": 0, ""active_projects"": 2}",2026-03-15T10:00:00+00:00
engagement-emp-13-12,emp-13,71,manager_review,watch,Mesure mensuelle d'engagement.,-4,medium,"{""absences_30j"": 2, ""overdue_tasks"": 4, ""mandatory_training_gap"": 1, ""active_projects"": 3}",2026-04-15T10:00:00+00:00
engagement-emp-13-13,emp-13,70,pulse,boost,Mesure mensuelle d'engagement.,-1,medium,"{""absences_30j"": 0, ""overdue_tasks"": 3, ""mandatory_training_gap"": 1, ""active_projects"": 3}",2026-05-15T10:00:00+00:00
engagement-emp-13-14,emp-13,68,pulse,engaged,Mesure mensuelle d'engagement.,-2,medium,"{""absences_30j"": 2, ""overdue_tasks"": 1, ""mandatory_training_gap"": 0, ""active_projects"": 1}",2026-06-15T10:00:00+00:00
engagement-emp-14-0,emp-14,85,pulse,watch,Mesure mensuelle d'engagement.,-2,low,"{""absences_30j"": 3, ""overdue_tasks"": 0, ""mandatory_training_gap"": 1, ""active_projects"": 2}",2023-08-15T10:00:00+00:00
engagement-emp-14-1,emp-14,84,manager_review,watch,Mesure mensuelle d'engagement.,-1,low,"{""absences_30j"": 2, ""overdue_tasks"": 0, ""mandatory_training_gap"": 1, ""active_projects"": 2}",2023-09-15T10:00:00+00:00
engagement-emp-14-2,emp-14,80,pulse,watch,Mesure mensuelle d'engagement.,-4,low,"{""absences_30j"": 3, ""overdue_tasks"": 2, ""mandatory_training_gap"": 0, ""active_projects"": 3}",2023-10-15T10:00:00+00:00
engagement-emp-14-3,emp-14,78,survey,watch,Mesure mensuelle d'engagement.,-2,low,"{""absences_30j"": 3, ""overdue_tasks"": 3, ""mandatory_training_gap"": 1, ""active_projects"": 2}",2023-11-15T10:00:00+00:00
engagement-emp-14-4,emp-14,74,survey,boost,Mesure mensuelle d'engagement.,-4,low,"{""absences_30j"": 0, ""overdue_tasks"": 0, ""mandatory_training_gap"": 1, ""active_projects"": 1}",2023-12-15T10:00:00+00:00
engagement-emp-14-5,emp-14,70,pulse,stable,Mesure mensuelle d'engagement.,-4,medium,"{""absences_30j"": 0, ""overdue_tasks"": 1, ""mandatory_training_gap"": 1, ""active_projects"": 3}",2024-01-15T10:00:00+00:00
engagement-emp-14-6,emp-14,71,manager_review,engaged,Mesure mensuelle d'engagement.,1,medium,"{""absences_30j"": 0, ""overdue_tasks"": 0, ""mandatory_training_gap"": 1, ""active_projects"": 2}",2024-02-15T10:00:00+00:00
engagement-emp-14-7,emp-14,73,survey,watch,Mesure mensuelle d'engagement.,2,low,"{""absences_30j"": 2, ""overdue_tasks"": 4, ""mandatory_training_gap"": 1, ""active_projects"": 2}",2024-03-15T10:00:00+00:00
engagement-emp-14-8,emp-14,69,survey,engaged,Mesure mensuelle d'engagement.,-4,medium,"{""absences_30j"": 1, ""overdue_tasks"": 2, ""mandatory_training_gap"": 1, ""active_projects"": 2}",2024-04-15T10:00:00+00:00
engagement-emp-14-9,emp-14,72,manager_review,boost,Mesure mensuelle d'engagement.,3,low,"{""absences_30j"": 1, ""overdue_tasks"": 2, ""mandatory_training_gap"": 1, ""active_projects"": 1}",2024-05-15T10:00:00+00:00
engagement-emp-14-10,emp-14,71,manager_review,engaged,Mesure mensuelle d'engagement.,-1,medium,"{""absences_30j"": 1, ""overdue_tasks"": 1, ""mandatory_training_gap"": 0, ""active_projects"": 2}",2024-06-15T10:00:00+00:00
engagement-emp-14-11,emp-14,68,survey,stable,Mesure mensuelle d'engagement.,-3,medium,"{""absences_30j"": 0, ""overdue_tasks"": 2, ""mandatory_training_gap"": 1, ""active_projects"": 2}",2024-07-15T10:00:00+00:00
engagement-emp-14-12,emp-14,64,manager_review,watch,Mesure mensuelle d'engagement.,-4,medium,"{""absences_30j"": 1, ""overdue_tasks"": 3, ""mandatory_training_gap"": 0, ""active_projects"": 2}",2024-08-15T10:00:00+00:00
engagement-emp-14-13,emp-14,67,survey,watch,Mesure mensuelle d'engagement.,3,medium,"{""absences_30j"": 0, ""overdue_tasks"": 2, ""mandatory_training_gap"": 1, ""active_projects"": 2}",2024-09-15T10:00:00+00:00
engagement-emp-14-14,emp-14,71,survey,watch,Mesure mensuelle d'engagement.,4,medium,"{""absences_30j"": 0, ""overdue_tasks"": 2, ""mandatory_training_gap"": 1, ""active_projects"": 2}",2024-10-15T10:00:00+00:00
engagement-emp-14-15,emp-14,71,pulse,stable,Mesure mensuelle d'engagement.,0,medium,"{""absences_30j"": 3, ""overdue_tasks"": 0, ""mandatory_training_gap"": 1, ""active_projects"": 3}",2024-11-15T10:00:00+00:00
engagement-emp-14-16,emp-14,68,pulse,stable,Mesure mensuelle d'engagement.,-3,medium,"{""absences_30j"": 2, ""overdue_tasks"": 0, ""mandatory_training_gap"": 1, ""active_projects"": 2}",2024-12-15T10:00:00+00:00
engagement-emp-14-17,emp-14,64,manager_review,boost,Mesure mensuelle d'engagement.,-4,medium,"{""absences_30j"": 2, ""overdue_tasks"": 4, ""mandatory_training_gap"": 0, ""active_projects"": 3}",2025-01-15T10:00:00+00:00
engagement-emp-14-18,emp-14,68,manager_review,watch,Mesure mensuelle d'engagement.,4,medium,"{""absences_30j"": 0, ""overdue_tasks"": 1, ""mandatory_training_gap"": 1, ""active_projects"": 3}",2025-02-15T10:00:00+00:00
engagement-emp-14-19,emp-14,72,manager_review,watch,Mesure mensuelle d'engagement.,4,low,"{""absences_30j"": 0, ""overdue_tasks"": 0, ""mandatory_training_gap"": 0, ""active_projects"": 3}",2025-03-15T10:00:00+00:00
engagement-emp-14-20,emp-14,72,manager_review,stable,Mesure mensuelle d'engagement.,0,low,"{""absences_30j"": 2, ""overdue_tasks"": 3, ""mandatory_training_gap"": 1, ""active_projects"": 2}",2025-04-15T10:00:00+00:00
engagement-emp-14-21,emp-14,76,pulse,engaged,Mesure mensuelle d'engagement.,4,low,"{""absences_30j"": 3, ""overdue_tasks"": 0, ""mandatory_training_gap"": 1, ""active_projects"": 1}",2025-05-15T10:00:00+00:00
engagement-emp-14-22,emp-14,80,survey,watch,Mesure mensuelle d'engagement.,4,low,"{""absences_30j"": 3, ""overdue_tasks"": 3, ""mandatory_training_gap"": 1, ""active_projects"": 3}",2025-06-15T10:00:00+00:00
engagement-emp-14-23,emp-14,82,pulse,stable,Mesure mensuelle d'engagement.,2,low,"{""absences_30j"": 1, ""overdue_tasks"": 0, ""mandatory_training_gap"": 0, ""active_projects"": 2}",2025-07-15T10:00:00+00:00
engagement-emp-14-24,emp-14,85,survey,engaged,Mesure mensuelle d'engagement.,3,low,"{""absences_30j"": 0, ""overdue_tasks"": 3, ""mandatory_training_gap"": 0, ""active_projects"": 3}",2025-08-15T10:00:00+00:00
engagement-emp-14-25,emp-14,87,manager_review,watch,Mesure mensuelle d'engagement.,2,low,"{""absences_30j"": 2, ""overdue_tasks"": 4, ""mandatory_training_gap"": 0, ""active_projects"": 2}",2025-09-15T10:00:00+00:00
engagement-emp-14-26,emp-14,87,manager_review,engaged,Mesure mensuelle d'engagement.,0,low,"{""absences_30j"": 2, ""overdue_tasks"": 4, ""mandatory_training_gap"": 1, ""active_projects"": 1}",2025-10-15T10:00:00+00:00
engagement-emp-14-27,emp-14,87,survey,stable,Mesure mensuelle d'engagement.,0,low,"{""absences_30j"": 1, ""overdue_tasks"": 0, ""mandatory_training_gap"": 0, ""active_projects"": 2}",2025-11-15T10:00:00+00:00
engagement-emp-14-28,emp-14,89,manager_review,watch,Mesure mensuelle d'engagement.,2,low,"{""absences_30j"": 3, ""overdue_tasks"": 1, ""mandatory_training_gap"": 0, ""active_projects"": 1}",2025-12-15T10:00:00+00:00
engagement-emp-14-29,emp-14,90,manager_review,watch,Mesure mensuelle d'engagement.,1,low,"{""absences_30j"": 2, ""overdue_tasks"": 2, ""mandatory_training_gap"": 0, ""active_projects"": 1}",2026-01-15T10:00:00+00:00
engagement-emp-14-30,emp-14,87,manager_review,watch,Mesure mensuelle d'engagement.,-3,low,"{""absences_30j"": 3, ""overdue_tasks"": 0, ""mandatory_training_gap"": 0, ""active_projects"": 3}",2026-02-15T10:00:00+00:00
engagement-emp-14-31,emp-14,84,survey,watch,Mesure mensuelle d'engagement.,-3,low,"{""absences_30j"": 1, ""overdue_tasks"": 2, ""mandatory_training_gap"": 1, ""active_projects"": 1}",2026-03-15T10:00:00+00:00
engagement-emp-14-32,emp-14,86,manager_review,engaged,Mesure mensuelle d'engagement.,2,low,"{""absences_30j"": 2, ""overdue_tasks"": 3, ""mandatory_training_gap"": 1, ""active_projects"": 3}",2026-04-15T10:00:00+00:00
engagement-emp-14-33,emp-14,82,pulse,engaged,Mesure mensuelle d'engagement.,-4,low,"{""absences_30j"": 0, ""overdue_tasks"": 0, ""mandatory_training_gap"": 1, ""active_projects"": 2}",2026-05-15T10:00:00+00:00
engagement-emp-14-34,emp-14,81,survey,boost,Mesure mensuelle d'engagement.,-1,low,"{""absences_30j"": 0, ""overdue_tasks"": 0, ""mandatory_training_gap"": 1, ""active_projects"": 3}",2026-06-15T10:00:00+00:00
engagement-emp-15-0,emp-15,55,pulse,boost,Mesure mensuelle d'engagement.,-4,medium,"{""absences_30j"": 1, ""overdue_tasks"": 2, ""mandatory_training_gap"": 0, ""active_projects"": 3}",2023-08-15T10:00:00+00:00
engagement-emp-15-1,emp-15,52,pulse,stable,Mesure mensuelle d'engagement.,-3,high,"{""absences_30j"": 1, ""overdue_tasks"": 4, ""mandatory_training_gap"": 1, ""active_projects"": 1}",2023-09-15T10:00:00+00:00
engagement-emp-15-2,emp-15,52,manager_review,watch,Mesure mensuelle d'engagement.,0,high,"{""absences_30j"": 2, ""overdue_tasks"": 0, ""mandatory_training_gap"": 1, ""active_projects"": 3}",2023-10-15T10:00:00+00:00
engagement-emp-15-3,emp-15,53,survey,stable,Mesure mensuelle d'engagement.,1,high,"{""absences_30j"": 3, ""overdue_tasks"": 3, ""mandatory_training_gap"": 0, ""active_projects"": 1}",2023-11-15T10:00:00+00:00
engagement-emp-15-4,emp-15,52,manager_review,stable,Mesure mensuelle d'engagement.,-1,high,"{""absences_30j"": 1, ""overdue_tasks"": 2, ""mandatory_training_gap"": 0, ""active_projects"": 3}",2023-12-15T10:00:00+00:00
engagement-emp-15-5,emp-15,50,pulse,boost,Mesure mensuelle d'engagement.,-2,high,"{""absences_30j"": 2, ""overdue_tasks"": 3, ""mandatory_training_gap"": 1, ""active_projects"": 1}",2024-01-15T10:00:00+00:00
engagement-emp-15-6,emp-15,47,manager_review,watch,Mesure mensuelle d'engagement.,-3,high,"{""absences_30j"": 3, ""overdue_tasks"": 3, ""mandatory_training_gap"": 0, ""active_projects"": 3}",2024-02-15T10:00:00+00:00
engagement-emp-15-7,emp-15,46,manager_review,boost,Mesure mensuelle d'engagement.,-1,high,"{""absences_30j"": 1, ""overdue_tasks"": 4, ""mandatory_training_gap"": 1, ""active_projects"": 3}",2024-03-15T10:00:00+00:00
engagement-emp-15-8,emp-15,47,pulse,watch,Mesure mensuelle d'engagement.,1,high,"{""absences_30j"": 2, ""overdue_tasks"": 2, ""mandatory_training_gap"": 1, ""active_projects"": 2}",2024-04-15T10:00:00+00:00
engagement-emp-15-9,emp-15,50,survey,watch,Mesure mensuelle d'engagement.,3,high,"{""absences_30j"": 3, ""overdue_tasks"": 1, ""mandatory_training_gap"": 0, ""active_projects"": 2}",2024-05-15T10:00:00+00:00
engagement-emp-15-10,emp-15,52,survey,engaged,Mesure mensuelle d'engagement.,2,high,"{""absences_30j"": 3, ""overdue_tasks"": 4, ""mandatory_training_gap"": 0, ""active_projects"": 1}",2024-06-15T10:00:00+00:00
engagement-emp-15-11,emp-15,49,pulse,stable,Mesure mensuelle d'engagement.,-3,high,"{""absences_30j"": 0, ""overdue_tasks"": 1, ""mandatory_training_gap"": 1, ""active_projects"": 3}",2024-07-15T10:00:00+00:00
engagement-emp-15-12,emp-15,50,manager_review,watch,Mesure mensuelle d'engagement.,1,high,"{""absences_30j"": 1, ""overdue_tasks"": 0, ""mandatory_training_gap"": 1, ""active_projects"": 3}",2024-08-15T10:00:00+00:00
engagement-emp-15-13,emp-15,49,survey,watch,Mesure mensuelle d'engagement.,-1,high,"{""absences_30j"": 2, ""overdue_tasks"": 3, ""mandatory_training_gap"": 1, ""active_projects"": 3}",2024-09-15T10:00:00+00:00
engagement-emp-15-14,emp-15,47,pulse,stable,Mesure mensuelle d'engagement.,-2,high,"{""absences_30j"": 3, ""overdue_tasks"": 4, ""mandatory_training_gap"": 0, ""active_projects"": 1}",2024-10-15T10:00:00+00:00
engagement-emp-15-15,emp-15,49,pulse,watch,Mesure mensuelle d'engagement.,2,high,"{""absences_30j"": 1, ""overdue_tasks"": 0, ""mandatory_training_gap"": 0, ""active_projects"": 1}",2024-11-15T10:00:00+00:00
engagement-emp-15-16,emp-15,46,pulse,watch,Mesure mensuelle d'engagement.,-3,high,"{""absences_30j"": 1, ""overdue_tasks"": 1, ""mandatory_training_gap"": 0, ""active_projects"": 2}",2024-12-15T10:00:00+00:00
engagement-emp-15-17,emp-15,46,survey,stable,Mesure mensuelle d'engagement.,0,high,"{""absences_30j"": 3, ""overdue_tasks"": 2, ""mandatory_training_gap"": 1, ""active_projects"": 1}",2025-01-15T10:00:00+00:00
engagement-emp-15-18,emp-15,46,pulse,engaged,Mesure mensuelle d'engagement.,0,high,"{""absences_30j"": 0, ""overdue_tasks"": 2, ""mandatory_training_gap"": 1, ""active_projects"": 1}",2025-02-15T10:00:00+00:00
engagement-emp-15-19,emp-15,44,pulse,boost,Mesure mensuelle d'engagement.,-2,high,"{""absences_30j"": 3, ""overdue_tasks"": 1, ""mandatory_training_gap"": 1, ""active_projects"": 3}",2025-03-15T10:00:00+00:00
engagement-emp-15-20,emp-15,42,manager_review,engaged,Mesure mensuelle d'engagement.,-2,high,"{""absences_30j"": 0, ""overdue_tasks"": 2, ""mandatory_training_gap"": 0, ""active_projects"": 2}",2025-04-15T10:00:00+00:00
engagement-emp-15-21,emp-15,45,survey,engaged,Mesure mensuelle d'engagement.,3,high,"{""absences_30j"": 0, ""overdue_tasks"": 1, ""mandatory_training_gap"": 1, ""active_projects"": 1}",2025-05-15T10:00:00+00:00
engagement-emp-15-22,emp-15,44,pulse,engaged,Mesure mensuelle d'engagement.,-1,high,"{""absences_30j"": 3, ""overdue_tasks"": 1, ""mandatory_training_gap"": 0, ""active_projects"": 1}",2025-06-15T10:00:00+00:00
engagement-emp-15-23,emp-15,43,pulse,stable,Mesure mensuelle d'engagement.,-1,high,"{""absences_30j"": 3, ""overdue_tasks"": 1, ""mandatory_training_gap"": 1, ""active_projects"": 3}",2025-07-15T10:00:00+00:00
engagement-emp-15-24,emp-15,43,survey,stable,Mesure mensuelle d'engagement.,0,high,"{""absences_30j"": 1, ""overdue_tasks"": 0, ""mandatory_training_gap"": 0, ""active_projects"": 3}",2025-08-15T10:00:00+00:00
engagement-emp-15-25,emp-15,40,pulse,engaged,Mesure mensuelle d'engagement.,-3,high,"{""absences_30j"": 3, ""overdue_tasks"": 4, ""mandatory_training_gap"": 1, ""active_projects"": 1}",2025-09-15T10:00:00+00:00
engagement-emp-15-26,emp-15,37,pulse,engaged,Mesure mensuelle d'engagement.,-3,high,"{""absences_30j"": 1, ""overdue_tasks"": 3, ""mandatory_training_gap"": 1, ""active_projects"": 3}",2025-10-15T10:00:00+00:00
engagement-emp-15-27,emp-15,37,manager_review,boost,Mesure mensuelle d'engagement.,0,high,"{""absences_30j"": 1, ""overdue_tasks"": 0, ""mandatory_training_gap"": 1, ""active_projects"": 1}",2025-11-15T10:00:00+00:00
engagement-emp-15-28,emp-15,34,pulse,boost,Mesure mensuelle d'engagement.,-3,high,"{""absences_30j"": 1, ""overdue_tasks"": 3, ""mandatory_training_gap"": 1, ""active_projects"": 2}",2025-12-15T10:00:00+00:00
engagement-emp-15-29,emp-15,37,survey,boost,Mesure mensuelle d'engagement.,3,high,"{""absences_30j"": 0, ""overdue_tasks"": 2, ""mandatory_training_gap"": 0, ""active_projects"": 1}",2026-01-15T10:00:00+00:00
engagement-emp-15-30,emp-15,41,survey,engaged,Mesure mensuelle d'engagement.,4,high,"{""absences_30j"": 0, ""overdue_tasks"": 0, ""mandatory_training_gap"": 0, ""active_projects"": 1}",2026-02-15T10:00:00+00:00
engagement-emp-15-31,emp-15,41,survey,watch,Mesure mensuelle d'engagement.,0,high,"{""absences_30j"": 3, ""overdue_tasks"": 0, ""mandatory_training_gap"": 0, ""active_projects"": 3}",2026-03-15T10:00:00+00:00
engagement-emp-15-32,emp-15,45,survey,boost,Mesure mensuelle d'engagement.,4,high,"{""absences_30j"": 1, ""overdue_tasks"": 1, ""mandatory_training_gap"": 1, ""active_projects"": 1}",2026-04-15T10:00:00+00:00
engagement-emp-15-33,emp-15,48,pulse,stable,Mesure mensuelle d'engagement.,3,high,"{""absences_30j"": 3, ""overdue_tasks"": 1, ""mandatory_training_gap"": 0, ""active_projects"": 1}",2026-05-15T10:00:00+00:00
engagement-emp-15-34,emp-15,47,pulse,boost,Mesure mensuelle d'engagement.,-1,high,"{""absences_30j"": 1, ""overdue_tasks"": 4, ""mandatory_training_gap"": 1, ""active_projects"": 3}",2026-06-15T10:00:00+00:00
engagement-emp-16-0,emp-16,71,survey,watch,Mesure mensuelle d'engagement.,1,medium,"{""absences_30j"": 2, ""overdue_tasks"": 0, ""mandatory_training_gap"": 0, ""active_projects"": 3}",2025-08-15T10:00:00+00:00
engagement-emp-16-1,emp-16,73,pulse,engaged,Mesure mensuelle d'engagement.,2,low,"{""absences_30j"": 3, ""overdue_tasks"": 4, ""mandatory_training_gap"": 1, ""active_projects"": 3}",2025-09-15T10:00:00+00:00
engagement-emp-16-2,emp-16,75,survey,watch,Mesure mensuelle d'engagement.,2,low,"{""absences_30j"": 1, ""overdue_tasks"": 1, ""mandatory_training_gap"": 0, ""active_projects"": 1}",2025-10-15T10:00:00+00:00
engagement-emp-16-3,emp-16,77,survey,watch,Mesure mensuelle d'engagement.,2,low,"{""absences_30j"": 1, ""overdue_tasks"": 3, ""mandatory_training_gap"": 0, ""active_projects"": 3}",2025-11-15T10:00:00+00:00
engagement-emp-16-4,emp-16,77,pulse,boost,Mesure mensuelle d'engagement.,0,low,"{""absences_30j"": 2, ""overdue_tasks"": 4, ""mandatory_training_gap"": 0, ""active_projects"": 1}",2025-12-15T10:00:00+00:00
engagement-emp-16-5,emp-16,74,manager_review,boost,Mesure mensuelle d'engagement.,-3,low,"{""absences_30j"": 3, ""overdue_tasks"": 0, ""mandatory_training_gap"": 1, ""active_projects"": 1}",2026-01-15T10:00:00+00:00
engagement-emp-16-6,emp-16,77,manager_review,boost,Mesure mensuelle d'engagement.,3,low,"{""absences_30j"": 0, ""overdue_tasks"": 1, ""mandatory_training_gap"": 1, ""active_projects"": 2}",2026-02-15T10:00:00+00:00
engagement-emp-16-7,emp-16,76,manager_review,boost,Mesure mensuelle d'engagement.,-1,low,"{""absences_30j"": 0, ""overdue_tasks"": 4, ""mandatory_training_gap"": 1, ""active_projects"": 3}",2026-03-15T10:00:00+00:00
engagement-emp-16-8,emp-16,73,survey,watch,Mesure mensuelle d'engagement.,-3,low,"{""absences_30j"": 0, ""overdue_tasks"": 2, ""mandatory_training_gap"": 1, ""active_projects"": 1}",2026-04-15T10:00:00+00:00
engagement-emp-16-9,emp-16,71,manager_review,engaged,Mesure mensuelle d'engagement.,-2,medium,"{""absences_30j"": 2, ""overdue_tasks"": 1, ""mandatory_training_gap"": 1, ""active_projects"": 1}",2026-05-15T10:00:00+00:00
engagement-emp-16-10,emp-16,69,manager_review,watch,Mesure mensuelle d'engagement.,-2,medium,"{""absences_30j"": 2, ""overdue_tasks"": 1, ""mandatory_training_gap"": 1, ""active_projects"": 2}",2026-06-15T10:00:00+00:00
engagement-emp-17-0,emp-17,71,pulse,engaged,Mesure mensuelle d'engagement.,-1,medium,"{""absences_30j"": 0, ""overdue_tasks"": 4, ""mandatory_training_gap"": 0, ""active_projects"": 2}",2023-06-15T10:00:00+00:00
engagement-emp-17-1,emp-17,75,manager_review,boost,Mesure mensuelle d'engagement.,4,low,"{""absences_30j"": 0, ""overdue_tasks"": 1, ""mandatory_training_gap"": 0, ""active_projects"": 1}",2023-07-15T10:00:00+00:00
engagement-emp-17-2,emp-17,74,manager_review,watch,Mesure mensuelle d'engagement.,-1,low,"{""absences_30j"": 2, ""overdue_tasks"": 4, ""mandatory_training_gap"": 1, ""active_projects"": 2}",2023-08-15T10:00:00+00:00
engagement-emp-17-3,emp-17,76,manager_review,stable,Mesure mensuelle d'engagement.,2,low,"{""absences_30j"": 2, ""overdue_tasks"": 4, ""mandatory_training_gap"": 0, ""active_projects"": 3}",2023-09-15T10:00:00+00:00
engagement-emp-17-4,emp-17,72,survey,engaged,Mesure mensuelle d'engagement.,-4,low,"{""absences_30j"": 2, ""overdue_tasks"": 0, ""mandatory_training_gap"": 1, ""active_projects"": 2}",2023-10-15T10:00:00+00:00
engagement-emp-17-5,emp-17,74,survey,boost,Mesure mensuelle d'engagement.,2,low,"{""absences_30j"": 1, ""overdue_tasks"": 1, ""mandatory_training_gap"": 1, ""active_projects"": 3}",2023-11-15T10:00:00+00:00
engagement-emp-17-6,emp-17,72,manager_review,engaged,Mesure mensuelle d'engagement.,-2,low,"{""absences_30j"": 0, ""overdue_tasks"": 2, ""mandatory_training_gap"": 0, ""active_projects"": 2}",2023-12-15T10:00:00+00:00
engagement-emp-17-7,emp-17,68,manager_review,watch,Mesure mensuelle d'engagement.,-4,medium,"{""absences_30j"": 2, ""overdue_tasks"": 4, ""mandatory_training_gap"": 1, ""active_projects"": 3}",2024-01-15T10:00:00+00:00
engagement-emp-17-8,emp-17,66,pulse,stable,Mesure mensuelle d'engagement.,-2,medium,"{""absences_30j"": 1, ""overdue_tasks"": 1, ""mandatory_training_gap"": 1, ""active_projects"": 2}",2024-02-15T10:00:00+00:00
engagement-emp-17-9,emp-17,69,survey,stable,Mesure mensuelle d'engagement.,3,medium,"{""absences_30j"": 3, ""overdue_tasks"": 0, ""mandatory_training_gap"": 0, ""active_projects"": 3}",2024-03-15T10:00:00+00:00
engagement-emp-17-10,emp-17,72,manager_review,stable,Mesure mensuelle d'engagement.,3,low,"{""absences_30j"": 1, ""overdue_tasks"": 4, ""mandatory_training_gap"": 0, ""active_projects"": 1}",2024-04-15T10:00:00+00:00
engagement-emp-17-11,emp-17,76,pulse,watch,Mesure mensuelle d'engagement.,4,low,"{""absences_30j"": 1, ""overdue_tasks"": 4, ""mandatory_training_gap"": 0, ""active_projects"": 1}",2024-05-15T10:00:00+00:00
engagement-emp-17-12,emp-17,77,pulse,boost,Mesure mensuelle d'engagement.,1,low,"{""absences_30j"": 3, ""overdue_tasks"": 3, ""mandatory_training_gap"": 1, ""active_projects"": 1}",2024-06-15T10:00:00+00:00
engagement-emp-17-13,emp-17,79,survey,watch,Mesure mensuelle d'engagement.,2,low,"{""absences_30j"": 0, ""overdue_tasks"": 4, ""mandatory_training_gap"": 1, ""active_projects"": 1}",2024-07-15T10:00:00+00:00
engagement-emp-17-14,emp-17,83,manager_review,stable,Mesure mensuelle d'engagement.,4,low,"{""absences_30j"": 1, ""overdue_tasks"": 3, ""mandatory_training_gap"": 0, ""active_projects"": 3}",2024-08-15T10:00:00+00:00
engagement-emp-17-15,emp-17,79,manager_review,stable,Mesure mensuelle d'engagement.,-4,low,"{""absences_30j"": 2, ""overdue_tasks"": 4, ""mandatory_training_gap"": 0, ""active_projects"": 1}",2024-09-15T10:00:00+00:00
engagement-emp-17-16,emp-17,80,manager_review,watch,Mesure mensuelle d'engagement.,1,low,"{""absences_30j"": 1, ""overdue_tasks"": 4, ""mandatory_training_gap"": 0, ""active_projects"": 2}",2024-10-15T10:00:00+00:00
engagement-emp-17-17,emp-17,81,manager_review,stable,Mesure mensuelle d'engagement.,1,low,"{""absences_30j"": 3, ""overdue_tasks"": 2, ""mandatory_training_gap"": 1, ""active_projects"": 3}",2024-11-15T10:00:00+00:00
engagement-emp-17-18,emp-17,82,manager_review,engaged,Mesure mensuelle d'engagement.,1,low,"{""absences_30j"": 1, ""overdue_tasks"": 3, ""mandatory_training_gap"": 0, ""active_projects"": 2}",2024-12-15T10:00:00+00:00
engagement-emp-17-19,emp-17,78,pulse,stable,Mesure mensuelle d'engagement.,-4,low,"{""absences_30j"": 2, ""overdue_tasks"": 2, ""mandatory_training_gap"": 1, ""active_projects"": 3}",2025-01-15T10:00:00+00:00
engagement-emp-17-20,emp-17,82,survey,watch,Mesure mensuelle d'engagement.,4,low,"{""absences_30j"": 0, ""overdue_tasks"": 0, ""mandatory_training_gap"": 1, ""active_projects"": 3}",2025-02-15T10:00:00+00:00
engagement-emp-17-21,emp-17,82,pulse,watch,Mesure mensuelle d'engagement.,0,low,"{""absences_30j"": 2, ""overdue_tasks"": 2, ""mandatory_training_gap"": 1, ""active_projects"": 1}",2025-03-15T10:00:00+00:00
engagement-emp-17-22,emp-17,83,pulse,boost,Mesure mensuelle d'engagement.,1,low,"{""absences_30j"": 2, ""overdue_tasks"": 1, ""mandatory_training_gap"": 0, ""active_projects"": 1}",2025-04-15T10:00:00+00:00
engagement-emp-17-23,emp-17,80,manager_review,engaged,Mesure mensuelle d'engagement.,-3,low,"{""absences_30j"": 2, ""overdue_tasks"": 2, ""mandatory_training_gap"": 1, ""active_projects"": 1}",2025-05-15T10:00:00+00:00
engagement-emp-17-24,emp-17,84,manager_review,watch,Mesure mensuelle d'engagement.,4,low,"{""absences_30j"": 2, ""overdue_tasks"": 1, ""mandatory_training_gap"": 1, ""active_projects"": 3}",2025-06-15T10:00:00+00:00
engagement-emp-17-25,emp-17,83,survey,boost,Mesure mensuelle d'engagement.,-1,low,"{""absences_30j"": 3, ""overdue_tasks"": 4, ""mandatory_training_gap"": 1, ""active_projects"": 2}",2025-07-15T10:00:00+00:00
engagement-emp-17-26,emp-17,82,pulse,boost,Mesure mensuelle d'engagement.,-1,low,"{""absences_30j"": 3, ""overdue_tasks"": 1, ""mandatory_training_gap"": 1, ""active_projects"": 3}",2025-08-15T10:00:00+00:00
engagement-emp-17-27,emp-17,84,manager_review,watch,Mesure mensuelle d'engagement.,2,low,"{""absences_30j"": 2, ""overdue_tasks"": 2, ""mandatory_training_gap"": 0, ""active_projects"": 2}",2025-09-15T10:00:00+00:00
engagement-emp-17-28,emp-17,80,pulse,watch,Mesure mensuelle d'engagement.,-4,low,"{""absences_30j"": 3, ""overdue_tasks"": 4, ""mandatory_training_gap"": 0, ""active_projects"": 2}",2025-10-15T10:00:00+00:00
engagement-emp-17-29,emp-17,79,survey,boost,Mesure mensuelle d'engagement.,-1,low,"{""absences_30j"": 0, ""overdue_tasks"": 1, ""mandatory_training_gap"": 0, ""active_projects"": 2}",2025-11-15T10:00:00+00:00
engagement-emp-17-30,emp-17,82,pulse,engaged,Mesure mensuelle d'engagement.,3,low,"{""absences_30j"": 0, ""overdue_tasks"": 4, ""mandatory_training_gap"": 1, ""active_projects"": 3}",2025-12-15T10:00:00+00:00
engagement-emp-17-31,emp-17,81,survey,engaged,Mesure mensuelle d'engagement.,-1,low,"{""absences_30j"": 0, ""overdue_tasks"": 1, ""mandatory_training_gap"": 1, ""active_projects"": 3}",2026-01-15T10:00:00+00:00
engagement-emp-17-32,emp-17,85,survey,watch,Mesure mensuelle d'engagement.,4,low,"{""absences_30j"": 2, ""overdue_tasks"": 2, ""mandatory_training_gap"": 1, ""active_projects"": 2}",2026-02-15T10:00:00+00:00
engagement-emp-17-33,emp-17,81,pulse,boost,Mesure mensuelle d'engagement.,-4,low,"{""absences_30j"": 3, ""overdue_tasks"": 2, ""mandatory_training_gap"": 1, ""active_projects"": 1}",2026-03-15T10:00:00+00:00
engagement-emp-17-34,emp-17,82,pulse,engaged,Mesure mensuelle d'engagement.,1,low,"{""absences_30j"": 2, ""overdue_tasks"": 0, ""mandatory_training_gap"": 0, ""active_projects"": 3}",2026-04-15T10:00:00+00:00
engagement-emp-17-35,emp-17,84,manager_review,boost,Mesure mensuelle d'engagement.,2,low,"{""absences_30j"": 2, ""overdue_tasks"": 3, ""mandatory_training_gap"": 1, ""active_projects"": 1}",2026-05-15T10:00:00+00:00
engagement-emp-17-36,emp-17,82,survey,watch,Mesure mensuelle d'engagement.,-2,low,"{""absences_30j"": 2, ""overdue_tasks"": 1, ""mandatory_training_gap"": 0, ""active_projects"": 2}",2026-06-15T10:00:00+00:00
engagement-emp-18-0,emp-18,81,manager_review,stable,Mesure mensuelle d'engagement.,1,low,"{""absences_30j"": 2, ""overdue_tasks"": 4, ""mandatory_training_gap"": 1, ""active_projects"": 1}",2023-06-15T10:00:00+00:00
engagement-emp-18-1,emp-18,82,survey,engaged,Mesure mensuelle d'engagement.,1,low,"{""absences_30j"": 1, ""overdue_tasks"": 2, ""mandatory_training_gap"": 0, ""active_projects"": 1}",2023-07-15T10:00:00+00:00
engagement-emp-18-2,emp-18,83,survey,boost,Mesure mensuelle d'engagement.,1,low,"{""absences_30j"": 3, ""overdue_tasks"": 0, ""mandatory_training_gap"": 0, ""active_projects"": 2}",2023-08-15T10:00:00+00:00
engagement-emp-18-3,emp-18,80,survey,engaged,Mesure mensuelle d'engagement.,-3,low,"{""absences_30j"": 3, ""overdue_tasks"": 4, ""mandatory_training_gap"": 1, ""active_projects"": 1}",2023-09-15T10:00:00+00:00
engagement-emp-18-4,emp-18,80,survey,watch,Mesure mensuelle d'engagement.,0,low,"{""absences_30j"": 1, ""overdue_tasks"": 4, ""mandatory_training_gap"": 0, ""active_projects"": 1}",2023-10-15T10:00:00+00:00
engagement-emp-18-5,emp-18,81,manager_review,boost,Mesure mensuelle d'engagement.,1,low,"{""absences_30j"": 2, ""overdue_tasks"": 4, ""mandatory_training_gap"": 0, ""active_projects"": 1}",2023-11-15T10:00:00+00:00
engagement-emp-18-6,emp-18,77,survey,boost,Mesure mensuelle d'engagement.,-4,low,"{""absences_30j"": 2, ""overdue_tasks"": 2, ""mandatory_training_gap"": 0, ""active_projects"": 3}",2023-12-15T10:00:00+00:00
engagement-emp-18-7,emp-18,81,manager_review,boost,Mesure mensuelle d'engagement.,4,low,"{""absences_30j"": 2, ""overdue_tasks"": 1, ""mandatory_training_gap"": 1, ""active_projects"": 3}",2024-01-15T10:00:00+00:00
engagement-emp-18-8,emp-18,80,survey,boost,Mesure mensuelle d'engagement.,-1,low,"{""absences_30j"": 2, ""overdue_tasks"": 0, ""mandatory_training_gap"": 0, ""active_projects"": 2}",2024-02-15T10:00:00+00:00
engagement-emp-18-9,emp-18,83,manager_review,stable,Mesure mensuelle d'engagement.,3,low,"{""absences_30j"": 3, ""overdue_tasks"": 4, ""mandatory_training_gap"": 1, ""active_projects"": 3}",2024-03-15T10:00:00+00:00
engagement-emp-18-10,emp-18,79,pulse,stable,Mesure mensuelle d'engagement.,-4,low,"{""absences_30j"": 0, ""overdue_tasks"": 4, ""mandatory_training_gap"": 0, ""active_projects"": 2}",2024-04-15T10:00:00+00:00
engagement-emp-18-11,emp-18,77,survey,watch,Mesure mensuelle d'engagement.,-2,low,"{""absences_30j"": 3, ""overdue_tasks"": 2, ""mandatory_training_gap"": 1, ""active_projects"": 2}",2024-05-15T10:00:00+00:00
engagement-emp-18-12,emp-18,80,pulse,stable,Mesure mensuelle d'engagement.,3,low,"{""absences_30j"": 0, ""overdue_tasks"": 1, ""mandatory_training_gap"": 0, ""active_projects"": 2}",2024-06-15T10:00:00+00:00
engagement-emp-18-13,emp-18,79,pulse,stable,Mesure mensuelle d'engagement.,-1,low,"{""absences_30j"": 1, ""overdue_tasks"": 2, ""mandatory_training_gap"": 1, ""active_projects"": 1}",2024-07-15T10:00:00+00:00
engagement-emp-18-14,emp-18,83,manager_review,stable,Mesure mensuelle d'engagement.,4,low,"{""absences_30j"": 0, ""overdue_tasks"": 3, ""mandatory_training_gap"": 1, ""active_projects"": 1}",2024-08-15T10:00:00+00:00
engagement-emp-18-15,emp-18,79,survey,engaged,Mesure mensuelle d'engagement.,-4,low,"{""absences_30j"": 0, ""overdue_tasks"": 3, ""mandatory_training_gap"": 0, ""active_projects"": 3}",2024-09-15T10:00:00+00:00
engagement-emp-18-16,emp-18,80,survey,stable,Mesure mensuelle d'engagement.,1,low,"{""absences_30j"": 3, ""overdue_tasks"": 0, ""mandatory_training_gap"": 0, ""active_projects"": 3}",2024-10-15T10:00:00+00:00
engagement-emp-18-17,emp-18,84,survey,watch,Mesure mensuelle d'engagement.,4,low,"{""absences_30j"": 1, ""overdue_tasks"": 3, ""mandatory_training_gap"": 1, ""active_projects"": 1}",2024-11-15T10:00:00+00:00
engagement-emp-18-18,emp-18,84,survey,stable,Mesure mensuelle d'engagement.,0,low,"{""absences_30j"": 2, ""overdue_tasks"": 2, ""mandatory_training_gap"": 1, ""active_projects"": 2}",2024-12-15T10:00:00+00:00
engagement-emp-18-19,emp-18,84,pulse,engaged,Mesure mensuelle d'engagement.,0,low,"{""absences_30j"": 1, ""overdue_tasks"": 2, ""mandatory_training_gap"": 0, ""active_projects"": 3}",2025-01-15T10:00:00+00:00
engagement-emp-18-20,emp-18,84,pulse,boost,Mesure mensuelle d'engagement.,0,low,"{""absences_30j"": 1, ""overdue_tasks"": 2, ""mandatory_training_gap"": 1, ""active_projects"": 3}",2025-02-15T10:00:00+00:00
engagement-emp-18-21,emp-18,86,survey,engaged,Mesure mensuelle d'engagement.,2,low,"{""absences_30j"": 3, ""overdue_tasks"": 1, ""mandatory_training_gap"": 0, ""active_projects"": 1}",2025-03-15T10:00:00+00:00
engagement-emp-18-22,emp-18,82,survey,stable,Mesure mensuelle d'engagement.,-4,low,"{""absences_30j"": 0, ""overdue_tasks"": 1, ""mandatory_training_gap"": 0, ""active_projects"": 3}",2025-04-15T10:00:00+00:00
engagement-emp-18-23,emp-18,79,survey,stable,Mesure mensuelle d'engagement.,-3,low,"{""absences_30j"": 3, ""overdue_tasks"": 2, ""mandatory_training_gap"": 0, ""active_projects"": 1}",2025-05-15T10:00:00+00:00
engagement-emp-18-24,emp-18,82,manager_review,engaged,Mesure mensuelle d'engagement.,3,low,"{""absences_30j"": 0, ""overdue_tasks"": 3, ""mandatory_training_gap"": 0, ""active_projects"": 1}",2025-06-15T10:00:00+00:00
engagement-emp-18-25,emp-18,84,manager_review,engaged,Mesure mensuelle d'engagement.,2,low,"{""absences_30j"": 1, ""overdue_tasks"": 3, ""mandatory_training_gap"": 1, ""active_projects"": 2}",2025-07-15T10:00:00+00:00
engagement-emp-18-26,emp-18,83,pulse,watch,Mesure mensuelle d'engagement.,-1,low,"{""absences_30j"": 1, ""overdue_tasks"": 3, ""mandatory_training_gap"": 0, ""active_projects"": 2}",2025-08-15T10:00:00+00:00
engagement-emp-18-27,emp-18,84,pulse,watch,Mesure mensuelle d'engagement.,1,low,"{""absences_30j"": 2, ""overdue_tasks"": 3, ""mandatory_training_gap"": 1, ""active_projects"": 1}",2025-09-15T10:00:00+00:00
engagement-emp-18-28,emp-18,83,pulse,watch,Mesure mensuelle d'engagement.,-1,low,"{""absences_30j"": 2, ""overdue_tasks"": 1, ""mandatory_training_gap"": 0, ""active_projects"": 3}",2025-10-15T10:00:00+00:00
engagement-emp-18-29,emp-18,87,survey,boost,Mesure mensuelle d'engagement.,4,low,"{""absences_30j"": 3, ""overdue_tasks"": 2, ""mandatory_training_gap"": 1, ""active_projects"": 2}",2025-11-15T10:00:00+00:00
engagement-emp-18-30,emp-18,89,survey,watch,Mesure mensuelle d'engagement.,2,low,"{""absences_30j"": 1, ""overdue_tasks"": 3, ""mandatory_training_gap"": 1, ""active_projects"": 2}",2025-12-15T10:00:00+00:00
engagement-emp-18-31,emp-18,85,manager_review,engaged,Mesure mensuelle d'engagement.,-4,low,"{""absences_30j"": 2, ""overdue_tasks"": 3, ""mandatory_training_gap"": 0, ""active_projects"": 3}",2026-01-15T10:00:00+00:00
engagement-emp-18-32,emp-18,89,manager_review,engaged,Mesure mensuelle d'engagement.,4,low,"{""absences_30j"": 3, ""overdue_tasks"": 0, ""mandatory_training_gap"": 1, ""active_projects"": 1}",2026-02-15T10:00:00+00:00
engagement-emp-18-33,emp-18,91,survey,boost,Mesure mensuelle d'engagement.,2,low,"{""absences_30j"": 3, ""overdue_tasks"": 3, ""mandatory_training_gap"": 1, ""active_projects"": 2}",2026-03-15T10:00:00+00:00
engagement-emp-18-34,emp-18,92,pulse,watch,Mesure mensuelle d'engagement.,1,low,"{""absences_30j"": 0, ""overdue_tasks"": 1, ""mandatory_training_gap"": 1, ""active_projects"": 2}",2026-04-15T10:00:00+00:00
engagement-emp-18-35,emp-18,91,survey,engaged,Mesure mensuelle d'engagement.,-1,low,"{""absences_30j"": 2, ""overdue_tasks"": 4, ""mandatory_training_gap"": 0, ""active_projects"": 1}",2026-05-15T10:00:00+00:00
engagement-emp-18-36,emp-18,93,survey,engaged,Mesure mensuelle d'engagement.,2,low,"{""absences_30j"": 0, ""overdue_tasks"": 3, ""mandatory_training_gap"": 0, ""active_projects"": 2}",2026-06-15T10:00:00+00:00
engagement-emp-19-0,emp-19,79,survey,boost,Mesure mensuelle d'engagement.,-1,low,"{""absences_30j"": 3, ""overdue_tasks"": 0, ""mandatory_training_gap"": 0, ""active_projects"": 2}",2023-07-15T10:00:00+00:00
engagement-emp-19-1,emp-19,78,pulse,engaged,Mesure mensuelle d'engagement.,-1,low,"{""absences_30j"": 2, ""overdue_tasks"": 2, ""mandatory_training_gap"": 0, ""active_projects"": 3}",2023-08-15T10:00:00+00:00
engagement-emp-19-2,emp-19,74,manager_review,watch,Mesure mensuelle d'engagement.,-4,low,"{""absences_30j"": 1, ""overdue_tasks"": 0, ""mandatory_training_gap"": 0, ""active_projects"": 1}",2023-09-15T10:00:00+00:00
engagement-emp-19-3,emp-19,73,manager_review,engaged,Mesure mensuelle d'engagement.,-1,low,"{""absences_30j"": 0, ""overdue_tasks"": 1, ""mandatory_training_gap"": 1, ""active_projects"": 1}",2023-10-15T10:00:00+00:00
engagement-emp-19-4,emp-19,77,survey,engaged,Mesure mensuelle d'engagement.,4,low,"{""absences_30j"": 1, ""overdue_tasks"": 3, ""mandatory_training_gap"": 0, ""active_projects"": 2}",2023-11-15T10:00:00+00:00
engagement-emp-19-5,emp-19,77,pulse,watch,Mesure mensuelle d'engagement.,0,low,"{""absences_30j"": 3, ""overdue_tasks"": 1, ""mandatory_training_gap"": 0, ""active_projects"": 3}",2023-12-15T10:00:00+00:00
engagement-emp-19-6,emp-19,80,survey,watch,Mesure mensuelle d'engagement.,3,low,"{""absences_30j"": 0, ""overdue_tasks"": 2, ""mandatory_training_gap"": 1, ""active_projects"": 3}",2024-01-15T10:00:00+00:00
engagement-emp-19-7,emp-19,79,manager_review,engaged,Mesure mensuelle d'engagement.,-1,low,"{""absences_30j"": 1, ""overdue_tasks"": 1, ""mandatory_training_gap"": 0, ""active_projects"": 1}",2024-02-15T10:00:00+00:00
engagement-emp-19-8,emp-19,76,pulse,boost,Mesure mensuelle d'engagement.,-3,low,"{""absences_30j"": 2, ""overdue_tasks"": 3, ""mandatory_training_gap"": 1, ""active_projects"": 3}",2024-03-15T10:00:00+00:00
engagement-emp-19-9,emp-19,72,pulse,stable,Mesure mensuelle d'engagement.,-4,low,"{""absences_30j"": 2, ""overdue_tasks"": 3, ""mandatory_training_gap"": 1, ""active_projects"": 1}",2024-04-15T10:00:00+00:00
engagement-emp-19-10,emp-19,76,manager_review,boost,Mesure mensuelle d'engagement.,4,low,"{""absences_30j"": 0, ""overdue_tasks"": 4, ""mandatory_training_gap"": 0, ""active_projects"": 1}",2024-05-15T10:00:00+00:00
engagement-emp-19-11,emp-19,75,manager_review,boost,Mesure mensuelle d'engagement.,-1,low,"{""absences_30j"": 1, ""overdue_tasks"": 4, ""mandatory_training_gap"": 0, ""active_projects"": 3}",2024-06-15T10:00:00+00:00
engagement-emp-19-12,emp-19,73,survey,stable,Mesure mensuelle d'engagement.,-2,low,"{""absences_30j"": 2, ""overdue_tasks"": 4, ""mandatory_training_gap"": 1, ""active_projects"": 3}",2024-07-15T10:00:00+00:00
engagement-emp-19-13,emp-19,69,pulse,engaged,Mesure mensuelle d'engagement.,-4,medium,"{""absences_30j"": 2, ""overdue_tasks"": 0, ""mandatory_training_gap"": 1, ""active_projects"": 1}",2024-08-15T10:00:00+00:00
engagement-emp-19-14,emp-19,65,pulse,boost,Mesure mensuelle d'engagement.,-4,medium,"{""absences_30j"": 3, ""overdue_tasks"": 0, ""mandatory_training_gap"": 1, ""active_projects"": 3}",2024-09-15T10:00:00+00:00
engagement-emp-19-15,emp-19,63,manager_review,boost,Mesure mensuelle d'engagement.,-2,medium,"{""absences_30j"": 3, ""overdue_tasks"": 2, ""mandatory_training_gap"": 0, ""active_projects"": 1}",2024-10-15T10:00:00+00:00
engagement-emp-19-16,emp-19,63,manager_review,boost,Mesure mensuelle d'engagement.,0,medium,"{""absences_30j"": 0, ""overdue_tasks"": 0, ""mandatory_training_gap"": 1, ""active_projects"": 1}",2024-11-15T10:00:00+00:00
engagement-emp-19-17,emp-19,64,manager_review,watch,Mesure mensuelle d'engagement.,1,medium,"{""absences_30j"": 3, ""overdue_tasks"": 0, ""mandatory_training_gap"": 0, ""active_projects"": 2}",2024-12-15T10:00:00+00:00
engagement-emp-19-18,emp-19,65,survey,stable,Mesure mensuelle d'engagement.,1,medium,"{""absences_30j"": 1, ""overdue_tasks"": 3, ""mandatory_training_gap"": 1, ""active_projects"": 2}",2025-01-15T10:00:00+00:00
engagement-emp-19-19,emp-19,62,manager_review,watch,Mesure mensuelle d'engagement.,-3,medium,"{""absences_30j"": 2, ""overdue_tasks"": 2, ""mandatory_training_gap"": 0, ""active_projects"": 1}",2025-02-15T10:00:00+00:00
engagement-emp-19-20,emp-19,60,pulse,boost,Mesure mensuelle d'engagement.,-2,medium,"{""absences_30j"": 3, ""overdue_tasks"": 4, ""mandatory_training_gap"": 1, ""active_projects"": 3}",2025-03-15T10:00:00+00:00
engagement-emp-19-21,emp-19,58,survey,boost,Mesure mensuelle d'engagement.,-2,medium,"{""absences_30j"": 0, ""overdue_tasks"": 1, ""mandatory_training_gap"": 0, ""active_projects"": 3}",2025-04-15T10:00:00+00:00
engagement-emp-19-22,emp-19,59,survey,stable,Mesure mensuelle d'engagement.,1,medium,"{""absences_30j"": 0, ""overdue_tasks"": 1, ""mandatory_training_gap"": 0, ""active_projects"": 2}",2025-05-15T10:00:00+00:00
engagement-emp-19-23,emp-19,58,survey,watch,Mesure mensuelle d'engagement.,-1,medium,"{""absences_30j"": 1, ""overdue_tasks"": 2, ""mandatory_training_gap"": 0, ""active_projects"": 2}",2025-06-15T10:00:00+00:00
engagement-emp-19-24,emp-19,56,pulse,watch,Mesure mensuelle d'engagement.,-2,medium,"{""absences_30j"": 2, ""overdue_tasks"": 3, ""mandatory_training_gap"": 0, ""active_projects"": 3}",2025-07-15T10:00:00+00:00
engagement-emp-19-25,emp-19,59,survey,boost,Mesure mensuelle d'engagement.,3,medium,"{""absences_30j"": 1, ""overdue_tasks"": 1, ""mandatory_training_gap"": 0, ""active_projects"": 3}",2025-08-15T10:00:00+00:00
engagement-emp-19-26,emp-19,60,survey,stable,Mesure mensuelle d'engagement.,1,medium,"{""absences_30j"": 2, ""overdue_tasks"": 4, ""mandatory_training_gap"": 0, ""active_projects"": 3}",2025-09-15T10:00:00+00:00
engagement-emp-19-27,emp-19,57,pulse,engaged,Mesure mensuelle d'engagement.,-3,medium,"{""absences_30j"": 3, ""overdue_tasks"": 2, ""mandatory_training_gap"": 1, ""active_projects"": 3}",2025-10-15T10:00:00+00:00
engagement-emp-19-28,emp-19,61,manager_review,watch,Mesure mensuelle d'engagement.,4,medium,"{""absences_30j"": 0, ""overdue_tasks"": 3, ""mandatory_training_gap"": 0, ""active_projects"": 3}",2025-11-15T10:00:00+00:00
engagement-emp-19-29,emp-19,59,manager_review,watch,Mesure mensuelle d'engagement.,-2,medium,"{""absences_30j"": 3, ""overdue_tasks"": 2, ""mandatory_training_gap"": 0, ""active_projects"": 2}",2025-12-15T10:00:00+00:00
engagement-emp-19-30,emp-19,56,pulse,watch,Mesure mensuelle d'engagement.,-3,medium,"{""absences_30j"": 1, ""overdue_tasks"": 2, ""mandatory_training_gap"": 1, ""active_projects"": 1}",2026-01-15T10:00:00+00:00
engagement-emp-19-31,emp-19,60,manager_review,stable,Mesure mensuelle d'engagement.,4,medium,"{""absences_30j"": 0, ""overdue_tasks"": 0, ""mandatory_training_gap"": 1, ""active_projects"": 1}",2026-02-15T10:00:00+00:00
engagement-emp-19-32,emp-19,60,manager_review,stable,Mesure mensuelle d'engagement.,0,medium,"{""absences_30j"": 2, ""overdue_tasks"": 0, ""mandatory_training_gap"": 0, ""active_projects"": 1}",2026-03-15T10:00:00+00:00
engagement-emp-19-33,emp-19,64,pulse,engaged,Mesure mensuelle d'engagement.,4,medium,"{""absences_30j"": 1, ""overdue_tasks"": 1, ""mandatory_training_gap"": 1, ""active_projects"": 2}",2026-04-15T10:00:00+00:00
engagement-emp-19-34,emp-19,62,survey,stable,Mesure mensuelle d'engagement.,-2,medium,"{""absences_30j"": 2, ""overdue_tasks"": 2, ""mandatory_training_gap"": 1, ""active_projects"": 2}",2026-05-15T10:00:00+00:00
engagement-emp-19-35,emp-19,61,pulse,watch,Mesure mensuelle d'engagement.,-1,medium,"{""absences_30j"": 3, ""overdue_tasks"": 3, ""mandatory_training_gap"": 1, ""active_projects"": 2}",2026-06-15T10:00:00+00:00
engagement-emp-20-0,emp-20,72,manager_review,engaged,Mesure mensuelle d'engagement.,-4,low,"{""absences_30j"": 3, ""overdue_tasks"": 1, ""mandatory_training_gap"": 0, ""active_projects"": 1}",2025-03-15T10:00:00+00:00
engagement-emp-20-1,emp-20,76,survey,stable,Mesure mensuelle d'engagement.,4,low,"{""absences_30j"": 2, ""overdue_tasks"": 2, ""mandatory_training_gap"": 0, ""active_projects"": 1}",2025-04-15T10:00:00+00:00
engagement-emp-20-2,emp-20,76,pulse,engaged,Mesure mensuelle d'engagement.,0,low,"{""absences_30j"": 0, ""overdue_tasks"": 1, ""mandatory_training_gap"": 0, ""active_projects"": 2}",2025-05-15T10:00:00+00:00
engagement-emp-20-3,emp-20,73,pulse,stable,Mesure mensuelle d'engagement.,-3,low,"{""absences_30j"": 3, ""overdue_tasks"": 1, ""mandatory_training_gap"": 0, ""active_projects"": 3}",2025-06-15T10:00:00+00:00
engagement-emp-20-4,emp-20,76,pulse,boost,Mesure mensuelle d'engagement.,3,low,"{""absences_30j"": 0, ""overdue_tasks"": 2, ""mandatory_training_gap"": 1, ""active_projects"": 1}",2025-07-15T10:00:00+00:00
engagement-emp-20-5,emp-20,75,pulse,boost,Mesure mensuelle d'engagement.,-1,low,"{""absences_30j"": 2, ""overdue_tasks"": 0, ""mandatory_training_gap"": 0, ""active_projects"": 3}",2025-08-15T10:00:00+00:00
engagement-emp-20-6,emp-20,75,pulse,boost,Mesure mensuelle d'engagement.,0,low,"{""absences_30j"": 3, ""overdue_tasks"": 0, ""mandatory_training_gap"": 0, ""active_projects"": 2}",2025-09-15T10:00:00+00:00
engagement-emp-20-7,emp-20,78,survey,engaged,Mesure mensuelle d'engagement.,3,low,"{""absences_30j"": 3, ""overdue_tasks"": 2, ""mandatory_training_gap"": 1, ""active_projects"": 1}",2025-10-15T10:00:00+00:00
engagement-emp-20-8,emp-20,82,manager_review,stable,Mesure mensuelle d'engagement.,4,low,"{""absences_30j"": 0, ""overdue_tasks"": 4, ""mandatory_training_gap"": 1, ""active_projects"": 1}",2025-11-15T10:00:00+00:00
engagement-emp-20-9,emp-20,83,pulse,stable,Mesure mensuelle d'engagement.,1,low,"{""absences_30j"": 2, ""overdue_tasks"": 2, ""mandatory_training_gap"": 0, ""active_projects"": 2}",2025-12-15T10:00:00+00:00
engagement-emp-20-10,emp-20,80,survey,watch,Mesure mensuelle d'engagement.,-3,low,"{""absences_30j"": 3, ""overdue_tasks"": 0, ""mandatory_training_gap"": 0, ""active_projects"": 2}",2026-01-15T10:00:00+00:00
engagement-emp-20-11,emp-20,84,pulse,engaged,Mesure mensuelle d'engagement.,4,low,"{""absences_30j"": 1, ""overdue_tasks"": 1, ""mandatory_training_gap"": 0, ""active_projects"": 1}",2026-02-15T10:00:00+00:00
engagement-emp-20-12,emp-20,82,pulse,watch,Mesure mensuelle d'engagement.,-2,low,"{""absences_30j"": 3, ""overdue_tasks"": 1, ""mandatory_training_gap"": 1, ""active_projects"": 1}",2026-03-15T10:00:00+00:00
engagement-emp-20-13,emp-20,84,pulse,boost,Mesure mensuelle d'engagement.,2,low,"{""absences_30j"": 1, ""overdue_tasks"": 2, ""mandatory_training_gap"": 1, ""active_projects"": 1}",2026-04-15T10:00:00+00:00
engagement-emp-20-14,emp-20,86,survey,engaged,Mesure mensuelle d'engagement.,2,low,"{""absences_30j"": 3, ""overdue_tasks"": 3, ""mandatory_training_gap"": 1, ""active_projects"": 3}",2026-05-15T10:00:00+00:00
engagement-emp-20-15,emp-20,90,manager_review,engaged,Mesure mensuelle d'engagement.,4,low,"{""absences_30j"": 3, ""overdue_tasks"": 4, ""mandatory_training_gap"": 1, ""active_projects"": 2}",2026-06-15T10:00:00+00:00
engagement-emp-21-0,emp-21,86,pulse,stable,Mesure mensuelle d'engagement.,-2,low,"{""absences_30j"": 0, ""overdue_tasks"": 0, ""mandatory_training_gap"": 1, ""active_projects"": 1}",2023-06-15T10:00:00+00:00
engagement-emp-21-1,emp-21,85,manager_review,engaged,Mesure mensuelle d'engagement.,-1,low,"{""absences_30j"": 2, ""overdue_tasks"": 4, ""mandatory_training_gap"": 1, ""active_projects"": 2}",2023-07-15T10:00:00+00:00
engagement-emp-21-2,emp-21,82,manager_review,stable,Mesure mensuelle d'engagement.,-3,low,"{""absences_30j"": 1, ""overdue_tasks"": 4, ""mandatory_training_gap"": 0, ""active_projects"": 1}",2023-08-15T10:00:00+00:00
engagement-emp-21-3,emp-21,78,pulse,boost,Mesure mensuelle d'engagement.,-4,low,"{""absences_30j"": 2, ""overdue_tasks"": 0, ""mandatory_training_gap"": 0, ""active_projects"": 2}",2023-09-15T10:00:00+00:00
engagement-emp-21-4,emp-21,76,manager_review,boost,Mesure mensuelle d'engagement.,-2,low,"{""absences_30j"": 1, ""overdue_tasks"": 4, ""mandatory_training_gap"": 0, ""active_projects"": 2}",2023-10-15T10:00:00+00:00
engagement-emp-21-5,emp-21,79,manager_review,boost,Mesure mensuelle d'engagement.,3,low,"{""absences_30j"": 3, ""overdue_tasks"": 3, ""mandatory_training_gap"": 1, ""active_projects"": 3}",2023-11-15T10:00:00+00:00
engagement-emp-21-6,emp-21,77,manager_review,engaged,Mesure mensuelle d'engagement.,-2,low,"{""absences_30j"": 2, ""overdue_tasks"": 0, ""mandatory_training_gap"": 0, ""active_projects"": 1}",2023-12-15T10:00:00+00:00
engagement-emp-21-7,emp-21,76,manager_review,engaged,Mesure mensuelle d'engagement.,-1,low,"{""absences_30j"": 2, ""overdue_tasks"": 2, ""mandatory_training_gap"": 0, ""active_projects"": 3}",2024-01-15T10:00:00+00:00
engagement-emp-21-8,emp-21,78,pulse,stable,Mesure mensuelle d'engagement.,2,low,"{""absences_30j"": 2, ""overdue_tasks"": 4, ""mandatory_training_gap"": 1, ""active_projects"": 1}",2024-02-15T10:00:00+00:00
engagement-emp-21-9,emp-21,82,survey,watch,Mesure mensuelle d'engagement.,4,low,"{""absences_30j"": 2, ""overdue_tasks"": 2, ""mandatory_training_gap"": 0, ""active_projects"": 3}",2024-03-15T10:00:00+00:00
engagement-emp-21-10,emp-21,85,pulse,boost,Mesure mensuelle d'engagement.,3,low,"{""absences_30j"": 3, ""overdue_tasks"": 0, ""mandatory_training_gap"": 0, ""active_projects"": 2}",2024-04-15T10:00:00+00:00
engagement-emp-21-11,emp-21,83,survey,stable,Mesure mensuelle d'engagement.,-2,low,"{""absences_30j"": 3, ""overdue_tasks"": 1, ""mandatory_training_gap"": 1, ""active_projects"": 2}",2024-05-15T10:00:00+00:00
engagement-emp-21-12,emp-21,82,survey,stable,Mesure mensuelle d'engagement.,-1,low,"{""absences_30j"": 0, ""overdue_tasks"": 4, ""mandatory_training_gap"": 0, ""active_projects"": 3}",2024-06-15T10:00:00+00:00
engagement-emp-21-13,emp-21,85,pulse,boost,Mesure mensuelle d'engagement.,3,low,"{""absences_30j"": 1, ""overdue_tasks"": 2, ""mandatory_training_gap"": 1, ""active_projects"": 1}",2024-07-15T10:00:00+00:00
engagement-emp-21-14,emp-21,88,manager_review,stable,Mesure mensuelle d'engagement.,3,low,"{""absences_30j"": 3, ""overdue_tasks"": 4, ""mandatory_training_gap"": 0, ""active_projects"": 2}",2024-08-15T10:00:00+00:00
engagement-emp-21-15,emp-21,86,pulse,engaged,Mesure mensuelle d'engagement.,-2,low,"{""absences_30j"": 0, ""overdue_tasks"": 2, ""mandatory_training_gap"": 0, ""active_projects"": 2}",2024-09-15T10:00:00+00:00
engagement-emp-21-16,emp-21,84,survey,engaged,Mesure mensuelle d'engagement.,-2,low,"{""absences_30j"": 2, ""overdue_tasks"": 1, ""mandatory_training_gap"": 1, ""active_projects"": 2}",2024-10-15T10:00:00+00:00
engagement-emp-21-17,emp-21,83,manager_review,watch,Mesure mensuelle d'engagement.,-1,low,"{""absences_30j"": 2, ""overdue_tasks"": 4, ""mandatory_training_gap"": 1, ""active_projects"": 3}",2024-11-15T10:00:00+00:00
engagement-emp-21-18,emp-21,81,manager_review,stable,Mesure mensuelle d'engagement.,-2,low,"{""absences_30j"": 1, ""overdue_tasks"": 1, ""mandatory_training_gap"": 1, ""active_projects"": 2}",2024-12-15T10:00:00+00:00
engagement-emp-21-19,emp-21,80,survey,boost,Mesure mensuelle d'engagement.,-1,low,"{""absences_30j"": 0, ""overdue_tasks"": 0, ""mandatory_training_gap"": 0, ""active_projects"": 3}",2025-01-15T10:00:00+00:00
engagement-emp-21-20,emp-21,83,manager_review,stable,Mesure mensuelle d'engagement.,3,low,"{""absences_30j"": 0, ""overdue_tasks"": 1, ""mandatory_training_gap"": 0, ""active_projects"": 1}",2025-02-15T10:00:00+00:00
engagement-emp-21-21,emp-21,84,pulse,engaged,Mesure mensuelle d'engagement.,1,low,"{""absences_30j"": 0, ""overdue_tasks"": 1, ""mandatory_training_gap"": 1, ""active_projects"": 1}",2025-03-15T10:00:00+00:00
engagement-emp-21-22,emp-21,80,pulse,boost,Mesure mensuelle d'engagement.,-4,low,"{""absences_30j"": 1, ""overdue_tasks"": 3, ""mandatory_training_gap"": 0, ""active_projects"": 1}",2025-04-15T10:00:00+00:00
engagement-emp-21-23,emp-21,79,survey,stable,Mesure mensuelle d'engagement.,-1,low,"{""absences_30j"": 2, ""overdue_tasks"": 3, ""mandatory_training_gap"": 0, ""active_projects"": 2}",2025-05-15T10:00:00+00:00
engagement-emp-21-24,emp-21,80,pulse,engaged,Mesure mensuelle d'engagement.,1,low,"{""absences_30j"": 3, ""overdue_tasks"": 3, ""mandatory_training_gap"": 0, ""active_projects"": 3}",2025-06-15T10:00:00+00:00
engagement-emp-21-25,emp-21,76,survey,watch,Mesure mensuelle d'engagement.,-4,low,"{""absences_30j"": 3, ""overdue_tasks"": 0, ""mandatory_training_gap"": 0, ""active_projects"": 1}",2025-07-15T10:00:00+00:00
engagement-emp-21-26,emp-21,72,survey,engaged,Mesure mensuelle d'engagement.,-4,low,"{""absences_30j"": 1, ""overdue_tasks"": 2, ""mandatory_training_gap"": 1, ""active_projects"": 3}",2025-08-15T10:00:00+00:00
engagement-emp-21-27,emp-21,76,pulse,watch,Mesure mensuelle d'engagement.,4,low,"{""absences_30j"": 0, ""overdue_tasks"": 0, ""mandatory_training_gap"": 1, ""active_projects"": 1}",2025-09-15T10:00:00+00:00
engagement-emp-21-28,emp-21,78,survey,boost,Mesure mensuelle d'engagement.,2,low,"{""absences_30j"": 2, ""overdue_tasks"": 2, ""mandatory_training_gap"": 0, ""active_projects"": 2}",2025-10-15T10:00:00+00:00
engagement-emp-21-29,emp-21,74,survey,engaged,Mesure mensuelle d'engagement.,-4,low,"{""absences_30j"": 2, ""overdue_tasks"": 1, ""mandatory_training_gap"": 1, ""active_projects"": 1}",2025-11-15T10:00:00+00:00
engagement-emp-21-30,emp-21,78,pulse,watch,Mesure mensuelle d'engagement.,4,low,"{""absences_30j"": 3, ""overdue_tasks"": 2, ""mandatory_training_gap"": 0, ""active_projects"": 2}",2025-12-15T10:00:00+00:00
engagement-emp-21-31,emp-21,75,survey,engaged,Mesure mensuelle d'engagement.,-3,low,"{""absences_30j"": 3, ""overdue_tasks"": 3, ""mandatory_training_gap"": 0, ""active_projects"": 2}",2026-01-15T10:00:00+00:00
engagement-emp-21-32,emp-21,75,pulse,stable,Mesure mensuelle d'engagement.,0,low,"{""absences_30j"": 2, ""overdue_tasks"": 1, ""mandatory_training_gap"": 1, ""active_projects"": 2}",2026-02-15T10:00:00+00:00
engagement-emp-21-33,emp-21,74,survey,engaged,Mesure mensuelle d'engagement.,-1,low,"{""absences_30j"": 3, ""overdue_tasks"": 0, ""mandatory_training_gap"": 1, ""active_projects"": 1}",2026-03-15T10:00:00+00:00
engagement-emp-21-34,emp-21,73,survey,stable,Mesure mensuelle d'engagement.,-1,low,"{""absences_30j"": 0, ""overdue_tasks"": 4, ""mandatory_training_gap"": 0, ""active_projects"": 3}",2026-04-15T10:00:00+00:00
engagement-emp-21-35,emp-21,75,pulse,engaged,Mesure mensuelle d'engagement.,2,low,"{""absences_30j"": 1, ""overdue_tasks"": 0, ""mandatory_training_gap"": 0, ""active_projects"": 2}",2026-05-15T10:00:00+00:00
engagement-emp-21-36,emp-21,74,survey,stable,Mesure mensuelle d'engagement.,-1,low,"{""absences_30j"": 0, ""overdue_tasks"": 2, ""mandatory_training_gap"": 0, ""active_projects"": 1}",2026-06-15T10:00:00+00:00
engagement-emp-22-0,emp-22,64,pulse,stable,Mesure mensuelle d'engagement.,-1,medium,"{""absences_30j"": 1, ""overdue_tasks"": 3, ""mandatory_training_gap"": 0, ""active_projects"": 1}",2024-12-15T10:00:00+00:00
engagement-emp-22-1,emp-22,68,manager_review,engaged,Mesure mensuelle d'engagement.,4,medium,"{""absences_30j"": 1, ""overdue_tasks"": 2, ""mandatory_training_gap"": 1, ""active_projects"": 3}",2025-01-15T10:00:00+00:00
engagement-emp-22-2,emp-22,67,survey,boost,Mesure mensuelle d'engagement.,-1,medium,"{""absences_30j"": 2, ""overdue_tasks"": 4, ""mandatory_training_gap"": 0, ""active_projects"": 2}",2025-02-15T10:00:00+00:00
engagement-emp-22-3,emp-22,63,pulse,engaged,Mesure mensuelle d'engagement.,-4,medium,"{""absences_30j"": 3, ""overdue_tasks"": 2, ""mandatory_training_gap"": 0, ""active_projects"": 1}",2025-03-15T10:00:00+00:00
engagement-emp-22-4,emp-22,60,survey,watch,Mesure mensuelle d'engagement.,-3,medium,"{""absences_30j"": 2, ""overdue_tasks"": 3, ""mandatory_training_gap"": 0, ""active_projects"": 2}",2025-04-15T10:00:00+00:00
engagement-emp-22-5,emp-22,63,manager_review,engaged,Mesure mensuelle d'engagement.,3,medium,"{""absences_30j"": 1, ""overdue_tasks"": 0, ""mandatory_training_gap"": 1, ""active_projects"": 1}",2025-05-15T10:00:00+00:00
engagement-emp-22-6,emp-22,60,survey,watch,Mesure mensuelle d'engagement.,-3,medium,"{""absences_30j"": 0, ""overdue_tasks"": 3, ""mandatory_training_gap"": 0, ""active_projects"": 3}",2025-06-15T10:00:00+00:00
engagement-emp-22-7,emp-22,56,manager_review,boost,Mesure mensuelle d'engagement.,-4,medium,"{""absences_30j"": 2, ""overdue_tasks"": 2, ""mandatory_training_gap"": 1, ""active_projects"": 3}",2025-07-15T10:00:00+00:00
engagement-emp-22-8,emp-22,59,manager_review,stable,Mesure mensuelle d'engagement.,3,medium,"{""absences_30j"": 0, ""overdue_tasks"": 2, ""mandatory_training_gap"": 0, ""active_projects"": 1}",2025-08-15T10:00:00+00:00
engagement-emp-22-9,emp-22,62,survey,engaged,Mesure mensuelle d'engagement.,3,medium,"{""absences_30j"": 2, ""overdue_tasks"": 4, ""mandatory_training_gap"": 0, ""active_projects"": 3}",2025-09-15T10:00:00+00:00
engagement-emp-22-10,emp-22,64,survey,stable,Mesure mensuelle d'engagement.,2,medium,"{""absences_30j"": 2, ""overdue_tasks"": 3, ""mandatory_training_gap"": 1, ""active_projects"": 3}",2025-10-15T10:00:00+00:00
engagement-emp-22-11,emp-22,63,pulse,stable,Mesure mensuelle d'engagement.,-1,medium,"{""absences_30j"": 2, ""overdue_tasks"": 3, ""mandatory_training_gap"": 1, ""active_projects"": 3}",2025-11-15T10:00:00+00:00
engagement-emp-22-12,emp-22,59,pulse,engaged,Mesure mensuelle d'engagement.,-4,medium,"{""absences_30j"": 0, ""overdue_tasks"": 4, ""mandatory_training_gap"": 0, ""active_projects"": 1}",2025-12-15T10:00:00+00:00
engagement-emp-22-13,emp-22,59,survey,boost,Mesure mensuelle d'engagement.,0,medium,"{""absences_30j"": 2, ""overdue_tasks"": 3, ""mandatory_training_gap"": 0, ""active_projects"": 2}",2026-01-15T10:00:00+00:00
engagement-emp-22-14,emp-22,59,survey,engaged,Mesure mensuelle d'engagement.,0,medium,"{""absences_30j"": 3, ""overdue_tasks"": 0, ""mandatory_training_gap"": 0, ""active_projects"": 3}",2026-02-15T10:00:00+00:00
engagement-emp-22-15,emp-22,56,pulse,stable,Mesure mensuelle d'engagement.,-3,medium,"{""absences_30j"": 3, ""overdue_tasks"": 1, ""mandatory_training_gap"": 0, ""active_projects"": 3}",2026-03-15T10:00:00+00:00
engagement-emp-22-16,emp-22,60,survey,watch,Mesure mensuelle d'engagement.,4,medium,"{""absences_30j"": 0, ""overdue_tasks"": 1, ""mandatory_training_gap"": 1, ""active_projects"": 3}",2026-04-15T10:00:00+00:00
engagement-emp-22-17,emp-22,60,manager_review,stable,Mesure mensuelle d'engagement.,0,medium,"{""absences_30j"": 0, ""overdue_tasks"": 2, ""mandatory_training_gap"": 1, ""active_projects"": 3}",2026-05-15T10:00:00+00:00
engagement-emp-22-18,emp-22,57,pulse,engaged,Mesure mensuelle d'engagement.,-3,medium,"{""absences_30j"": 1, ""overdue_tasks"": 4, ""mandatory_training_gap"": 1, ""active_projects"": 3}",2026-06-15T10:00:00+00:00
engagement-emp-23-0,emp-23,69,pulse,boost,Mesure mensuelle d'engagement.,-1,medium,"{""absences_30j"": 1, ""overdue_tasks"": 4, ""mandatory_training_gap"": 1, ""active_projects"": 3}",2024-06-15T10:00:00+00:00
engagement-emp-23-1,emp-23,69,survey,engaged,Mesure mensuelle d'engagement.,0,medium,"{""absences_30j"": 1, ""overdue_tasks"": 0, ""mandatory_training_gap"": 1, ""active_projects"": 3}",2024-07-15T10:00:00+00:00
engagement-emp-23-2,emp-23,69,pulse,boost,Mesure mensuelle d'engagement.,0,medium,"{""absences_30j"": 0, ""overdue_tasks"": 0, ""mandatory_training_gap"": 1, ""active_projects"": 2}",2024-08-15T10:00:00+00:00
engagement-emp-23-3,emp-23,65,pulse,boost,Mesure mensuelle d'engagement.,-4,medium,"{""absences_30j"": 3, ""overdue_tasks"": 3, ""mandatory_training_gap"": 0, ""active_projects"": 3}",2024-09-15T10:00:00+00:00
engagement-emp-23-4,emp-23,61,pulse,engaged,Mesure mensuelle d'engagement.,-4,medium,"{""absences_30j"": 1, ""overdue_tasks"": 2, ""mandatory_training_gap"": 0, ""active_projects"": 1}",2024-10-15T10:00:00+00:00
engagement-emp-23-5,emp-23,58,manager_review,boost,Mesure mensuelle d'engagement.,-3,medium,"{""absences_30j"": 2, ""overdue_tasks"": 3, ""mandatory_training_gap"": 1, ""active_projects"": 3}",2024-11-15T10:00:00+00:00
engagement-emp-23-6,emp-23,58,manager_review,stable,Mesure mensuelle d'engagement.,0,medium,"{""absences_30j"": 2, ""overdue_tasks"": 2, ""mandatory_training_gap"": 1, ""active_projects"": 1}",2024-12-15T10:00:00+00:00
engagement-emp-23-7,emp-23,59,survey,boost,Mesure mensuelle d'engagement.,1,medium,"{""absences_30j"": 1, ""overdue_tasks"": 4, ""mandatory_training_gap"": 1, ""active_projects"": 2}",2025-01-15T10:00:00+00:00
engagement-emp-23-8,emp-23,63,survey,engaged,Mesure mensuelle d'engagement.,4,medium,"{""absences_30j"": 1, ""overdue_tasks"": 3, ""mandatory_training_gap"": 0, ""active_projects"": 2}",2025-02-15T10:00:00+00:00
engagement-emp-23-9,emp-23,63,survey,engaged,Mesure mensuelle d'engagement.,0,medium,"{""absences_30j"": 0, ""overdue_tasks"": 3, ""mandatory_training_gap"": 0, ""active_projects"": 2}",2025-03-15T10:00:00+00:00
engagement-emp-23-10,emp-23,59,survey,stable,Mesure mensuelle d'engagement.,-4,medium,"{""absences_30j"": 2, ""overdue_tasks"": 0, ""mandatory_training_gap"": 1, ""active_projects"": 1}",2025-04-15T10:00:00+00:00
engagement-emp-23-11,emp-23,56,manager_review,watch,Mesure mensuelle d'engagement.,-3,medium,"{""absences_30j"": 0, ""overdue_tasks"": 0, ""mandatory_training_gap"": 1, ""active_projects"": 1}",2025-05-15T10:00:00+00:00
engagement-emp-23-12,emp-23,53,survey,stable,Mesure mensuelle d'engagement.,-3,high,"{""absences_30j"": 3, ""overdue_tasks"": 2, ""mandatory_training_gap"": 1, ""active_projects"": 3}",2025-06-15T10:00:00+00:00
engagement-emp-23-13,emp-23,57,manager_review,stable,Mesure mensuelle d'engagement.,4,medium,"{""absences_30j"": 3, ""overdue_tasks"": 2, ""mandatory_training_gap"": 0, ""active_projects"": 3}",2025-07-15T10:00:00+00:00
engagement-emp-23-14,emp-23,53,survey,boost,Mesure mensuelle d'engagement.,-4,high,"{""absences_30j"": 2, ""overdue_tasks"": 2, ""mandatory_training_gap"": 0, ""active_projects"": 2}",2025-08-15T10:00:00+00:00
engagement-emp-23-15,emp-23,54,survey,boost,Mesure mensuelle d'engagement.,1,high,"{""absences_30j"": 3, ""overdue_tasks"": 0, ""mandatory_training_gap"": 0, ""active_projects"": 3}",2025-09-15T10:00:00+00:00
engagement-emp-23-16,emp-23,52,manager_review,boost,Mesure mensuelle d'engagement.,-2,high,"{""absences_30j"": 1, ""overdue_tasks"": 3, ""mandatory_training_gap"": 1, ""active_projects"": 1}",2025-10-15T10:00:00+00:00
engagement-emp-23-17,emp-23,53,pulse,boost,Mesure mensuelle d'engagement.,1,high,"{""absences_30j"": 3, ""overdue_tasks"": 1, ""mandatory_training_gap"": 0, ""active_projects"": 3}",2025-11-15T10:00:00+00:00
engagement-emp-23-18,emp-23,57,pulse,stable,Mesure mensuelle d'engagement.,4,medium,"{""absences_30j"": 0, ""overdue_tasks"": 3, ""mandatory_training_gap"": 1, ""active_projects"": 2}",2025-12-15T10:00:00+00:00
engagement-emp-23-19,emp-23,55,manager_review,engaged,Mesure mensuelle d'engagement.,-2,medium,"{""absences_30j"": 1, ""overdue_tasks"": 1, ""mandatory_training_gap"": 0, ""active_projects"": 2}",2026-01-15T10:00:00+00:00
engagement-emp-23-20,emp-23,58,survey,stable,Mesure mensuelle d'engagement.,3,medium,"{""absences_30j"": 2, ""overdue_tasks"": 4, ""mandatory_training_gap"": 0, ""active_projects"": 1}",2026-02-15T10:00:00+00:00
engagement-emp-23-21,emp-23,55,pulse,watch,Mesure mensuelle d'engagement.,-3,medium,"{""absences_30j"": 0, ""overdue_tasks"": 4, ""mandatory_training_gap"": 1, ""active_projects"": 2}",2026-03-15T10:00:00+00:00
engagement-emp-23-22,emp-23,56,pulse,boost,Mesure mensuelle d'engagement.,1,medium,"{""absences_30j"": 1, ""overdue_tasks"": 2, ""mandatory_training_gap"": 1, ""active_projects"": 1}",2026-04-15T10:00:00+00:00
engagement-emp-23-23,emp-23,53,pulse,stable,Mesure mensuelle d'engagement.,-3,high,"{""absences_30j"": 3, ""overdue_tasks"": 0, ""mandatory_training_gap"": 1, ""active_projects"": 3}",2026-05-15T10:00:00+00:00
engagement-emp-23-24,emp-23,52,survey,engaged,Mesure mensuelle d'engagement.,-1,high,"{""absences_30j"": 2, ""overdue_tasks"": 0, ""mandatory_training_gap"": 1, ""active_projects"": 1}",2026-06-15T10:00:00+00:00
engagement-emp-24-0,emp-24,66,survey,stable,Mesure mensuelle d'engagement.,1,medium,"{""absences_30j"": 1, ""overdue_tasks"": 0, ""mandatory_training_gap"": 1, ""active_projects"": 3}",2023-06-15T10:00:00+00:00
engagement-emp-24-1,emp-24,70,manager_review,watch,Mesure mensuelle d'engagement.,4,medium,"{""absences_30j"": 0, ""overdue_tasks"": 4, ""mandatory_training_gap"": 0, ""active_projects"": 3}",2023-07-15T10:00:00+00:00
engagement-emp-24-2,emp-24,70,manager_review,engaged,Mesure mensuelle d'engagement.,0,medium,"{""absences_30j"": 0, ""overdue_tasks"": 3, ""mandatory_training_gap"": 1, ""active_projects"": 3}",2023-08-15T10:00:00+00:00
engagement-emp-24-3,emp-24,72,survey,watch,Mesure mensuelle d'engagement.,2,low,"{""absences_30j"": 0, ""overdue_tasks"": 3, ""mandatory_training_gap"": 0, ""active_projects"": 1}",2023-09-15T10:00:00+00:00
engagement-emp-24-4,emp-24,70,survey,engaged,Mesure mensuelle d'engagement.,-2,medium,"{""absences_30j"": 1, ""overdue_tasks"": 1, ""mandatory_training_gap"": 0, ""active_projects"": 3}",2023-10-15T10:00:00+00:00
engagement-emp-24-5,emp-24,68,manager_review,engaged,Mesure mensuelle d'engagement.,-2,medium,"{""absences_30j"": 1, ""overdue_tasks"": 2, ""mandatory_training_gap"": 0, ""active_projects"": 3}",2023-11-15T10:00:00+00:00
engagement-emp-24-6,emp-24,65,manager_review,watch,Mesure mensuelle d'engagement.,-3,medium,"{""absences_30j"": 1, ""overdue_tasks"": 0, ""mandatory_training_gap"": 0, ""active_projects"": 3}",2023-12-15T10:00:00+00:00
engagement-emp-24-7,emp-24,61,manager_review,stable,Mesure mensuelle d'engagement.,-4,medium,"{""absences_30j"": 0, ""overdue_tasks"": 4, ""mandatory_training_gap"": 0, ""active_projects"": 3}",2024-01-15T10:00:00+00:00
engagement-emp-24-8,emp-24,62,manager_review,watch,Mesure mensuelle d'engagement.,1,medium,"{""absences_30j"": 0, ""overdue_tasks"": 2, ""mandatory_training_gap"": 0, ""active_projects"": 3}",2024-02-15T10:00:00+00:00
engagement-emp-24-9,emp-24,64,manager_review,engaged,Mesure mensuelle d'engagement.,2,medium,"{""absences_30j"": 2, ""overdue_tasks"": 0, ""mandatory_training_gap"": 1, ""active_projects"": 1}",2024-03-15T10:00:00+00:00
engagement-emp-24-10,emp-24,65,pulse,watch,Mesure mensuelle d'engagement.,1,medium,"{""absences_30j"": 2, ""overdue_tasks"": 3, ""mandatory_training_gap"": 0, ""active_projects"": 1}",2024-04-15T10:00:00+00:00
engagement-emp-24-11,emp-24,65,manager_review,boost,Mesure mensuelle d'engagement.,0,medium,"{""absences_30j"": 2, ""overdue_tasks"": 2, ""mandatory_training_gap"": 1, ""active_projects"": 1}",2024-05-15T10:00:00+00:00
engagement-emp-24-12,emp-24,68,pulse,engaged,Mesure mensuelle d'engagement.,3,medium,"{""absences_30j"": 1, ""overdue_tasks"": 2, ""mandatory_training_gap"": 1, ""active_projects"": 3}",2024-06-15T10:00:00+00:00
engagement-emp-24-13,emp-24,72,manager_review,engaged,Mesure mensuelle d'engagement.,4,low,"{""absences_30j"": 1, ""overdue_tasks"": 1, ""mandatory_training_gap"": 1, ""active_projects"": 3}",2024-07-15T10:00:00+00:00
engagement-emp-24-14,emp-24,72,pulse,watch,Mesure mensuelle d'engagement.,0,low,"{""absences_30j"": 0, ""overdue_tasks"": 2, ""mandatory_training_gap"": 0, ""active_projects"": 3}",2024-08-15T10:00:00+00:00
engagement-emp-24-15,emp-24,76,pulse,watch,Mesure mensuelle d'engagement.,4,low,"{""absences_30j"": 2, ""overdue_tasks"": 1, ""mandatory_training_gap"": 0, ""active_projects"": 2}",2024-09-15T10:00:00+00:00
engagement-emp-24-16,emp-24,80,manager_review,stable,Mesure mensuelle d'engagement.,4,low,"{""absences_30j"": 3, ""overdue_tasks"": 2, ""mandatory_training_gap"": 1, ""active_projects"": 2}",2024-10-15T10:00:00+00:00
engagement-emp-24-17,emp-24,77,manager_review,stable,Mesure mensuelle d'engagement.,-3,low,"{""absences_30j"": 1, ""overdue_tasks"": 3, ""mandatory_training_gap"": 0, ""active_projects"": 2}",2024-11-15T10:00:00+00:00
engagement-emp-24-18,emp-24,74,pulse,engaged,Mesure mensuelle d'engagement.,-3,low,"{""absences_30j"": 3, ""overdue_tasks"": 3, ""mandatory_training_gap"": 1, ""active_projects"": 3}",2024-12-15T10:00:00+00:00
engagement-emp-24-19,emp-24,71,manager_review,boost,Mesure mensuelle d'engagement.,-3,medium,"{""absences_30j"": 3, ""overdue_tasks"": 1, ""mandatory_training_gap"": 1, ""active_projects"": 3}",2025-01-15T10:00:00+00:00
engagement-emp-24-20,emp-24,67,manager_review,stable,Mesure mensuelle d'engagement.,-4,medium,"{""absences_30j"": 2, ""overdue_tasks"": 1, ""mandatory_training_gap"": 0, ""active_projects"": 1}",2025-02-15T10:00:00+00:00
engagement-emp-24-21,emp-24,65,survey,stable,Mesure mensuelle d'engagement.,-2,medium,"{""absences_30j"": 3, ""overdue_tasks"": 3, ""mandatory_training_gap"": 0, ""active_projects"": 2}",2025-03-15T10:00:00+00:00
engagement-emp-24-22,emp-24,65,pulse,boost,Mesure mensuelle d'engagement.,0,medium,"{""absences_30j"": 3, ""overdue_tasks"": 0, ""mandatory_training_gap"": 1, ""active_projects"": 3}",2025-04-15T10:00:00+00:00
engagement-emp-24-23,emp-24,64,manager_review,stable,Mesure mensuelle d'engagement.,-1,medium,"{""absences_30j"": 1, ""overdue_tasks"": 3, ""mandatory_training_gap"": 1, ""active_projects"": 2}",2025-05-15T10:00:00+00:00
engagement-emp-24-24,emp-24,62,pulse,engaged,Mesure mensuelle d'engagement.,-2,medium,"{""absences_30j"": 3, ""overdue_tasks"": 2, ""mandatory_training_gap"": 1, ""active_projects"": 1}",2025-06-15T10:00:00+00:00
engagement-emp-24-25,emp-24,63,pulse,engaged,Mesure mensuelle d'engagement.,1,medium,"{""absences_30j"": 2, ""overdue_tasks"": 0, ""mandatory_training_gap"": 0, ""active_projects"": 2}",2025-07-15T10:00:00+00:00
engagement-emp-24-26,emp-24,64,survey,engaged,Mesure mensuelle d'engagement.,1,medium,"{""absences_30j"": 1, ""overdue_tasks"": 2, ""mandatory_training_gap"": 0, ""active_projects"": 2}",2025-08-15T10:00:00+00:00
engagement-emp-24-27,emp-24,66,pulse,watch,Mesure mensuelle d'engagement.,2,medium,"{""absences_30j"": 1, ""overdue_tasks"": 2, ""mandatory_training_gap"": 1, ""active_projects"": 1}",2025-09-15T10:00:00+00:00
engagement-emp-24-28,emp-24,69,survey,stable,Mesure mensuelle d'engagement.,3,medium,"{""absences_30j"": 1, ""overdue_tasks"": 1, ""mandatory_training_gap"": 0, ""active_projects"": 3}",2025-10-15T10:00:00+00:00
engagement-emp-24-29,emp-24,65,manager_review,engaged,Mesure mensuelle d'engagement.,-4,medium,"{""absences_30j"": 3, ""overdue_tasks"": 3, ""mandatory_training_gap"": 0, ""active_projects"": 1}",2025-11-15T10:00:00+00:00
engagement-emp-24-30,emp-24,67,manager_review,engaged,Mesure mensuelle d'engagement.,2,medium,"{""absences_30j"": 2, ""overdue_tasks"": 1, ""mandatory_training_gap"": 0, ""active_projects"": 2}",2025-12-15T10:00:00+00:00
engagement-emp-24-31,emp-24,68,pulse,watch,Mesure mensuelle d'engagement.,1,medium,"{""absences_30j"": 3, ""overdue_tasks"": 2, ""mandatory_training_gap"": 0, ""active_projects"": 2}",2026-01-15T10:00:00+00:00
engagement-emp-24-32,emp-24,71,manager_review,engaged,Mesure mensuelle d'engagement.,3,medium,"{""absences_30j"": 0, ""overdue_tasks"": 3, ""mandatory_training_gap"": 1, ""active_projects"": 3}",2026-02-15T10:00:00+00:00
engagement-emp-24-33,emp-24,70,manager_review,engaged,Mesure mensuelle d'engagement.,-1,medium,"{""absences_30j"": 1, ""overdue_tasks"": 0, ""mandatory_training_gap"": 1, ""active_projects"": 3}",2026-03-15T10:00:00+00:00
engagement-emp-24-34,emp-24,70,manager_review,boost,Mesure mensuelle d'engagement.,0,medium,"{""absences_30j"": 2, ""overdue_tasks"": 3, ""mandatory_training_gap"": 1, ""active_projects"": 2}",2026-04-15T10:00:00+00:00
engagement-emp-24-35,emp-24,67,survey,engaged,Mesure mensuelle d'engagement.,-3,medium,"{""absences_30j"": 2, ""overdue_tasks"": 1, ""mandatory_training_gap"": 0, ""active_projects"": 1}",2026-05-15T10:00:00+00:00
engagement-emp-24-36,emp-24,69,manager_review,stable,Mesure mensuelle d'engagement.,2,medium,"{""absences_30j"": 0, ""overdue_tasks"": 3, ""mandatory_training_gap"": 0, ""active_projects"": 1}",2026-06-15T10:00:00+00:00
engagement-emp-25-0,emp-25,83,pulse,stable,Mesure mensuelle d'engagement.,3,low,"{""absences_30j"": 1, ""overdue_tasks"": 1, ""mandatory_training_gap"": 1, ""active_projects"": 3}",2023-06-15T10:00:00+00:00
engagement-emp-25-1,emp-25,87,manager_review,watch,Mesure mensuelle d'engagement.,4,low,"{""absences_30j"": 1, ""overdue_tasks"": 4, ""mandatory_training_gap"": 1, ""active_projects"": 2}",2023-07-15T10:00:00+00:00
engagement-emp-25-2,emp-25,85,manager_review,watch,Mesure mensuelle d'engagement.,-2,low,"{""absences_30j"": 2, ""overdue_tasks"": 0, ""mandatory_training_gap"": 1, ""active_projects"": 2}",2023-08-15T10:00:00+00:00
engagement-emp-25-3,emp-25,89,manager_review,boost,Mesure mensuelle d'engagement.,4,low,"{""absences_30j"": 3, ""overdue_tasks"": 2, ""mandatory_training_gap"": 1, ""active_projects"": 3}",2023-09-15T10:00:00+00:00
engagement-emp-25-4,emp-25,93,pulse,engaged,Mesure mensuelle d'engagement.,4,low,"{""absences_30j"": 2, ""overdue_tasks"": 0, ""mandatory_training_gap"": 1, ""active_projects"": 2}",2023-10-15T10:00:00+00:00
engagement-emp-25-5,emp-25,97,survey,engaged,Mesure mensuelle d'engagement.,4,low,"{""absences_30j"": 2, ""overdue_tasks"": 4, ""mandatory_training_gap"": 0, ""active_projects"": 2}",2023-11-15T10:00:00+00:00
engagement-emp-25-6,emp-25,96,survey,engaged,Mesure mensuelle d'engagement.,-1,low,"{""absences_30j"": 3, ""overdue_tasks"": 1, ""mandatory_training_gap"": 1, ""active_projects"": 2}",2023-12-15T10:00:00+00:00
engagement-emp-25-7,emp-25,97,survey,stable,Mesure mensuelle d'engagement.,1,low,"{""absences_30j"": 2, ""overdue_tasks"": 4, ""mandatory_training_gap"": 0, ""active_projects"": 1}",2024-01-15T10:00:00+00:00
engagement-emp-25-8,emp-25,96,manager_review,watch,Mesure mensuelle d'engagement.,-1,low,"{""absences_30j"": 1, ""overdue_tasks"": 2, ""mandatory_training_gap"": 0, ""active_projects"": 2}",2024-02-15T10:00:00+00:00
engagement-emp-25-9,emp-25,92,survey,boost,Mesure mensuelle d'engagement.,-4,low,"{""absences_30j"": 3, ""overdue_tasks"": 1, ""mandatory_training_gap"": 1, ""active_projects"": 1}",2024-03-15T10:00:00+00:00
engagement-emp-25-10,emp-25,90,manager_review,boost,Mesure mensuelle d'engagement.,-2,low,"{""absences_30j"": 1, ""overdue_tasks"": 2, ""mandatory_training_gap"": 1, ""active_projects"": 3}",2024-04-15T10:00:00+00:00
engagement-emp-25-11,emp-25,86,survey,boost,Mesure mensuelle d'engagement.,-4,low,"{""absences_30j"": 0, ""overdue_tasks"": 0, ""mandatory_training_gap"": 1, ""active_projects"": 3}",2024-05-15T10:00:00+00:00
engagement-emp-25-12,emp-25,84,manager_review,engaged,Mesure mensuelle d'engagement.,-2,low,"{""absences_30j"": 0, ""overdue_tasks"": 0, ""mandatory_training_gap"": 1, ""active_projects"": 3}",2024-06-15T10:00:00+00:00
engagement-emp-25-13,emp-25,84,pulse,watch,Mesure mensuelle d'engagement.,0,low,"{""absences_30j"": 0, ""overdue_tasks"": 0, ""mandatory_training_gap"": 0, ""active_projects"": 3}",2024-07-15T10:00:00+00:00
engagement-emp-25-14,emp-25,84,manager_review,boost,Mesure mensuelle d'engagement.,0,low,"{""absences_30j"": 1, ""overdue_tasks"": 4, ""mandatory_training_gap"": 0, ""active_projects"": 1}",2024-08-15T10:00:00+00:00
engagement-emp-25-15,emp-25,84,pulse,watch,Mesure mensuelle d'engagement.,0,low,"{""absences_30j"": 1, ""overdue_tasks"": 1, ""mandatory_training_gap"": 0, ""active_projects"": 2}",2024-09-15T10:00:00+00:00
engagement-emp-25-16,emp-25,84,survey,boost,Mesure mensuelle d'engagement.,0,low,"{""absences_30j"": 2, ""overdue_tasks"": 2, ""mandatory_training_gap"": 0, ""active_projects"": 3}",2024-10-15T10:00:00+00:00
engagement-emp-25-17,emp-25,87,survey,stable,Mesure mensuelle d'engagement.,3,low,"{""absences_30j"": 0, ""overdue_tasks"": 2, ""mandatory_training_gap"": 0, ""active_projects"": 1}",2024-11-15T10:00:00+00:00
engagement-emp-25-18,emp-25,83,pulse,engaged,Mesure mensuelle d'engagement.,-4,low,"{""absences_30j"": 1, ""overdue_tasks"": 4, ""mandatory_training_gap"": 0, ""active_projects"": 2}",2024-12-15T10:00:00+00:00
engagement-emp-25-19,emp-25,85,manager_review,stable,Mesure mensuelle d'engagement.,2,low,"{""absences_30j"": 0, ""overdue_tasks"": 1, ""mandatory_training_gap"": 0, ""active_projects"": 1}",2025-01-15T10:00:00+00:00
engagement-emp-25-20,emp-25,87,survey,stable,Mesure mensuelle d'engagement.,2,low,"{""absences_30j"": 2, ""overdue_tasks"": 1, ""mandatory_training_gap"": 0, ""active_projects"": 3}",2025-02-15T10:00:00+00:00
engagement-emp-25-21,emp-25,85,survey,stable,Mesure mensuelle d'engagement.,-2,low,"{""absences_30j"": 0, ""overdue_tasks"": 0, ""mandatory_training_gap"": 0, ""active_projects"": 3}",2025-03-15T10:00:00+00:00
engagement-emp-25-22,emp-25,83,pulse,engaged,Mesure mensuelle d'engagement.,-2,low,"{""absences_30j"": 3, ""overdue_tasks"": 0, ""mandatory_training_gap"": 1, ""active_projects"": 2}",2025-04-15T10:00:00+00:00
engagement-emp-25-23,emp-25,80,manager_review,stable,Mesure mensuelle d'engagement.,-3,low,"{""absences_30j"": 2, ""overdue_tasks"": 3, ""mandatory_training_gap"": 1, ""active_projects"": 1}",2025-05-15T10:00:00+00:00
engagement-emp-25-24,emp-25,79,manager_review,engaged,Mesure mensuelle d'engagement.,-1,low,"{""absences_30j"": 3, ""overdue_tasks"": 4, ""mandatory_training_gap"": 1, ""active_projects"": 2}",2025-06-15T10:00:00+00:00
engagement-emp-25-25,emp-25,79,manager_review,engaged,Mesure mensuelle d'engagement.,0,low,"{""absences_30j"": 2, ""overdue_tasks"": 4, ""mandatory_training_gap"": 1, ""active_projects"": 1}",2025-07-15T10:00:00+00:00
engagement-emp-25-26,emp-25,76,pulse,watch,Mesure mensuelle d'engagement.,-3,low,"{""absences_30j"": 0, ""overdue_tasks"": 0, ""mandatory_training_gap"": 0, ""active_projects"": 2}",2025-08-15T10:00:00+00:00
engagement-emp-25-27,emp-25,77,pulse,boost,Mesure mensuelle d'engagement.,1,low,"{""absences_30j"": 0, ""overdue_tasks"": 0, ""mandatory_training_gap"": 0, ""active_projects"": 2}",2025-09-15T10:00:00+00:00
engagement-emp-25-28,emp-25,78,survey,watch,Mesure mensuelle d'engagement.,1,low,"{""absences_30j"": 0, ""overdue_tasks"": 3, ""mandatory_training_gap"": 1, ""active_projects"": 2}",2025-10-15T10:00:00+00:00
engagement-emp-25-29,emp-25,78,survey,boost,Mesure mensuelle d'engagement.,0,low,"{""absences_30j"": 2, ""overdue_tasks"": 1, ""mandatory_training_gap"": 1, ""active_projects"": 3}",2025-11-15T10:00:00+00:00
engagement-emp-25-30,emp-25,82,survey,boost,Mesure mensuelle d'engagement.,4,low,"{""absences_30j"": 3, ""overdue_tasks"": 4, ""mandatory_training_gap"": 0, ""active_projects"": 2}",2025-12-15T10:00:00+00:00
engagement-emp-25-31,emp-25,86,pulse,watch,Mesure mensuelle d'engagement.,4,low,"{""absences_30j"": 0, ""overdue_tasks"": 3, ""mandatory_training_gap"": 0, ""active_projects"": 1}",2026-01-15T10:00:00+00:00
engagement-emp-25-32,emp-25,87,manager_review,engaged,Mesure mensuelle d'engagement.,1,low,"{""absences_30j"": 1, ""overdue_tasks"": 0, ""mandatory_training_gap"": 1, ""active_projects"": 2}",2026-02-15T10:00:00+00:00
engagement-emp-25-33,emp-25,89,survey,watch,Mesure mensuelle d'engagement.,2,low,"{""absences_30j"": 1, ""overdue_tasks"": 2, ""mandatory_training_gap"": 1, ""active_projects"": 2}",2026-03-15T10:00:00+00:00
engagement-emp-25-34,emp-25,91,manager_review,watch,Mesure mensuelle d'engagement.,2,low,"{""absences_30j"": 1, ""overdue_tasks"": 0, ""mandatory_training_gap"": 0, ""active_projects"": 3}",2026-04-15T10:00:00+00:00
engagement-emp-25-35,emp-25,94,survey,boost,Mesure mensuelle d'engagement.,3,low,"{""absences_30j"": 3, ""overdue_tasks"": 2, ""mandatory_training_gap"": 0, ""active_projects"": 1}",2026-05-15T10:00:00+00:00
engagement-emp-25-36,emp-25,97,pulse,stable,Mesure mensuelle d'engagement.,3,low,"{""absences_30j"": 2, ""overdue_tasks"": 4, ""mandatory_training_gap"": 0, ""active_projects"": 1}",2026-06-15T10:00:00+00:00
engagement-emp-26-0,emp-26,77,pulse,boost,Mesure mensuelle d'engagement.,-1,low,"{""absences_30j"": 3, ""overdue_tasks"": 4, ""mandatory_training_gap"": 0, ""active_projects"": 1}",2024-06-15T10:00:00+00:00
engagement-emp-26-1,emp-26,76,pulse,boost,Mesure mensuelle d'engagement.,-1,low,"{""absences_30j"": 1, ""overdue_tasks"": 4, ""mandatory_training_gap"": 0, ""active_projects"": 2}",2024-07-15T10:00:00+00:00
engagement-emp-26-2,emp-26,72,manager_review,watch,Mesure mensuelle d'engagement.,-4,low,"{""absences_30j"": 2, ""overdue_tasks"": 1, ""mandatory_training_gap"": 1, ""active_projects"": 1}",2024-08-15T10:00:00+00:00
engagement-emp-26-3,emp-26,76,pulse,stable,Mesure mensuelle d'engagement.,4,low,"{""absences_30j"": 0, ""overdue_tasks"": 0, ""mandatory_training_gap"": 1, ""active_projects"": 3}",2024-09-15T10:00:00+00:00
engagement-emp-26-4,emp-26,79,manager_review,boost,Mesure mensuelle d'engagement.,3,low,"{""absences_30j"": 3, ""overdue_tasks"": 3, ""mandatory_training_gap"": 1, ""active_projects"": 3}",2024-10-15T10:00:00+00:00
engagement-emp-26-5,emp-26,81,survey,stable,Mesure mensuelle d'engagement.,2,low,"{""absences_30j"": 3, ""overdue_tasks"": 4, ""mandatory_training_gap"": 0, ""active_projects"": 1}",2024-11-15T10:00:00+00:00
engagement-emp-26-6,emp-26,83,manager_review,engaged,Mesure mensuelle d'engagement.,2,low,"{""absences_30j"": 0, ""overdue_tasks"": 4, ""mandatory_training_gap"": 0, ""active_projects"": 2}",2024-12-15T10:00:00+00:00
engagement-emp-26-7,emp-26,81,manager_review,stable,Mesure mensuelle d'engagement.,-2,low,"{""absences_30j"": 3, ""overdue_tasks"": 4, ""mandatory_training_gap"": 1, ""active_projects"": 2}",2025-01-15T10:00:00+00:00
engagement-emp-26-8,emp-26,84,survey,stable,Mesure mensuelle d'engagement.,3,low,"{""absences_30j"": 3, ""overdue_tasks"": 4, ""mandatory_training_gap"": 1, ""active_projects"": 2}",2025-02-15T10:00:00+00:00
engagement-emp-26-9,emp-26,85,survey,engaged,Mesure mensuelle d'engagement.,1,low,"{""absences_30j"": 0, ""overdue_tasks"": 1, ""mandatory_training_gap"": 0, ""active_projects"": 2}",2025-03-15T10:00:00+00:00
engagement-emp-26-10,emp-26,87,pulse,engaged,Mesure mensuelle d'engagement.,2,low,"{""absences_30j"": 0, ""overdue_tasks"": 3, ""mandatory_training_gap"": 0, ""active_projects"": 1}",2025-04-15T10:00:00+00:00
engagement-emp-26-11,emp-26,88,pulse,stable,Mesure mensuelle d'engagement.,1,low,"{""absences_30j"": 1, ""overdue_tasks"": 4, ""mandatory_training_gap"": 1, ""active_projects"": 1}",2025-05-15T10:00:00+00:00
engagement-emp-26-12,emp-26,85,manager_review,stable,Mesure mensuelle d'engagement.,-3,low,"{""absences_30j"": 3, ""overdue_tasks"": 4, ""mandatory_training_gap"": 1, ""active_projects"": 1}",2025-06-15T10:00:00+00:00
engagement-emp-26-13,emp-26,86,survey,stable,Mesure mensuelle d'engagement.,1,low,"{""absences_30j"": 0, ""overdue_tasks"": 1, ""mandatory_training_gap"": 0, ""active_projects"": 1}",2025-07-15T10:00:00+00:00
engagement-emp-26-14,emp-26,85,manager_review,watch,Mesure mensuelle d'engagement.,-1,low,"{""absences_30j"": 1, ""overdue_tasks"": 0, ""mandatory_training_gap"": 0, ""active_projects"": 1}",2025-08-15T10:00:00+00:00
engagement-emp-26-15,emp-26,81,manager_review,boost,Mesure mensuelle d'engagement.,-4,low,"{""absences_30j"": 3, ""overdue_tasks"": 4, ""mandatory_training_gap"": 0, ""active_projects"": 2}",2025-09-15T10:00:00+00:00
engagement-emp-26-16,emp-26,77,survey,watch,Mesure mensuelle d'engagement.,-4,low,"{""absences_30j"": 0, ""overdue_tasks"": 3, ""mandatory_training_gap"": 0, ""active_projects"": 2}",2025-10-15T10:00:00+00:00
engagement-emp-26-17,emp-26,76,pulse,engaged,Mesure mensuelle d'engagement.,-1,low,"{""absences_30j"": 2, ""overdue_tasks"": 4, ""mandatory_training_gap"": 0, ""active_projects"": 3}",2025-11-15T10:00:00+00:00
engagement-emp-26-18,emp-26,77,manager_review,watch,Mesure mensuelle d'engagement.,1,low,"{""absences_30j"": 0, ""overdue_tasks"": 3, ""mandatory_training_gap"": 0, ""active_projects"": 1}",2025-12-15T10:00:00+00:00
engagement-emp-26-19,emp-26,80,survey,watch,Mesure mensuelle d'engagement.,3,low,"{""absences_30j"": 0, ""overdue_tasks"": 1, ""mandatory_training_gap"": 0, ""active_projects"": 1}",2026-01-15T10:00:00+00:00
engagement-emp-26-20,emp-26,81,manager_review,watch,Mesure mensuelle d'engagement.,1,low,"{""absences_30j"": 2, ""overdue_tasks"": 0, ""mandatory_training_gap"": 0, ""active_projects"": 3}",2026-02-15T10:00:00+00:00
engagement-emp-26-21,emp-26,80,manager_review,stable,Mesure mensuelle d'engagement.,-1,low,"{""absences_30j"": 0, ""overdue_tasks"": 2, ""mandatory_training_gap"": 1, ""active_projects"": 3}",2026-03-15T10:00:00+00:00
engagement-emp-26-22,emp-26,78,manager_review,boost,Mesure mensuelle d'engagement.,-2,low,"{""absences_30j"": 2, ""overdue_tasks"": 0, ""mandatory_training_gap"": 1, ""active_projects"": 2}",2026-04-15T10:00:00+00:00
engagement-emp-26-23,emp-26,74,survey,stable,Mesure mensuelle d'engagement.,-4,low,"{""absences_30j"": 1, ""overdue_tasks"": 4, ""mandatory_training_gap"": 0, ""active_projects"": 1}",2026-05-15T10:00:00+00:00
engagement-emp-26-24,emp-26,73,manager_review,engaged,Mesure mensuelle d'engagement.,-1,low,"{""absences_30j"": 3, ""overdue_tasks"": 2, ""mandatory_training_gap"": 0, ""active_projects"": 2}",2026-06-15T10:00:00+00:00
engagement-emp-27-0,emp-27,90,survey,watch,Mesure mensuelle d'engagement.,3,low,"{""absences_30j"": 0, ""overdue_tasks"": 0, ""mandatory_training_gap"": 0, ""active_projects"": 3}",2025-05-15T10:00:00+00:00
engagement-emp-27-1,emp-27,88,manager_review,boost,Mesure mensuelle d'engagement.,-2,low,"{""absences_30j"": 2, ""overdue_tasks"": 1, ""mandatory_training_gap"": 1, ""active_projects"": 2}",2025-06-15T10:00:00+00:00
engagement-emp-27-2,emp-27,87,survey,watch,Mesure mensuelle d'engagement.,-1,low,"{""absences_30j"": 2, ""overdue_tasks"": 3, ""mandatory_training_gap"": 0, ""active_projects"": 1}",2025-07-15T10:00:00+00:00
engagement-emp-27-3,emp-27,85,survey,watch,Mesure mensuelle d'engagement.,-2,low,"{""absences_30j"": 0, ""overdue_tasks"": 4, ""mandatory_training_gap"": 0, ""active_projects"": 2}",2025-08-15T10:00:00+00:00
engagement-emp-27-4,emp-27,89,pulse,engaged,Mesure mensuelle d'engagement.,4,low,"{""absences_30j"": 3, ""overdue_tasks"": 0, ""mandatory_training_gap"": 1, ""active_projects"": 2}",2025-09-15T10:00:00+00:00
engagement-emp-27-5,emp-27,92,manager_review,watch,Mesure mensuelle d'engagement.,3,low,"{""absences_30j"": 3, ""overdue_tasks"": 3, ""mandatory_training_gap"": 0, ""active_projects"": 2}",2025-10-15T10:00:00+00:00
engagement-emp-27-6,emp-27,92,survey,engaged,Mesure mensuelle d'engagement.,0,low,"{""absences_30j"": 2, ""overdue_tasks"": 0, ""mandatory_training_gap"": 0, ""active_projects"": 1}",2025-11-15T10:00:00+00:00
engagement-emp-27-7,emp-27,92,pulse,watch,Mesure mensuelle d'engagement.,0,low,"{""absences_30j"": 1, ""overdue_tasks"": 2, ""mandatory_training_gap"": 1, ""active_projects"": 1}",2025-12-15T10:00:00+00:00
engagement-emp-27-8,emp-27,92,survey,watch,Mesure mensuelle d'engagement.,0,low,"{""absences_30j"": 2, ""overdue_tasks"": 3, ""mandatory_training_gap"": 1, ""active_projects"": 2}",2026-01-15T10:00:00+00:00
engagement-emp-27-9,emp-27,93,manager_review,boost,Mesure mensuelle d'engagement.,1,low,"{""absences_30j"": 2, ""overdue_tasks"": 0, ""mandatory_training_gap"": 0, ""active_projects"": 2}",2026-02-15T10:00:00+00:00
engagement-emp-27-10,emp-27,91,survey,boost,Mesure mensuelle d'engagement.,-2,low,"{""absences_30j"": 2, ""overdue_tasks"": 4, ""mandatory_training_gap"": 1, ""active_projects"": 3}",2026-03-15T10:00:00+00:00
engagement-emp-27-11,emp-27,90,manager_review,watch,Mesure mensuelle d'engagement.,-1,low,"{""absences_30j"": 2, ""overdue_tasks"": 4, ""mandatory_training_gap"": 0, ""active_projects"": 3}",2026-04-15T10:00:00+00:00
engagement-emp-27-12,emp-27,92,pulse,stable,Mesure mensuelle d'engagement.,2,low,"{""absences_30j"": 0, ""overdue_tasks"": 0, ""mandatory_training_gap"": 0, ""active_projects"": 3}",2026-05-15T10:00:00+00:00
engagement-emp-27-13,emp-27,89,survey,engaged,Mesure mensuelle d'engagement.,-3,low,"{""absences_30j"": 0, ""overdue_tasks"": 1, ""mandatory_training_gap"": 0, ""active_projects"": 1}",2026-06-15T10:00:00+00:00
engagement-emp-28-0,emp-28,82,survey,engaged,Mesure mensuelle d'engagement.,-4,low,"{""absences_30j"": 0, ""overdue_tasks"": 3, ""mandatory_training_gap"": 0, ""active_projects"": 2}",2023-06-15T10:00:00+00:00
engagement-emp-28-1,emp-28,83,manager_review,boost,Mesure mensuelle d'engagement.,1,low,"{""absences_30j"": 3, ""overdue_tasks"": 2, ""mandatory_training_gap"": 1, ""active_projects"": 3}",2023-07-15T10:00:00+00:00
engagement-emp-28-2,emp-28,82,survey,stable,Mesure mensuelle d'engagement.,-1,low,"{""absences_30j"": 3, ""overdue_tasks"": 3, ""mandatory_training_gap"": 0, ""active_projects"": 3}",2023-08-15T10:00:00+00:00
engagement-emp-28-3,emp-28,78,manager_review,watch,Mesure mensuelle d'engagement.,-4,low,"{""absences_30j"": 0, ""overdue_tasks"": 4, ""mandatory_training_gap"": 1, ""active_projects"": 1}",2023-09-15T10:00:00+00:00
engagement-emp-28-4,emp-28,77,manager_review,watch,Mesure mensuelle d'engagement.,-1,low,"{""absences_30j"": 1, ""overdue_tasks"": 1, ""mandatory_training_gap"": 0, ""active_projects"": 3}",2023-10-15T10:00:00+00:00
engagement-emp-28-5,emp-28,76,survey,engaged,Mesure mensuelle d'engagement.,-1,low,"{""absences_30j"": 2, ""overdue_tasks"": 0, ""mandatory_training_gap"": 0, ""active_projects"": 3}",2023-11-15T10:00:00+00:00
engagement-emp-28-6,emp-28,75,manager_review,boost,Mesure mensuelle d'engagement.,-1,low,"{""absences_30j"": 2, ""overdue_tasks"": 0, ""mandatory_training_gap"": 1, ""active_projects"": 3}",2023-12-15T10:00:00+00:00
engagement-emp-28-7,emp-28,77,manager_review,engaged,Mesure mensuelle d'engagement.,2,low,"{""absences_30j"": 2, ""overdue_tasks"": 1, ""mandatory_training_gap"": 0, ""active_projects"": 1}",2024-01-15T10:00:00+00:00
engagement-emp-28-8,emp-28,80,survey,engaged,Mesure mensuelle d'engagement.,3,low,"{""absences_30j"": 2, ""overdue_tasks"": 1, ""mandatory_training_gap"": 1, ""active_projects"": 1}",2024-02-15T10:00:00+00:00
engagement-emp-28-9,emp-28,83,pulse,watch,Mesure mensuelle d'engagement.,3,low,"{""absences_30j"": 0, ""overdue_tasks"": 3, ""mandatory_training_gap"": 1, ""active_projects"": 2}",2024-03-15T10:00:00+00:00
engagement-emp-28-10,emp-28,83,survey,watch,Mesure mensuelle d'engagement.,0,low,"{""absences_30j"": 2, ""overdue_tasks"": 3, ""mandatory_training_gap"": 1, ""active_projects"": 1}",2024-04-15T10:00:00+00:00
engagement-emp-28-11,emp-28,83,pulse,stable,Mesure mensuelle d'engagement.,0,low,"{""absences_30j"": 1, ""overdue_tasks"": 4, ""mandatory_training_gap"": 0, ""active_projects"": 2}",2024-05-15T10:00:00+00:00
engagement-emp-28-12,emp-28,85,manager_review,watch,Mesure mensuelle d'engagement.,2,low,"{""absences_30j"": 0, ""overdue_tasks"": 2, ""mandatory_training_gap"": 1, ""active_projects"": 3}",2024-06-15T10:00:00+00:00
engagement-emp-28-13,emp-28,81,survey,stable,Mesure mensuelle d'engagement.,-4,low,"{""absences_30j"": 2, ""overdue_tasks"": 1, ""mandatory_training_gap"": 1, ""active_projects"": 3}",2024-07-15T10:00:00+00:00
engagement-emp-28-14,emp-28,80,pulse,boost,Mesure mensuelle d'engagement.,-1,low,"{""absences_30j"": 2, ""overdue_tasks"": 0, ""mandatory_training_gap"": 0, ""active_projects"": 1}",2024-08-15T10:00:00+00:00
engagement-emp-28-15,emp-28,83,manager_review,boost,Mesure mensuelle d'engagement.,3,low,"{""absences_30j"": 0, ""overdue_tasks"": 1, ""mandatory_training_gap"": 0, ""active_projects"": 2}",2024-09-15T10:00:00+00:00
engagement-emp-28-16,emp-28,83,survey,engaged,Mesure mensuelle d'engagement.,0,low,"{""absences_30j"": 1, ""overdue_tasks"": 3, ""mandatory_training_gap"": 1, ""active_projects"": 1}",2024-10-15T10:00:00+00:00
engagement-emp-28-17,emp-28,85,manager_review,engaged,Mesure mensuelle d'engagement.,2,low,"{""absences_30j"": 2, ""overdue_tasks"": 2, ""mandatory_training_gap"": 1, ""active_projects"": 1}",2024-11-15T10:00:00+00:00
engagement-emp-28-18,emp-28,85,survey,stable,Mesure mensuelle d'engagement.,0,low,"{""absences_30j"": 1, ""overdue_tasks"": 4, ""mandatory_training_gap"": 0, ""active_projects"": 2}",2024-12-15T10:00:00+00:00
engagement-emp-28-19,emp-28,82,survey,watch,Mesure mensuelle d'engagement.,-3,low,"{""absences_30j"": 0, ""overdue_tasks"": 0, ""mandatory_training_gap"": 1, ""active_projects"": 1}",2025-01-15T10:00:00+00:00
engagement-emp-28-20,emp-28,80,manager_review,watch,Mesure mensuelle d'engagement.,-2,low,"{""absences_30j"": 3, ""overdue_tasks"": 3, ""mandatory_training_gap"": 0, ""active_projects"": 1}",2025-02-15T10:00:00+00:00
engagement-emp-28-21,emp-28,80,survey,stable,Mesure mensuelle d'engagement.,0,low,"{""absences_30j"": 2, ""overdue_tasks"": 4, ""mandatory_training_gap"": 0, ""active_projects"": 3}",2025-03-15T10:00:00+00:00
engagement-emp-28-22,emp-28,84,pulse,boost,Mesure mensuelle d'engagement.,4,low,"{""absences_30j"": 3, ""overdue_tasks"": 0, ""mandatory_training_gap"": 1, ""active_projects"": 1}",2025-04-15T10:00:00+00:00
engagement-emp-28-23,emp-28,87,manager_review,engaged,Mesure mensuelle d'engagement.,3,low,"{""absences_30j"": 3, ""overdue_tasks"": 0, ""mandatory_training_gap"": 0, ""active_projects"": 2}",2025-05-15T10:00:00+00:00
engagement-emp-28-24,emp-28,83,pulse,engaged,Mesure mensuelle d'engagement.,-4,low,"{""absences_30j"": 3, ""overdue_tasks"": 4, ""mandatory_training_gap"": 0, ""active_projects"": 3}",2025-06-15T10:00:00+00:00
engagement-emp-28-25,emp-28,79,manager_review,watch,Mesure mensuelle d'engagement.,-4,low,"{""absences_30j"": 1, ""overdue_tasks"": 1, ""mandatory_training_gap"": 0, ""active_projects"": 1}",2025-07-15T10:00:00+00:00
engagement-emp-28-26,emp-28,78,pulse,stable,Mesure mensuelle d'engagement.,-1,low,"{""absences_30j"": 3, ""overdue_tasks"": 2, ""mandatory_training_gap"": 0, ""active_projects"": 1}",2025-08-15T10:00:00+00:00
engagement-emp-28-27,emp-28,77,pulse,watch,Mesure mensuelle d'engagement.,-1,low,"{""absences_30j"": 0, ""overdue_tasks"": 2, ""mandatory_training_gap"": 0, ""active_projects"": 2}",2025-09-15T10:00:00+00:00
engagement-emp-28-28,emp-28,74,survey,watch,Mesure mensuelle d'engagement.,-3,low,"{""absences_30j"": 3, ""overdue_tasks"": 3, ""mandatory_training_gap"": 0, ""active_projects"": 3}",2025-10-15T10:00:00+00:00
engagement-emp-28-29,emp-28,76,pulse,engaged,Mesure mensuelle d'engagement.,2,low,"{""absences_30j"": 0, ""overdue_tasks"": 3, ""mandatory_training_gap"": 1, ""active_projects"": 2}",2025-11-15T10:00:00+00:00
engagement-emp-28-30,emp-28,75,survey,stable,Mesure mensuelle d'engagement.,-1,low,"{""absences_30j"": 3, ""overdue_tasks"": 2, ""mandatory_training_gap"": 1, ""active_projects"": 1}",2025-12-15T10:00:00+00:00
engagement-emp-28-31,emp-28,77,manager_review,watch,Mesure mensuelle d'engagement.,2,low,"{""absences_30j"": 2, ""overdue_tasks"": 3, ""mandatory_training_gap"": 0, ""active_projects"": 2}",2026-01-15T10:00:00+00:00
engagement-emp-28-32,emp-28,73,survey,watch,Mesure mensuelle d'engagement.,-4,low,"{""absences_30j"": 2, ""overdue_tasks"": 1, ""mandatory_training_gap"": 0, ""active_projects"": 1}",2026-02-15T10:00:00+00:00
engagement-emp-28-33,emp-28,75,pulse,boost,Mesure mensuelle d'engagement.,2,low,"{""absences_30j"": 0, ""overdue_tasks"": 4, ""mandatory_training_gap"": 0, ""active_projects"": 1}",2026-03-15T10:00:00+00:00
engagement-emp-28-34,emp-28,77,manager_review,engaged,Mesure mensuelle d'engagement.,2,low,"{""absences_30j"": 0, ""overdue_tasks"": 3, ""mandatory_training_gap"": 0, ""active_projects"": 2}",2026-04-15T10:00:00+00:00
engagement-emp-28-35,emp-28,81,survey,stable,Mesure mensuelle d'engagement.,4,low,"{""absences_30j"": 0, ""overdue_tasks"": 4, ""mandatory_training_gap"": 0, ""active_projects"": 1}",2026-05-15T10:00:00+00:00
engagement-emp-28-36,emp-28,85,manager_review,watch,Mesure mensuelle d'engagement.,4,low,"{""absences_30j"": 1, ""overdue_tasks"": 1, ""mandatory_training_gap"": 0, ""active_projects"": 1}",2026-06-15T10:00:00+00:00
engagement-emp-29-0,emp-29,85,manager_review,engaged,Mesure mensuelle d'engagement.,1,low,"{""absences_30j"": 0, ""overdue_tasks"": 3, ""mandatory_training_gap"": 1, ""active_projects"": 1}",2023-06-15T10:00:00+00:00
engagement-emp-29-1,emp-29,87,survey,stable,Mesure mensuelle d'engagement.,2,low,"{""absences_30j"": 3, ""overdue_tasks"": 3, ""mandatory_training_gap"": 1, ""active_projects"": 3}",2023-07-15T10:00:00+00:00
engagement-emp-29-2,emp-29,91,pulse,watch,Mesure mensuelle d'engagement.,4,low,"{""absences_30j"": 3, ""overdue_tasks"": 2, ""mandatory_training_gap"": 1, ""active_projects"": 3}",2023-08-15T10:00:00+00:00
engagement-emp-29-3,emp-29,91,survey,boost,Mesure mensuelle d'engagement.,0,low,"{""absences_30j"": 1, ""overdue_tasks"": 2, ""mandatory_training_gap"": 0, ""active_projects"": 3}",2023-09-15T10:00:00+00:00
engagement-emp-29-4,emp-29,91,survey,watch,Mesure mensuelle d'engagement.,0,low,"{""absences_30j"": 1, ""overdue_tasks"": 2, ""mandatory_training_gap"": 0, ""active_projects"": 2}",2023-10-15T10:00:00+00:00
engagement-emp-29-5,emp-29,94,survey,boost,Mesure mensuelle d'engagement.,3,low,"{""absences_30j"": 3, ""overdue_tasks"": 4, ""mandatory_training_gap"": 0, ""active_projects"": 3}",2023-11-15T10:00:00+00:00
engagement-emp-29-6,emp-29,92,manager_review,engaged,Mesure mensuelle d'engagement.,-2,low,"{""absences_30j"": 2, ""overdue_tasks"": 0, ""mandatory_training_gap"": 1, ""active_projects"": 3}",2023-12-15T10:00:00+00:00
engagement-emp-29-7,emp-29,96,pulse,stable,Mesure mensuelle d'engagement.,4,low,"{""absences_30j"": 2, ""overdue_tasks"": 3, ""mandatory_training_gap"": 0, ""active_projects"": 3}",2024-01-15T10:00:00+00:00
engagement-emp-29-8,emp-29,98,survey,watch,Mesure mensuelle d'engagement.,2,low,"{""absences_30j"": 1, ""overdue_tasks"": 3, ""mandatory_training_gap"": 1, ""active_projects"": 2}",2024-02-15T10:00:00+00:00
engagement-emp-29-9,emp-29,95,pulse,boost,Mesure mensuelle d'engagement.,-3,low,"{""absences_30j"": 1, ""overdue_tasks"": 1, ""mandatory_training_gap"": 0, ""active_projects"": 3}",2024-03-15T10:00:00+00:00
engagement-emp-29-10,emp-29,98,survey,boost,Mesure mensuelle d'engagement.,3,low,"{""absences_30j"": 2, ""overdue_tasks"": 2, ""mandatory_training_gap"": 1, ""active_projects"": 3}",2024-04-15T10:00:00+00:00
engagement-emp-29-11,emp-29,98,survey,engaged,Mesure mensuelle d'engagement.,0,low,"{""absences_30j"": 0, ""overdue_tasks"": 3, ""mandatory_training_gap"": 0, ""active_projects"": 2}",2024-05-15T10:00:00+00:00
engagement-emp-29-12,emp-29,94,survey,boost,Mesure mensuelle d'engagement.,-4,low,"{""absences_30j"": 0, ""overdue_tasks"": 3, ""mandatory_training_gap"": 0, ""active_projects"": 3}",2024-06-15T10:00:00+00:00
engagement-emp-29-13,emp-29,93,manager_review,engaged,Mesure mensuelle d'engagement.,-1,low,"{""absences_30j"": 0, ""overdue_tasks"": 1, ""mandatory_training_gap"": 0, ""active_projects"": 3}",2024-07-15T10:00:00+00:00
engagement-emp-29-14,emp-29,89,pulse,watch,Mesure mensuelle d'engagement.,-4,low,"{""absences_30j"": 1, ""overdue_tasks"": 2, ""mandatory_training_gap"": 0, ""active_projects"": 3}",2024-08-15T10:00:00+00:00
engagement-emp-29-15,emp-29,86,manager_review,watch,Mesure mensuelle d'engagement.,-3,low,"{""absences_30j"": 0, ""overdue_tasks"": 2, ""mandatory_training_gap"": 1, ""active_projects"": 2}",2024-09-15T10:00:00+00:00
engagement-emp-29-16,emp-29,87,pulse,boost,Mesure mensuelle d'engagement.,1,low,"{""absences_30j"": 3, ""overdue_tasks"": 1, ""mandatory_training_gap"": 0, ""active_projects"": 3}",2024-10-15T10:00:00+00:00
engagement-emp-29-17,emp-29,85,pulse,stable,Mesure mensuelle d'engagement.,-2,low,"{""absences_30j"": 3, ""overdue_tasks"": 1, ""mandatory_training_gap"": 0, ""active_projects"": 2}",2024-11-15T10:00:00+00:00
engagement-emp-29-18,emp-29,81,pulse,engaged,Mesure mensuelle d'engagement.,-4,low,"{""absences_30j"": 3, ""overdue_tasks"": 2, ""mandatory_training_gap"": 0, ""active_projects"": 1}",2024-12-15T10:00:00+00:00
engagement-emp-29-19,emp-29,83,pulse,watch,Mesure mensuelle d'engagement.,2,low,"{""absences_30j"": 2, ""overdue_tasks"": 0, ""mandatory_training_gap"": 0, ""active_projects"": 2}",2025-01-15T10:00:00+00:00
engagement-emp-29-20,emp-29,82,manager_review,engaged,Mesure mensuelle d'engagement.,-1,low,"{""absences_30j"": 2, ""overdue_tasks"": 0, ""mandatory_training_gap"": 0, ""active_projects"": 2}",2025-02-15T10:00:00+00:00
engagement-emp-29-21,emp-29,84,manager_review,stable,Mesure mensuelle d'engagement.,2,low,"{""absences_30j"": 2, ""overdue_tasks"": 4, ""mandatory_training_gap"": 1, ""active_projects"": 1}",2025-03-15T10:00:00+00:00
engagement-emp-29-22,emp-29,85,manager_review,watch,Mesure mensuelle d'engagement.,1,low,"{""absences_30j"": 2, ""overdue_tasks"": 1, ""mandatory_training_gap"": 0, ""active_projects"": 2}",2025-04-15T10:00:00+00:00
engagement-emp-29-23,emp-29,87,manager_review,watch,Mesure mensuelle d'engagement.,2,low,"{""absences_30j"": 2, ""overdue_tasks"": 0, ""mandatory_training_gap"": 1, ""active_projects"": 3}",2025-05-15T10:00:00+00:00
engagement-emp-29-24,emp-29,83,manager_review,stable,Mesure mensuelle d'engagement.,-4,low,"{""absences_30j"": 3, ""overdue_tasks"": 0, ""mandatory_training_gap"": 1, ""active_projects"": 3}",2025-06-15T10:00:00+00:00
engagement-emp-29-25,emp-29,80,survey,boost,Mesure mensuelle d'engagement.,-3,low,"{""absences_30j"": 0, ""overdue_tasks"": 2, ""mandatory_training_gap"": 0, ""active_projects"": 1}",2025-07-15T10:00:00+00:00
engagement-emp-29-26,emp-29,78,manager_review,stable,Mesure mensuelle d'engagement.,-2,low,"{""absences_30j"": 1, ""overdue_tasks"": 2, ""mandatory_training_gap"": 1, ""active_projects"": 1}",2025-08-15T10:00:00+00:00
engagement-emp-29-27,emp-29,80,pulse,stable,Mesure mensuelle d'engagement.,2,low,"{""absences_30j"": 1, ""overdue_tasks"": 2, ""mandatory_training_gap"": 0, ""active_projects"": 2}",2025-09-15T10:00:00+00:00
engagement-emp-29-28,emp-29,80,survey,stable,Mesure mensuelle d'engagement.,0,low,"{""absences_30j"": 0, ""overdue_tasks"": 2, ""mandatory_training_gap"": 0, ""active_projects"": 3}",2025-10-15T10:00:00+00:00
engagement-emp-29-29,emp-29,76,manager_review,watch,Mesure mensuelle d'engagement.,-4,low,"{""absences_30j"": 3, ""overdue_tasks"": 1, ""mandatory_training_gap"": 0, ""active_projects"": 2}",2025-11-15T10:00:00+00:00
engagement-emp-29-30,emp-29,80,pulse,boost,Mesure mensuelle d'engagement.,4,low,"{""absences_30j"": 2, ""overdue_tasks"": 1, ""mandatory_training_gap"": 0, ""active_projects"": 1}",2025-12-15T10:00:00+00:00
engagement-emp-29-31,emp-29,82,pulse,stable,Mesure mensuelle d'engagement.,2,low,"{""absences_30j"": 1, ""overdue_tasks"": 4, ""mandatory_training_gap"": 0, ""active_projects"": 1}",2026-01-15T10:00:00+00:00
engagement-emp-29-32,emp-29,78,pulse,watch,Mesure mensuelle d'engagement.,-4,low,"{""absences_30j"": 2, ""overdue_tasks"": 0, ""mandatory_training_gap"": 1, ""active_projects"": 2}",2026-02-15T10:00:00+00:00
engagement-emp-29-33,emp-29,75,pulse,engaged,Mesure mensuelle d'engagement.,-3,low,"{""absences_30j"": 1, ""overdue_tasks"": 2, ""mandatory_training_gap"": 1, ""active_projects"": 1}",2026-03-15T10:00:00+00:00
engagement-emp-29-34,emp-29,74,manager_review,engaged,Mesure mensuelle d'engagement.,-1,low,"{""absences_30j"": 0, ""overdue_tasks"": 0, ""mandatory_training_gap"": 0, ""active_projects"": 2}",2026-04-15T10:00:00+00:00
engagement-emp-29-35,emp-29,77,survey,boost,Mesure mensuelle d'engagement.,3,low,"{""absences_30j"": 1, ""overdue_tasks"": 1, ""mandatory_training_gap"": 1, ""active_projects"": 2}",2026-05-15T10:00:00+00:00
engagement-emp-29-36,emp-29,74,survey,boost,Mesure mensuelle d'engagement.,-3,low,"{""absences_30j"": 3, ""overdue_tasks"": 2, ""mandatory_training_gap"": 1, ""active_projects"": 2}",2026-06-15T10:00:00+00:00
engagement-emp-30-0,emp-30,83,pulse,stable,Mesure mensuelle d'engagement.,0,low,"{""absences_30j"": 2, ""overdue_tasks"": 3, ""mandatory_training_gap"": 0, ""active_projects"": 3}",2024-04-15T10:00:00+00:00
engagement-emp-30-1,emp-30,87,pulse,stable,Mesure mensuelle d'engagement.,4,low,"{""absences_30j"": 3, ""overdue_tasks"": 0, ""mandatory_training_gap"": 0, ""active_projects"": 3}",2024-05-15T10:00:00+00:00
engagement-emp-30-2,emp-30,83,manager_review,boost,Mesure mensuelle d'engagement.,-4,low,"{""absences_30j"": 0, ""overdue_tasks"": 0, ""mandatory_training_gap"": 0, ""active_projects"": 1}",2024-06-15T10:00:00+00:00
engagement-emp-30-3,emp-30,81,manager_review,stable,Mesure mensuelle d'engagement.,-2,low,"{""absences_30j"": 3, ""overdue_tasks"": 1, ""mandatory_training_gap"": 0, ""active_projects"": 3}",2024-07-15T10:00:00+00:00
engagement-emp-30-4,emp-30,77,manager_review,watch,Mesure mensuelle d'engagement.,-4,low,"{""absences_30j"": 2, ""overdue_tasks"": 2, ""mandatory_training_gap"": 1, ""active_projects"": 2}",2024-08-15T10:00:00+00:00
engagement-emp-30-5,emp-30,73,survey,engaged,Mesure mensuelle d'engagement.,-4,low,"{""absences_30j"": 0, ""overdue_tasks"": 1, ""mandatory_training_gap"": 0, ""active_projects"": 2}",2024-09-15T10:00:00+00:00
engagement-emp-30-6,emp-30,70,manager_review,engaged,Mesure mensuelle d'engagement.,-3,medium,"{""absences_30j"": 1, ""overdue_tasks"": 1, ""mandatory_training_gap"": 0, ""active_projects"": 3}",2024-10-15T10:00:00+00:00
engagement-emp-30-7,emp-30,68,manager_review,boost,Mesure mensuelle d'engagement.,-2,medium,"{""absences_30j"": 1, ""overdue_tasks"": 0, ""mandatory_training_gap"": 1, ""active_projects"": 3}",2024-11-15T10:00:00+00:00
engagement-emp-30-8,emp-30,72,survey,watch,Mesure mensuelle d'engagement.,4,low,"{""absences_30j"": 3, ""overdue_tasks"": 3, ""mandatory_training_gap"": 0, ""active_projects"": 3}",2024-12-15T10:00:00+00:00
engagement-emp-30-9,emp-30,75,pulse,engaged,Mesure mensuelle d'engagement.,3,low,"{""absences_30j"": 3, ""overdue_tasks"": 1, ""mandatory_training_gap"": 0, ""active_projects"": 1}",2025-01-15T10:00:00+00:00
engagement-emp-30-10,emp-30,73,manager_review,stable,Mesure mensuelle d'engagement.,-2,low,"{""absences_30j"": 0, ""overdue_tasks"": 0, ""mandatory_training_gap"": 0, ""active_projects"": 2}",2025-02-15T10:00:00+00:00
engagement-emp-30-11,emp-30,71,manager_review,watch,Mesure mensuelle d'engagement.,-2,medium,"{""absences_30j"": 1, ""overdue_tasks"": 3, ""mandatory_training_gap"": 0, ""active_projects"": 2}",2025-03-15T10:00:00+00:00
engagement-emp-30-12,emp-30,68,pulse,watch,Mesure mensuelle d'engagement.,-3,medium,"{""absences_30j"": 1, ""overdue_tasks"": 2, ""mandatory_training_gap"": 0, ""active_projects"": 2}",2025-04-15T10:00:00+00:00
engagement-emp-30-13,emp-30,71,survey,stable,Mesure mensuelle d'engagement.,3,medium,"{""absences_30j"": 0, ""overdue_tasks"": 4, ""mandatory_training_gap"": 0, ""active_projects"": 2}",2025-05-15T10:00:00+00:00
engagement-emp-30-14,emp-30,73,survey,stable,Mesure mensuelle d'engagement.,2,low,"{""absences_30j"": 3, ""overdue_tasks"": 1, ""mandatory_training_gap"": 0, ""active_projects"": 3}",2025-06-15T10:00:00+00:00
engagement-emp-30-15,emp-30,73,manager_review,watch,Mesure mensuelle d'engagement.,0,low,"{""absences_30j"": 0, ""overdue_tasks"": 0, ""mandatory_training_gap"": 0, ""active_projects"": 3}",2025-07-15T10:00:00+00:00
engagement-emp-30-16,emp-30,74,survey,engaged,Mesure mensuelle d'engagement.,1,low,"{""absences_30j"": 2, ""overdue_tasks"": 1, ""mandatory_training_gap"": 1, ""active_projects"": 1}",2025-08-15T10:00:00+00:00
engagement-emp-30-17,emp-30,75,pulse,engaged,Mesure mensuelle d'engagement.,1,low,"{""absences_30j"": 2, ""overdue_tasks"": 2, ""mandatory_training_gap"": 0, ""active_projects"": 2}",2025-09-15T10:00:00+00:00
engagement-emp-30-18,emp-30,79,manager_review,boost,Mesure mensuelle d'engagement.,4,low,"{""absences_30j"": 3, ""overdue_tasks"": 1, ""mandatory_training_gap"": 1, ""active_projects"": 3}",2025-10-15T10:00:00+00:00
engagement-emp-30-19,emp-30,83,manager_review,engaged,Mesure mensuelle d'engagement.,4,low,"{""absences_30j"": 3, ""overdue_tasks"": 2, ""mandatory_training_gap"": 0, ""active_projects"": 3}",2025-11-15T10:00:00+00:00
engagement-emp-30-20,emp-30,79,manager_review,engaged,Mesure mensuelle d'engagement.,-4,low,"{""absences_30j"": 2, ""overdue_tasks"": 3, ""mandatory_training_gap"": 1, ""active_projects"": 1}",2025-12-15T10:00:00+00:00
engagement-emp-30-21,emp-30,82,survey,stable,Mesure mensuelle d'engagement.,3,low,"{""absences_30j"": 3, ""overdue_tasks"": 2, ""mandatory_training_gap"": 0, ""active_projects"": 1}",2026-01-15T10:00:00+00:00
engagement-emp-30-22,emp-30,80,pulse,boost,Mesure mensuelle d'engagement.,-2,low,"{""absences_30j"": 2, ""overdue_tasks"": 3, ""mandatory_training_gap"": 1, ""active_projects"": 2}",2026-02-15T10:00:00+00:00
engagement-emp-30-23,emp-30,77,survey,engaged,Mesure mensuelle d'engagement.,-3,low,"{""absences_30j"": 0, ""overdue_tasks"": 0, ""mandatory_training_gap"": 0, ""active_projects"": 2}",2026-03-15T10:00:00+00:00
engagement-emp-30-24,emp-30,78,survey,engaged,Mesure mensuelle d'engagement.,1,low,"{""absences_30j"": 1, ""overdue_tasks"": 2, ""mandatory_training_gap"": 0, ""active_projects"": 1}",2026-04-15T10:00:00+00:00
engagement-emp-30-25,emp-30,76,manager_review,engaged,Mesure mensuelle d'engagement.,-2,low,"{""absences_30j"": 1, ""overdue_tasks"": 2, ""mandatory_training_gap"": 0, ""active_projects"": 1}",2026-05-15T10:00:00+00:00
engagement-emp-30-26,emp-30,77,survey,boost,Mesure mensuelle d'engagement.,1,low,"{""absences_30j"": 0, ""overdue_tasks"": 1, ""mandatory_training_gap"": 0, ""active_projects"": 3}",2026-06-15T10:00:00+00:00
engagement-emp-31-0,emp-31,69,pulse,boost,Mesure mensuelle d'engagement.,-2,medium,"{""absences_30j"": 0, ""overdue_tasks"": 3, ""mandatory_training_gap"": 0, ""active_projects"": 1}",2023-06-15T10:00:00+00:00
engagement-emp-31-1,emp-31,73,pulse,stable,Mesure mensuelle d'engagement.,4,low,"{""absences_30j"": 3, ""overdue_tasks"": 0, ""mandatory_training_gap"": 0, ""active_projects"": 3}",2023-07-15T10:00:00+00:00
engagement-emp-31-2,emp-31,75,survey,engaged,Mesure mensuelle d'engagement.,2,low,"{""absences_30j"": 0, ""overdue_tasks"": 0, ""mandatory_training_gap"": 1, ""active_projects"": 3}",2023-08-15T10:00:00+00:00
engagement-emp-31-3,emp-31,76,survey,watch,Mesure mensuelle d'engagement.,1,low,"{""absences_30j"": 0, ""overdue_tasks"": 2, ""mandatory_training_gap"": 0, ""active_projects"": 1}",2023-09-15T10:00:00+00:00
engagement-emp-31-4,emp-31,72,manager_review,boost,Mesure mensuelle d'engagement.,-4,low,"{""absences_30j"": 2, ""overdue_tasks"": 2, ""mandatory_training_gap"": 0, ""active_projects"": 1}",2023-10-15T10:00:00+00:00
engagement-emp-31-5,emp-31,71,pulse,stable,Mesure mensuelle d'engagement.,-1,medium,"{""absences_30j"": 3, ""overdue_tasks"": 4, ""mandatory_training_gap"": 0, ""active_projects"": 3}",2023-11-15T10:00:00+00:00
engagement-emp-31-6,emp-31,73,pulse,watch,Mesure mensuelle d'engagement.,2,low,"{""absences_30j"": 1, ""overdue_tasks"": 1, ""mandatory_training_gap"": 0, ""active_projects"": 1}",2023-12-15T10:00:00+00:00
engagement-emp-31-7,emp-31,74,survey,engaged,Mesure mensuelle d'engagement.,1,low,"{""absences_30j"": 2, ""overdue_tasks"": 1, ""mandatory_training_gap"": 1, ""active_projects"": 1}",2024-01-15T10:00:00+00:00
engagement-emp-31-8,emp-31,77,pulse,watch,Mesure mensuelle d'engagement.,3,low,"{""absences_30j"": 1, ""overdue_tasks"": 1, ""mandatory_training_gap"": 0, ""active_projects"": 2}",2024-02-15T10:00:00+00:00
engagement-emp-31-9,emp-31,73,pulse,boost,Mesure mensuelle d'engagement.,-4,low,"{""absences_30j"": 2, ""overdue_tasks"": 3, ""mandatory_training_gap"": 0, ""active_projects"": 3}",2024-03-15T10:00:00+00:00
engagement-emp-31-10,emp-31,72,manager_review,engaged,Mesure mensuelle d'engagement.,-1,low,"{""absences_30j"": 0, ""overdue_tasks"": 4, ""mandatory_training_gap"": 0, ""active_projects"": 2}",2024-04-15T10:00:00+00:00
engagement-emp-31-11,emp-31,68,pulse,engaged,Mesure mensuelle d'engagement.,-4,medium,"{""absences_30j"": 2, ""overdue_tasks"": 2, ""mandatory_training_gap"": 1, ""active_projects"": 1}",2024-05-15T10:00:00+00:00
engagement-emp-31-12,emp-31,68,pulse,boost,Mesure mensuelle d'engagement.,0,medium,"{""absences_30j"": 1, ""overdue_tasks"": 2, ""mandatory_training_gap"": 0, ""active_projects"": 2}",2024-06-15T10:00:00+00:00
engagement-emp-31-13,emp-31,71,pulse,boost,Mesure mensuelle d'engagement.,3,medium,"{""absences_30j"": 2, ""overdue_tasks"": 4, ""mandatory_training_gap"": 0, ""active_projects"": 3}",2024-07-15T10:00:00+00:00
engagement-emp-31-14,emp-31,73,pulse,engaged,Mesure mensuelle d'engagement.,2,low,"{""absences_30j"": 2, ""overdue_tasks"": 3, ""mandatory_training_gap"": 1, ""active_projects"": 3}",2024-08-15T10:00:00+00:00
engagement-emp-31-15,emp-31,70,survey,boost,Mesure mensuelle d'engagement.,-3,medium,"{""absences_30j"": 3, ""overdue_tasks"": 4, ""mandatory_training_gap"": 0, ""active_projects"": 2}",2024-09-15T10:00:00+00:00
engagement-emp-31-16,emp-31,73,manager_review,stable,Mesure mensuelle d'engagement.,3,low,"{""absences_30j"": 0, ""overdue_tasks"": 4, ""mandatory_training_gap"": 1, ""active_projects"": 1}",2024-10-15T10:00:00+00:00
engagement-emp-31-17,emp-31,70,pulse,stable,Mesure mensuelle d'engagement.,-3,medium,"{""absences_30j"": 0, ""overdue_tasks"": 0, ""mandatory_training_gap"": 0, ""active_projects"": 3}",2024-11-15T10:00:00+00:00
engagement-emp-31-18,emp-31,69,pulse,engaged,Mesure mensuelle d'engagement.,-1,medium,"{""absences_30j"": 1, ""overdue_tasks"": 1, ""mandatory_training_gap"": 0, ""active_projects"": 2}",2024-12-15T10:00:00+00:00
engagement-emp-31-19,emp-31,72,manager_review,stable,Mesure mensuelle d'engagement.,3,low,"{""absences_30j"": 1, ""overdue_tasks"": 4, ""mandatory_training_gap"": 0, ""active_projects"": 2}",2025-01-15T10:00:00+00:00
engagement-emp-31-20,emp-31,71,survey,watch,Mesure mensuelle d'engagement.,-1,medium,"{""absences_30j"": 3, ""overdue_tasks"": 1, ""mandatory_training_gap"": 0, ""active_projects"": 3}",2025-02-15T10:00:00+00:00
engagement-emp-31-21,emp-31,72,manager_review,watch,Mesure mensuelle d'engagement.,1,low,"{""absences_30j"": 0, ""overdue_tasks"": 0, ""mandatory_training_gap"": 0, ""active_projects"": 3}",2025-03-15T10:00:00+00:00
engagement-emp-31-22,emp-31,76,survey,boost,Mesure mensuelle d'engagement.,4,low,"{""absences_30j"": 3, ""overdue_tasks"": 4, ""mandatory_training_gap"": 0, ""active_projects"": 1}",2025-04-15T10:00:00+00:00
engagement-emp-31-23,emp-31,73,manager_review,boost,Mesure mensuelle d'engagement.,-3,low,"{""absences_30j"": 1, ""overdue_tasks"": 1, ""mandatory_training_gap"": 0, ""active_projects"": 3}",2025-05-15T10:00:00+00:00
engagement-emp-31-24,emp-31,74,survey,engaged,Mesure mensuelle d'engagement.,1,low,"{""absences_30j"": 0, ""overdue_tasks"": 1, ""mandatory_training_gap"": 1, ""active_projects"": 3}",2025-06-15T10:00:00+00:00
engagement-emp-31-25,emp-31,71,manager_review,boost,Mesure mensuelle d'engagement.,-3,medium,"{""absences_30j"": 0, ""overdue_tasks"": 2, ""mandatory_training_gap"": 0, ""active_projects"": 3}",2025-07-15T10:00:00+00:00
engagement-emp-31-26,emp-31,73,pulse,watch,Mesure mensuelle d'engagement.,2,low,"{""absences_30j"": 0, ""overdue_tasks"": 2, ""mandatory_training_gap"": 0, ""active_projects"": 1}",2025-08-15T10:00:00+00:00
engagement-emp-31-27,emp-31,72,pulse,watch,Mesure mensuelle d'engagement.,-1,low,"{""absences_30j"": 3, ""overdue_tasks"": 0, ""mandatory_training_gap"": 1, ""active_projects"": 1}",2025-09-15T10:00:00+00:00
engagement-emp-31-28,emp-31,70,manager_review,boost,Mesure mensuelle d'engagement.,-2,medium,"{""absences_30j"": 3, ""overdue_tasks"": 3, ""mandatory_training_gap"": 0, ""active_projects"": 1}",2025-10-15T10:00:00+00:00
engagement-emp-31-29,emp-31,74,survey,stable,Mesure mensuelle d'engagement.,4,low,"{""absences_30j"": 3, ""overdue_tasks"": 3, ""mandatory_training_gap"": 0, ""active_projects"": 2}",2025-11-15T10:00:00+00:00
engagement-emp-31-30,emp-31,74,pulse,boost,Mesure mensuelle d'engagement.,0,low,"{""absences_30j"": 1, ""overdue_tasks"": 0, ""mandatory_training_gap"": 0, ""active_projects"": 2}",2025-12-15T10:00:00+00:00
engagement-emp-31-31,emp-31,78,survey,engaged,Mesure mensuelle d'engagement.,4,low,"{""absences_30j"": 2, ""overdue_tasks"": 3, ""mandatory_training_gap"": 0, ""active_projects"": 2}",2026-01-15T10:00:00+00:00
engagement-emp-31-32,emp-31,82,survey,stable,Mesure mensuelle d'engagement.,4,low,"{""absences_30j"": 0, ""overdue_tasks"": 0, ""mandatory_training_gap"": 0, ""active_projects"": 1}",2026-02-15T10:00:00+00:00
engagement-emp-31-33,emp-31,81,pulse,stable,Mesure mensuelle d'engagement.,-1,low,"{""absences_30j"": 2, ""overdue_tasks"": 4, ""mandatory_training_gap"": 1, ""active_projects"": 2}",2026-03-15T10:00:00+00:00
engagement-emp-31-34,emp-31,82,manager_review,boost,Mesure mensuelle d'engagement.,1,low,"{""absences_30j"": 3, ""overdue_tasks"": 2, ""mandatory_training_gap"": 1, ""active_projects"": 3}",2026-04-15T10:00:00+00:00
engagement-emp-31-35,emp-31,82,pulse,watch,Mesure mensuelle d'engagement.,0,low,"{""absences_30j"": 1, ""overdue_tasks"": 4, ""mandatory_training_gap"": 0, ""active_projects"": 2}",2026-05-15T10:00:00+00:00
engagement-emp-31-36,emp-31,78,manager_review,watch,Mesure mensuelle d'engagement.,-4,low,"{""absences_30j"": 3, ""overdue_tasks"": 0, ""mandatory_training_gap"": 0, ""active_projects"": 3}",2026-06-15T10:00:00+00:00
engagement-emp-32-0,emp-32,73,survey,engaged,Mesure mensuelle d'engagement.,1,low,"{""absences_30j"": 0, ""overdue_tasks"": 1, ""mandatory_training_gap"": 0, ""active_projects"": 3}",2023-06-15T10:00:00+00:00
engagement-emp-32-1,emp-32,71,survey,watch,Mesure mensuelle d'engagement.,-2,medium,"{""absences_30j"": 1, ""overdue_tasks"": 0, ""mandatory_training_gap"": 0, ""active_projects"": 1}",2023-07-15T10:00:00+00:00
engagement-emp-32-2,emp-32,75,manager_review,boost,Mesure mensuelle d'engagement.,4,low,"{""absences_30j"": 3, ""overdue_tasks"": 1, ""mandatory_training_gap"": 1, ""active_projects"": 1}",2023-08-15T10:00:00+00:00
engagement-emp-32-3,emp-32,75,manager_review,engaged,Mesure mensuelle d'engagement.,0,low,"{""absences_30j"": 2, ""overdue_tasks"": 0, ""mandatory_training_gap"": 0, ""active_projects"": 2}",2023-09-15T10:00:00+00:00
engagement-emp-32-4,emp-32,76,survey,boost,Mesure mensuelle d'engagement.,1,low,"{""absences_30j"": 2, ""overdue_tasks"": 4, ""mandatory_training_gap"": 0, ""active_projects"": 1}",2023-10-15T10:00:00+00:00
engagement-emp-32-5,emp-32,73,survey,stable,Mesure mensuelle d'engagement.,-3,low,"{""absences_30j"": 3, ""overdue_tasks"": 1, ""mandatory_training_gap"": 1, ""active_projects"": 1}",2023-11-15T10:00:00+00:00
engagement-emp-32-6,emp-32,73,pulse,watch,Mesure mensuelle d'engagement.,0,low,"{""absences_30j"": 3, ""overdue_tasks"": 2, ""mandatory_training_gap"": 1, ""active_projects"": 2}",2023-12-15T10:00:00+00:00
engagement-emp-32-7,emp-32,75,manager_review,boost,Mesure mensuelle d'engagement.,2,low,"{""absences_30j"": 2, ""overdue_tasks"": 1, ""mandatory_training_gap"": 1, ""active_projects"": 1}",2024-01-15T10:00:00+00:00
engagement-emp-32-8,emp-32,72,survey,engaged,Mesure mensuelle d'engagement.,-3,low,"{""absences_30j"": 1, ""overdue_tasks"": 1, ""mandatory_training_gap"": 0, ""active_projects"": 2}",2024-02-15T10:00:00+00:00
engagement-emp-32-9,emp-32,72,manager_review,engaged,Mesure mensuelle d'engagement.,0,low,"{""absences_30j"": 0, ""overdue_tasks"": 0, ""mandatory_training_gap"": 1, ""active_projects"": 2}",2024-03-15T10:00:00+00:00
engagement-emp-32-10,emp-32,76,survey,boost,Mesure mensuelle d'engagement.,4,low,"{""absences_30j"": 0, ""overdue_tasks"": 1, ""mandatory_training_gap"": 1, ""active_projects"": 1}",2024-04-15T10:00:00+00:00
engagement-emp-32-11,emp-32,78,survey,watch,Mesure mensuelle d'engagement.,2,low,"{""absences_30j"": 1, ""overdue_tasks"": 0, ""mandatory_training_gap"": 1, ""active_projects"": 1}",2024-05-15T10:00:00+00:00
engagement-emp-32-12,emp-32,74,manager_review,watch,Mesure mensuelle d'engagement.,-4,low,"{""absences_30j"": 1, ""overdue_tasks"": 3, ""mandatory_training_gap"": 1, ""active_projects"": 1}",2024-06-15T10:00:00+00:00
engagement-emp-32-13,emp-32,70,pulse,boost,Mesure mensuelle d'engagement.,-4,medium,"{""absences_30j"": 2, ""overdue_tasks"": 0, ""mandatory_training_gap"": 0, ""active_projects"": 3}",2024-07-15T10:00:00+00:00
engagement-emp-32-14,emp-32,71,pulse,engaged,Mesure mensuelle d'engagement.,1,medium,"{""absences_30j"": 0, ""overdue_tasks"": 4, ""mandatory_training_gap"": 0, ""active_projects"": 1}",2024-08-15T10:00:00+00:00
engagement-emp-32-15,emp-32,69,survey,engaged,Mesure mensuelle d'engagement.,-2,medium,"{""absences_30j"": 0, ""overdue_tasks"": 4, ""mandatory_training_gap"": 0, ""active_projects"": 2}",2024-09-15T10:00:00+00:00
engagement-emp-32-16,emp-32,72,manager_review,watch,Mesure mensuelle d'engagement.,3,low,"{""absences_30j"": 3, ""overdue_tasks"": 3, ""mandatory_training_gap"": 0, ""active_projects"": 2}",2024-10-15T10:00:00+00:00
engagement-emp-32-17,emp-32,75,manager_review,watch,Mesure mensuelle d'engagement.,3,low,"{""absences_30j"": 0, ""overdue_tasks"": 4, ""mandatory_training_gap"": 0, ""active_projects"": 1}",2024-11-15T10:00:00+00:00
engagement-emp-32-18,emp-32,78,manager_review,stable,Mesure mensuelle d'engagement.,3,low,"{""absences_30j"": 0, ""overdue_tasks"": 1, ""mandatory_training_gap"": 0, ""active_projects"": 2}",2024-12-15T10:00:00+00:00
engagement-emp-32-19,emp-32,76,pulse,stable,Mesure mensuelle d'engagement.,-2,low,"{""absences_30j"": 2, ""overdue_tasks"": 4, ""mandatory_training_gap"": 0, ""active_projects"": 1}",2025-01-15T10:00:00+00:00
engagement-emp-32-20,emp-32,73,pulse,engaged,Mesure mensuelle d'engagement.,-3,low,"{""absences_30j"": 3, ""overdue_tasks"": 4, ""mandatory_training_gap"": 1, ""active_projects"": 3}",2025-02-15T10:00:00+00:00
engagement-emp-32-21,emp-32,75,manager_review,watch,Mesure mensuelle d'engagement.,2,low,"{""absences_30j"": 3, ""overdue_tasks"": 1, ""mandatory_training_gap"": 1, ""active_projects"": 1}",2025-03-15T10:00:00+00:00
engagement-emp-32-22,emp-32,73,manager_review,stable,Mesure mensuelle d'engagement.,-2,low,"{""absences_30j"": 1, ""overdue_tasks"": 4, ""mandatory_training_gap"": 0, ""active_projects"": 2}",2025-04-15T10:00:00+00:00
engagement-emp-32-23,emp-32,71,survey,boost,Mesure mensuelle d'engagement.,-2,medium,"{""absences_30j"": 2, ""overdue_tasks"": 3, ""mandatory_training_gap"": 0, ""active_projects"": 3}",2025-05-15T10:00:00+00:00
engagement-emp-32-24,emp-32,71,manager_review,watch,Mesure mensuelle d'engagement.,0,medium,"{""absences_30j"": 3, ""overdue_tasks"": 0, ""mandatory_training_gap"": 1, ""active_projects"": 1}",2025-06-15T10:00:00+00:00
engagement-emp-32-25,emp-32,74,pulse,watch,Mesure mensuelle d'engagement.,3,low,"{""absences_30j"": 0, ""overdue_tasks"": 1, ""mandatory_training_gap"": 0, ""active_projects"": 2}",2025-07-15T10:00:00+00:00
engagement-emp-32-26,emp-32,71,manager_review,stable,Mesure mensuelle d'engagement.,-3,medium,"{""absences_30j"": 0, ""overdue_tasks"": 3, ""mandatory_training_gap"": 1, ""active_projects"": 3}",2025-08-15T10:00:00+00:00
engagement-emp-32-27,emp-32,68,survey,engaged,Mesure mensuelle d'engagement.,-3,medium,"{""absences_30j"": 1, ""overdue_tasks"": 4, ""mandatory_training_gap"": 1, ""active_projects"": 3}",2025-09-15T10:00:00+00:00
engagement-emp-32-28,emp-32,67,manager_review,engaged,Mesure mensuelle d'engagement.,-1,medium,"{""absences_30j"": 2, ""overdue_tasks"": 1, ""mandatory_training_gap"": 1, ""active_projects"": 3}",2025-10-15T10:00:00+00:00
engagement-emp-32-29,emp-32,66,pulse,boost,Mesure mensuelle d'engagement.,-1,medium,"{""absences_30j"": 1, ""overdue_tasks"": 2, ""mandatory_training_gap"": 0, ""active_projects"": 2}",2025-11-15T10:00:00+00:00
engagement-emp-32-30,emp-32,62,survey,stable,Mesure mensuelle d'engagement.,-4,medium,"{""absences_30j"": 1, ""overdue_tasks"": 1, ""mandatory_training_gap"": 1, ""active_projects"": 2}",2025-12-15T10:00:00+00:00
engagement-emp-32-31,emp-32,66,manager_review,stable,Mesure mensuelle d'engagement.,4,medium,"{""absences_30j"": 2, ""overdue_tasks"": 3, ""mandatory_training_gap"": 0, ""active_projects"": 3}",2026-01-15T10:00:00+00:00
engagement-emp-32-32,emp-32,65,pulse,watch,Mesure mensuelle d'engagement.,-1,medium,"{""absences_30j"": 2, ""overdue_tasks"": 0, ""mandatory_training_gap"": 1, ""active_projects"": 1}",2026-02-15T10:00:00+00:00
engagement-emp-32-33,emp-32,64,survey,watch,Mesure mensuelle d'engagement.,-1,medium,"{""absences_30j"": 1, ""overdue_tasks"": 4, ""mandatory_training_gap"": 1, ""active_projects"": 2}",2026-03-15T10:00:00+00:00
engagement-emp-32-34,emp-32,62,survey,watch,Mesure mensuelle d'engagement.,-2,medium,"{""absences_30j"": 3, ""overdue_tasks"": 0, ""mandatory_training_gap"": 0, ""active_projects"": 3}",2026-04-15T10:00:00+00:00
engagement-emp-32-35,emp-32,62,manager_review,stable,Mesure mensuelle d'engagement.,0,medium,"{""absences_30j"": 1, ""overdue_tasks"": 3, ""mandatory_training_gap"": 1, ""active_projects"": 3}",2026-05-15T10:00:00+00:00
engagement-emp-32-36,emp-32,58,pulse,stable,Mesure mensuelle d'engagement.,-4,medium,"{""absences_30j"": 1, ""overdue_tasks"": 1, ""mandatory_training_gap"": 1, ""active_projects"": 3}",2026-06-15T10:00:00+00:00
engagement-emp-33-0,emp-33,45,pulse,watch,Mesure mensuelle d'engagement.,4,high,"{""absences_30j"": 3, ""overdue_tasks"": 0, ""mandatory_training_gap"": 1, ""active_projects"": 2}",2025-11-15T10:00:00+00:00
engagement-emp-33-1,emp-33,48,manager_review,boost,Mesure mensuelle d'engagement.,3,high,"{""absences_30j"": 0, ""overdue_tasks"": 2, ""mandatory_training_gap"": 1, ""active_projects"": 2}",2025-12-15T10:00:00+00:00
engagement-emp-33-2,emp-33,45,pulse,watch,Mesure mensuelle d'engagement.,-3,high,"{""absences_30j"": 0, ""overdue_tasks"": 1, ""mandatory_training_gap"": 0, ""active_projects"": 3}",2026-01-15T10:00:00+00:00
engagement-emp-33-3,emp-33,47,survey,engaged,Mesure mensuelle d'engagement.,2,high,"{""absences_30j"": 1, ""overdue_tasks"": 3, ""mandatory_training_gap"": 1, ""active_projects"": 2}",2026-02-15T10:00:00+00:00
engagement-emp-33-4,emp-33,50,survey,watch,Mesure mensuelle d'engagement.,3,high,"{""absences_30j"": 1, ""overdue_tasks"": 4, ""mandatory_training_gap"": 0, ""active_projects"": 2}",2026-03-15T10:00:00+00:00
engagement-emp-33-5,emp-33,49,survey,stable,Mesure mensuelle d'engagement.,-1,high,"{""absences_30j"": 3, ""overdue_tasks"": 2, ""mandatory_training_gap"": 1, ""active_projects"": 1}",2026-04-15T10:00:00+00:00
engagement-emp-33-6,emp-33,51,manager_review,engaged,Mesure mensuelle d'engagement.,2,high,"{""absences_30j"": 0, ""overdue_tasks"": 1, ""mandatory_training_gap"": 1, ""active_projects"": 3}",2026-05-15T10:00:00+00:00
engagement-emp-33-7,emp-33,49,manager_review,boost,Mesure mensuelle d'engagement.,-2,high,"{""absences_30j"": 3, ""overdue_tasks"": 2, ""mandatory_training_gap"": 1, ""active_projects"": 1}",2026-06-15T10:00:00+00:00
engagement-emp-34-0,emp-34,82,manager_review,stable,Mesure mensuelle d'engagement.,3,low,"{""absences_30j"": 3, ""overdue_tasks"": 0, ""mandatory_training_gap"": 0, ""active_projects"": 3}",2023-06-15T10:00:00+00:00
engagement-emp-34-1,emp-34,85,pulse,watch,Mesure mensuelle d'engagement.,3,low,"{""absences_30j"": 2, ""overdue_tasks"": 0, ""mandatory_training_gap"": 0, ""active_projects"": 3}",2023-07-15T10:00:00+00:00
engagement-emp-34-2,emp-34,86,manager_review,engaged,Mesure mensuelle d'engagement.,1,low,"{""absences_30j"": 0, ""overdue_tasks"": 2, ""mandatory_training_gap"": 1, ""active_projects"": 3}",2023-08-15T10:00:00+00:00
engagement-emp-34-3,emp-34,86,pulse,watch,Mesure mensuelle d'engagement.,0,low,"{""absences_30j"": 0, ""overdue_tasks"": 1, ""mandatory_training_gap"": 0, ""active_projects"": 1}",2023-09-15T10:00:00+00:00
engagement-emp-34-4,emp-34,90,manager_review,boost,Mesure mensuelle d'engagement.,4,low,"{""absences_30j"": 1, ""overdue_tasks"": 1, ""mandatory_training_gap"": 1, ""active_projects"": 2}",2023-10-15T10:00:00+00:00
engagement-emp-34-5,emp-34,91,pulse,stable,Mesure mensuelle d'engagement.,1,low,"{""absences_30j"": 3, ""overdue_tasks"": 0, ""mandatory_training_gap"": 0, ""active_projects"": 2}",2023-11-15T10:00:00+00:00
engagement-emp-34-6,emp-34,87,pulse,watch,Mesure mensuelle d'engagement.,-4,low,"{""absences_30j"": 3, ""overdue_tasks"": 1, ""mandatory_training_gap"": 0, ""active_projects"": 3}",2023-12-15T10:00:00+00:00
engagement-emp-34-7,emp-34,91,survey,stable,Mesure mensuelle d'engagement.,4,low,"{""absences_30j"": 1, ""overdue_tasks"": 1, ""mandatory_training_gap"": 1, ""active_projects"": 3}",2024-01-15T10:00:00+00:00
engagement-emp-34-8,emp-34,88,pulse,engaged,Mesure mensuelle d'engagement.,-3,low,"{""absences_30j"": 0, ""overdue_tasks"": 3, ""mandatory_training_gap"": 0, ""active_projects"": 2}",2024-02-15T10:00:00+00:00
engagement-emp-34-9,emp-34,89,survey,engaged,Mesure mensuelle d'engagement.,1,low,"{""absences_30j"": 2, ""overdue_tasks"": 2, ""mandatory_training_gap"": 0, ""active_projects"": 1}",2024-03-15T10:00:00+00:00
engagement-emp-34-10,emp-34,87,survey,boost,Mesure mensuelle d'engagement.,-2,low,"{""absences_30j"": 1, ""overdue_tasks"": 1, ""mandatory_training_gap"": 1, ""active_projects"": 3}",2024-04-15T10:00:00+00:00
engagement-emp-34-11,emp-34,87,manager_review,watch,Mesure mensuelle d'engagement.,0,low,"{""absences_30j"": 0, ""overdue_tasks"": 2, ""mandatory_training_gap"": 1, ""active_projects"": 2}",2024-05-15T10:00:00+00:00
engagement-emp-34-12,emp-34,86,survey,boost,Mesure mensuelle d'engagement.,-1,low,"{""absences_30j"": 2, ""overdue_tasks"": 2, ""mandatory_training_gap"": 1, ""active_projects"": 2}",2024-06-15T10:00:00+00:00
engagement-emp-34-13,emp-34,89,pulse,watch,Mesure mensuelle d'engagement.,3,low,"{""absences_30j"": 1, ""overdue_tasks"": 4, ""mandatory_training_gap"": 0, ""active_projects"": 1}",2024-07-15T10:00:00+00:00
engagement-emp-34-14,emp-34,93,manager_review,boost,Mesure mensuelle d'engagement.,4,low,"{""absences_30j"": 2, ""overdue_tasks"": 4, ""mandatory_training_gap"": 0, ""active_projects"": 3}",2024-08-15T10:00:00+00:00
engagement-emp-34-15,emp-34,97,manager_review,engaged,Mesure mensuelle d'engagement.,4,low,"{""absences_30j"": 1, ""overdue_tasks"": 1, ""mandatory_training_gap"": 0, ""active_projects"": 1}",2024-09-15T10:00:00+00:00
engagement-emp-34-16,emp-34,98,survey,stable,Mesure mensuelle d'engagement.,1,low,"{""absences_30j"": 2, ""overdue_tasks"": 2, ""mandatory_training_gap"": 1, ""active_projects"": 2}",2024-10-15T10:00:00+00:00
engagement-emp-34-17,emp-34,98,manager_review,stable,Mesure mensuelle d'engagement.,0,low,"{""absences_30j"": 0, ""overdue_tasks"": 1, ""mandatory_training_gap"": 1, ""active_projects"": 2}",2024-11-15T10:00:00+00:00
engagement-emp-34-18,emp-34,98,pulse,boost,Mesure mensuelle d'engagement.,0,low,"{""absences_30j"": 0, ""overdue_tasks"": 0, ""mandatory_training_gap"": 1, ""active_projects"": 3}",2024-12-15T10:00:00+00:00
engagement-emp-34-19,emp-34,98,survey,engaged,Mesure mensuelle d'engagement.,0,low,"{""absences_30j"": 1, ""overdue_tasks"": 0, ""mandatory_training_gap"": 1, ""active_projects"": 1}",2025-01-15T10:00:00+00:00
engagement-emp-34-20,emp-34,98,survey,boost,Mesure mensuelle d'engagement.,0,low,"{""absences_30j"": 0, ""overdue_tasks"": 2, ""mandatory_training_gap"": 1, ""active_projects"": 3}",2025-02-15T10:00:00+00:00
engagement-emp-34-21,emp-34,98,survey,boost,Mesure mensuelle d'engagement.,0,low,"{""absences_30j"": 0, ""overdue_tasks"": 4, ""mandatory_training_gap"": 1, ""active_projects"": 2}",2025-03-15T10:00:00+00:00
engagement-emp-34-22,emp-34,98,manager_review,engaged,Mesure mensuelle d'engagement.,0,low,"{""absences_30j"": 2, ""overdue_tasks"": 0, ""mandatory_training_gap"": 1, ""active_projects"": 3}",2025-04-15T10:00:00+00:00
engagement-emp-34-23,emp-34,95,manager_review,boost,Mesure mensuelle d'engagement.,-3,low,"{""absences_30j"": 2, ""overdue_tasks"": 1, ""mandatory_training_gap"": 1, ""active_projects"": 1}",2025-05-15T10:00:00+00:00
engagement-emp-34-24,emp-34,97,pulse,engaged,Mesure mensuelle d'engagement.,2,low,"{""absences_30j"": 0, ""overdue_tasks"": 0, ""mandatory_training_gap"": 1, ""active_projects"": 3}",2025-06-15T10:00:00+00:00
engagement-emp-34-25,emp-34,95,manager_review,boost,Mesure mensuelle d'engagement.,-2,low,"{""absences_30j"": 3, ""overdue_tasks"": 0, ""mandatory_training_gap"": 0, ""active_projects"": 1}",2025-07-15T10:00:00+00:00
engagement-emp-34-26,emp-34,92,manager_review,stable,Mesure mensuelle d'engagement.,-3,low,"{""absences_30j"": 2, ""overdue_tasks"": 0, ""mandatory_training_gap"": 0, ""active_projects"": 1}",2025-08-15T10:00:00+00:00
engagement-emp-34-27,emp-34,88,manager_review,engaged,Mesure mensuelle d'engagement.,-4,low,"{""absences_30j"": 3, ""overdue_tasks"": 3, ""mandatory_training_gap"": 1, ""active_projects"": 1}",2025-09-15T10:00:00+00:00
engagement-emp-34-28,emp-34,86,pulse,watch,Mesure mensuelle d'engagement.,-2,low,"{""absences_30j"": 2, ""overdue_tasks"": 3, ""mandatory_training_gap"": 0, ""active_projects"": 1}",2025-10-15T10:00:00+00:00
engagement-emp-34-29,emp-34,90,pulse,stable,Mesure mensuelle d'engagement.,4,low,"{""absences_30j"": 3, ""overdue_tasks"": 4, ""mandatory_training_gap"": 1, ""active_projects"": 1}",2025-11-15T10:00:00+00:00
engagement-emp-34-30,emp-34,93,survey,watch,Mesure mensuelle d'engagement.,3,low,"{""absences_30j"": 1, ""overdue_tasks"": 1, ""mandatory_training_gap"": 1, ""active_projects"": 3}",2025-12-15T10:00:00+00:00
engagement-emp-34-31,emp-34,89,survey,watch,Mesure mensuelle d'engagement.,-4,low,"{""absences_30j"": 0, ""overdue_tasks"": 3, ""mandatory_training_gap"": 0, ""active_projects"": 3}",2026-01-15T10:00:00+00:00
engagement-emp-34-32,emp-34,85,manager_review,stable,Mesure mensuelle d'engagement.,-4,low,"{""absences_30j"": 0, ""overdue_tasks"": 2, ""mandatory_training_gap"": 1, ""active_projects"": 3}",2026-02-15T10:00:00+00:00
engagement-emp-34-33,emp-34,86,manager_review,stable,Mesure mensuelle d'engagement.,1,low,"{""absences_30j"": 1, ""overdue_tasks"": 0, ""mandatory_training_gap"": 0, ""active_projects"": 2}",2026-03-15T10:00:00+00:00
engagement-emp-34-34,emp-34,85,manager_review,boost,Mesure mensuelle d'engagement.,-1,low,"{""absences_30j"": 2, ""overdue_tasks"": 1, ""mandatory_training_gap"": 0, ""active_projects"": 3}",2026-04-15T10:00:00+00:00
engagement-emp-34-35,emp-34,81,manager_review,engaged,Mesure mensuelle d'engagement.,-4,low,"{""absences_30j"": 3, ""overdue_tasks"": 1, ""mandatory_training_gap"": 0, ""active_projects"": 1}",2026-05-15T10:00:00+00:00
engagement-emp-34-36,emp-34,77,pulse,stable,Mesure mensuelle d'engagement.,-4,low,"{""absences_30j"": 0, ""overdue_tasks"": 4, ""mandatory_training_gap"": 1, ""active_projects"": 2}",2026-06-15T10:00:00+00:00
engagement-emp-35-0,emp-35,80,manager_review,boost,Mesure mensuelle d'engagement.,-3,low,"{""absences_30j"": 2, ""overdue_tasks"": 2, ""mandatory_training_gap"": 1, ""active_projects"": 3}",2023-06-15T10:00:00+00:00
engagement-emp-35-1,emp-35,83,pulse,boost,Mesure mensuelle d'engagement.,3,low,"{""absences_30j"": 3, ""overdue_tasks"": 3, ""mandatory_training_gap"": 0, ""active_projects"": 2}",2023-07-15T10:00:00+00:00
engagement-emp-35-2,emp-35,83,manager_review,engaged,Mesure mensuelle d'engagement.,0,low,"{""absences_30j"": 2, ""overdue_tasks"": 3, ""mandatory_training_gap"": 0, ""active_projects"": 2}",2023-08-15T10:00:00+00:00
engagement-emp-35-3,emp-35,86,manager_review,watch,Mesure mensuelle d'engagement.,3,low,"{""absences_30j"": 1, ""overdue_tasks"": 0, ""mandatory_training_gap"": 1, ""active_projects"": 2}",2023-09-15T10:00:00+00:00
engagement-emp-35-4,emp-35,90,manager_review,stable,Mesure mensuelle d'engagement.,4,low,"{""absences_30j"": 2, ""overdue_tasks"": 0, ""mandatory_training_gap"": 0, ""active_projects"": 2}",2023-10-15T10:00:00+00:00
engagement-emp-35-5,emp-35,90,survey,engaged,Mesure mensuelle d'engagement.,0,low,"{""absences_30j"": 0, ""overdue_tasks"": 1, ""mandatory_training_gap"": 1, ""active_projects"": 3}",2023-11-15T10:00:00+00:00
engagement-emp-35-6,emp-35,89,manager_review,watch,Mesure mensuelle d'engagement.,-1,low,"{""absences_30j"": 3, ""overdue_tasks"": 0, ""mandatory_training_gap"": 0, ""active_projects"": 1}",2023-12-15T10:00:00+00:00
engagement-emp-35-7,emp-35,86,manager_review,engaged,Mesure mensuelle d'engagement.,-3,low,"{""absences_30j"": 1, ""overdue_tasks"": 4, ""mandatory_training_gap"": 1, ""active_projects"": 3}",2024-01-15T10:00:00+00:00
engagement-emp-35-8,emp-35,88,pulse,watch,Mesure mensuelle d'engagement.,2,low,"{""absences_30j"": 3, ""overdue_tasks"": 0, ""mandatory_training_gap"": 0, ""active_projects"": 2}",2024-02-15T10:00:00+00:00
engagement-emp-35-9,emp-35,91,manager_review,stable,Mesure mensuelle d'engagement.,3,low,"{""absences_30j"": 1, ""overdue_tasks"": 4, ""mandatory_training_gap"": 0, ""active_projects"": 3}",2024-03-15T10:00:00+00:00
engagement-emp-35-10,emp-35,89,manager_review,watch,Mesure mensuelle d'engagement.,-2,low,"{""absences_30j"": 2, ""overdue_tasks"": 1, ""mandatory_training_gap"": 1, ""active_projects"": 3}",2024-04-15T10:00:00+00:00
engagement-emp-35-11,emp-35,88,manager_review,stable,Mesure mensuelle d'engagement.,-1,low,"{""absences_30j"": 0, ""overdue_tasks"": 2, ""mandatory_training_gap"": 1, ""active_projects"": 2}",2024-05-15T10:00:00+00:00
engagement-emp-35-12,emp-35,91,pulse,stable,Mesure mensuelle d'engagement.,3,low,"{""absences_30j"": 2, ""overdue_tasks"": 4, ""mandatory_training_gap"": 1, ""active_projects"": 1}",2024-06-15T10:00:00+00:00
engagement-emp-35-13,emp-35,88,manager_review,watch,Mesure mensuelle d'engagement.,-3,low,"{""absences_30j"": 2, ""overdue_tasks"": 2, ""mandatory_training_gap"": 1, ""active_projects"": 3}",2024-07-15T10:00:00+00:00
engagement-emp-35-14,emp-35,92,survey,boost,Mesure mensuelle d'engagement.,4,low,"{""absences_30j"": 0, ""overdue_tasks"": 1, ""mandatory_training_gap"": 0, ""active_projects"": 3}",2024-08-15T10:00:00+00:00
engagement-emp-35-15,emp-35,96,manager_review,engaged,Mesure mensuelle d'engagement.,4,low,"{""absences_30j"": 1, ""overdue_tasks"": 2, ""mandatory_training_gap"": 1, ""active_projects"": 3}",2024-09-15T10:00:00+00:00
engagement-emp-35-16,emp-35,98,manager_review,boost,Mesure mensuelle d'engagement.,2,low,"{""absences_30j"": 0, ""overdue_tasks"": 1, ""mandatory_training_gap"": 1, ""active_projects"": 2}",2024-10-15T10:00:00+00:00
engagement-emp-35-17,emp-35,98,survey,watch,Mesure mensuelle d'engagement.,0,low,"{""absences_30j"": 1, ""overdue_tasks"": 1, ""mandatory_training_gap"": 1, ""active_projects"": 3}",2024-11-15T10:00:00+00:00
engagement-emp-35-18,emp-35,96,survey,boost,Mesure mensuelle d'engagement.,-2,low,"{""absences_30j"": 1, ""overdue_tasks"": 4, ""mandatory_training_gap"": 1, ""active_projects"": 2}",2024-12-15T10:00:00+00:00
engagement-emp-35-19,emp-35,98,pulse,watch,Mesure mensuelle d'engagement.,2,low,"{""absences_30j"": 3, ""overdue_tasks"": 1, ""mandatory_training_gap"": 0, ""active_projects"": 1}",2025-01-15T10:00:00+00:00
engagement-emp-35-20,emp-35,98,survey,engaged,Mesure mensuelle d'engagement.,0,low,"{""absences_30j"": 1, ""overdue_tasks"": 3, ""mandatory_training_gap"": 0, ""active_projects"": 3}",2025-02-15T10:00:00+00:00
engagement-emp-35-21,emp-35,98,survey,engaged,Mesure mensuelle d'engagement.,0,low,"{""absences_30j"": 3, ""overdue_tasks"": 3, ""mandatory_training_gap"": 0, ""active_projects"": 1}",2025-03-15T10:00:00+00:00
engagement-emp-35-22,emp-35,95,survey,engaged,Mesure mensuelle d'engagement.,-3,low,"{""absences_30j"": 2, ""overdue_tasks"": 3, ""mandatory_training_gap"": 0, ""active_projects"": 3}",2025-04-15T10:00:00+00:00
engagement-emp-35-23,emp-35,98,manager_review,engaged,Mesure mensuelle d'engagement.,3,low,"{""absences_30j"": 3, ""overdue_tasks"": 0, ""mandatory_training_gap"": 1, ""active_projects"": 2}",2025-05-15T10:00:00+00:00
engagement-emp-35-24,emp-35,95,manager_review,engaged,Mesure mensuelle d'engagement.,-3,low,"{""absences_30j"": 2, ""overdue_tasks"": 1, ""mandatory_training_gap"": 1, ""active_projects"": 1}",2025-06-15T10:00:00+00:00
engagement-emp-35-25,emp-35,93,pulse,watch,Mesure mensuelle d'engagement.,-2,low,"{""absences_30j"": 3, ""overdue_tasks"": 0, ""mandatory_training_gap"": 0, ""active_projects"": 1}",2025-07-15T10:00:00+00:00
engagement-emp-35-26,emp-35,89,survey,stable,Mesure mensuelle d'engagement.,-4,low,"{""absences_30j"": 1, ""overdue_tasks"": 0, ""mandatory_training_gap"": 1, ""active_projects"": 2}",2025-08-15T10:00:00+00:00
engagement-emp-35-27,emp-35,85,survey,engaged,Mesure mensuelle d'engagement.,-4,low,"{""absences_30j"": 2, ""overdue_tasks"": 3, ""mandatory_training_gap"": 1, ""active_projects"": 2}",2025-09-15T10:00:00+00:00
engagement-emp-35-28,emp-35,82,manager_review,boost,Mesure mensuelle d'engagement.,-3,low,"{""absences_30j"": 2, ""overdue_tasks"": 3, ""mandatory_training_gap"": 0, ""active_projects"": 2}",2025-10-15T10:00:00+00:00
engagement-emp-35-29,emp-35,80,survey,stable,Mesure mensuelle d'engagement.,-2,low,"{""absences_30j"": 2, ""overdue_tasks"": 2, ""mandatory_training_gap"": 1, ""active_projects"": 3}",2025-11-15T10:00:00+00:00
engagement-emp-35-30,emp-35,81,pulse,stable,Mesure mensuelle d'engagement.,1,low,"{""absences_30j"": 0, ""overdue_tasks"": 0, ""mandatory_training_gap"": 1, ""active_projects"": 2}",2025-12-15T10:00:00+00:00
engagement-emp-35-31,emp-35,84,pulse,stable,Mesure mensuelle d'engagement.,3,low,"{""absences_30j"": 1, ""overdue_tasks"": 0, ""mandatory_training_gap"": 1, ""active_projects"": 2}",2026-01-15T10:00:00+00:00
engagement-emp-35-32,emp-35,85,survey,stable,Mesure mensuelle d'engagement.,1,low,"{""absences_30j"": 2, ""overdue_tasks"": 2, ""mandatory_training_gap"": 1, ""active_projects"": 3}",2026-02-15T10:00:00+00:00
engagement-emp-35-33,emp-35,81,survey,boost,Mesure mensuelle d'engagement.,-4,low,"{""absences_30j"": 1, ""overdue_tasks"": 0, ""mandatory_training_gap"": 1, ""active_projects"": 3}",2026-03-15T10:00:00+00:00
engagement-emp-35-34,emp-35,82,survey,boost,Mesure mensuelle d'engagement.,1,low,"{""absences_30j"": 2, ""overdue_tasks"": 0, ""mandatory_training_gap"": 1, ""active_projects"": 2}",2026-04-15T10:00:00+00:00
engagement-emp-35-35,emp-35,81,pulse,stable,Mesure mensuelle d'engagement.,-1,low,"{""absences_30j"": 1, ""overdue_tasks"": 2, ""mandatory_training_gap"": 0, ""active_projects"": 1}",2026-05-15T10:00:00+00:00
engagement-emp-35-36,emp-35,83,pulse,stable,Mesure mensuelle d'engagement.,2,low,"{""absences_30j"": 1, ""overdue_tasks"": 2, ""mandatory_training_gap"": 0, ""active_projects"": 2}",2026-06-15T10:00:00+00:00
engagement-emp-36-0,emp-36,71,survey,boost,Mesure mensuelle d'engagement.,-3,medium,"{""absences_30j"": 1, ""overdue_tasks"": 0, ""mandatory_training_gap"": 0, ""active_projects"": 2}",2024-02-15T10:00:00+00:00
engagement-emp-36-1,emp-36,75,pulse,watch,Mesure mensuelle d'engagement.,4,low,"{""absences_30j"": 3, ""overdue_tasks"": 0, ""mandatory_training_gap"": 1, ""active_projects"": 2}",2024-03-15T10:00:00+00:00
engagement-emp-36-2,emp-36,76,pulse,watch,Mesure mensuelle d'engagement.,1,low,"{""absences_30j"": 2, ""overdue_tasks"": 0, ""mandatory_training_gap"": 0, ""active_projects"": 2}",2024-04-15T10:00:00+00:00
engagement-emp-36-3,emp-36,79,manager_review,boost,Mesure mensuelle d'engagement.,3,low,"{""absences_30j"": 3, ""overdue_tasks"": 2, ""mandatory_training_gap"": 0, ""active_projects"": 1}",2024-05-15T10:00:00+00:00
engagement-emp-36-4,emp-36,78,survey,boost,Mesure mensuelle d'engagement.,-1,low,"{""absences_30j"": 3, ""overdue_tasks"": 2, ""mandatory_training_gap"": 1, ""active_projects"": 1}",2024-06-15T10:00:00+00:00
engagement-emp-36-5,emp-36,75,survey,stable,Mesure mensuelle d'engagement.,-3,low,"{""absences_30j"": 3, ""overdue_tasks"": 1, ""mandatory_training_gap"": 0, ""active_projects"": 1}",2024-07-15T10:00:00+00:00
engagement-emp-36-6,emp-36,75,pulse,engaged,Mesure mensuelle d'engagement.,0,low,"{""absences_30j"": 2, ""overdue_tasks"": 3, ""mandatory_training_gap"": 0, ""active_projects"": 3}",2024-08-15T10:00:00+00:00
engagement-emp-36-7,emp-36,76,pulse,boost,Mesure mensuelle d'engagement.,1,low,"{""absences_30j"": 0, ""overdue_tasks"": 4, ""mandatory_training_gap"": 1, ""active_projects"": 2}",2024-09-15T10:00:00+00:00
engagement-emp-36-8,emp-36,76,pulse,watch,Mesure mensuelle d'engagement.,0,low,"{""absences_30j"": 1, ""overdue_tasks"": 1, ""mandatory_training_gap"": 0, ""active_projects"": 1}",2024-10-15T10:00:00+00:00
engagement-emp-36-9,emp-36,80,pulse,boost,Mesure mensuelle d'engagement.,4,low,"{""absences_30j"": 2, ""overdue_tasks"": 3, ""mandatory_training_gap"": 1, ""active_projects"": 3}",2024-11-15T10:00:00+00:00
engagement-emp-36-10,emp-36,83,survey,watch,Mesure mensuelle d'engagement.,3,low,"{""absences_30j"": 1, ""overdue_tasks"": 2, ""mandatory_training_gap"": 0, ""active_projects"": 3}",2024-12-15T10:00:00+00:00
engagement-emp-36-11,emp-36,86,manager_review,watch,Mesure mensuelle d'engagement.,3,low,"{""absences_30j"": 3, ""overdue_tasks"": 2, ""mandatory_training_gap"": 0, ""active_projects"": 3}",2025-01-15T10:00:00+00:00
engagement-emp-36-12,emp-36,89,pulse,engaged,Mesure mensuelle d'engagement.,3,low,"{""absences_30j"": 2, ""overdue_tasks"": 3, ""mandatory_training_gap"": 1, ""active_projects"": 1}",2025-02-15T10:00:00+00:00
engagement-emp-36-13,emp-36,90,manager_review,watch,Mesure mensuelle d'engagement.,1,low,"{""absences_30j"": 0, ""overdue_tasks"": 2, ""mandatory_training_gap"": 1, ""active_projects"": 1}",2025-03-15T10:00:00+00:00
engagement-emp-36-14,emp-36,93,pulse,engaged,Mesure mensuelle d'engagement.,3,low,"{""absences_30j"": 1, ""overdue_tasks"": 2, ""mandatory_training_gap"": 1, ""active_projects"": 1}",2025-04-15T10:00:00+00:00
engagement-emp-36-15,emp-36,90,survey,boost,Mesure mensuelle d'engagement.,-3,low,"{""absences_30j"": 1, ""overdue_tasks"": 3, ""mandatory_training_gap"": 1, ""active_projects"": 3}",2025-05-15T10:00:00+00:00
engagement-emp-36-16,emp-36,87,manager_review,watch,Mesure mensuelle d'engagement.,-3,low,"{""absences_30j"": 1, ""overdue_tasks"": 4, ""mandatory_training_gap"": 1, ""active_projects"": 3}",2025-06-15T10:00:00+00:00
engagement-emp-36-17,emp-36,87,survey,watch,Mesure mensuelle d'engagement.,0,low,"{""absences_30j"": 2, ""overdue_tasks"": 1, ""mandatory_training_gap"": 0, ""active_projects"": 3}",2025-07-15T10:00:00+00:00
engagement-emp-36-18,emp-36,90,survey,engaged,Mesure mensuelle d'engagement.,3,low,"{""absences_30j"": 0, ""overdue_tasks"": 0, ""mandatory_training_gap"": 1, ""active_projects"": 1}",2025-08-15T10:00:00+00:00
engagement-emp-36-19,emp-36,86,manager_review,stable,Mesure mensuelle d'engagement.,-4,low,"{""absences_30j"": 2, ""overdue_tasks"": 0, ""mandatory_training_gap"": 1, ""active_projects"": 2}",2025-09-15T10:00:00+00:00
engagement-emp-36-20,emp-36,87,manager_review,stable,Mesure mensuelle d'engagement.,1,low,"{""absences_30j"": 3, ""overdue_tasks"": 0, ""mandatory_training_gap"": 0, ""active_projects"": 3}",2025-10-15T10:00:00+00:00
engagement-emp-36-21,emp-36,84,survey,boost,Mesure mensuelle d'engagement.,-3,low,"{""absences_30j"": 3, ""overdue_tasks"": 4, ""mandatory_training_gap"": 1, ""active_projects"": 2}",2025-11-15T10:00:00+00:00
engagement-emp-36-22,emp-36,87,manager_review,engaged,Mesure mensuelle d'engagement.,3,low,"{""absences_30j"": 1, ""overdue_tasks"": 4, ""mandatory_training_gap"": 1, ""active_projects"": 1}",2025-12-15T10:00:00+00:00
engagement-emp-36-23,emp-36,83,manager_review,stable,Mesure mensuelle d'engagement.,-4,low,"{""absences_30j"": 0, ""overdue_tasks"": 1, ""mandatory_training_gap"": 1, ""active_projects"": 2}",2026-01-15T10:00:00+00:00
engagement-emp-36-24,emp-36,79,manager_review,boost,Mesure mensuelle d'engagement.,-4,low,"{""absences_30j"": 0, ""overdue_tasks"": 2, ""mandatory_training_gap"": 0, ""active_projects"": 1}",2026-02-15T10:00:00+00:00
engagement-emp-36-25,emp-36,79,pulse,stable,Mesure mensuelle d'engagement.,0,low,"{""absences_30j"": 1, ""overdue_tasks"": 0, ""mandatory_training_gap"": 0, ""active_projects"": 3}",2026-03-15T10:00:00+00:00
engagement-emp-36-26,emp-36,78,manager_review,boost,Mesure mensuelle d'engagement.,-1,low,"{""absences_30j"": 0, ""overdue_tasks"": 0, ""mandatory_training_gap"": 0, ""active_projects"": 2}",2026-04-15T10:00:00+00:00
engagement-emp-36-27,emp-36,82,pulse,stable,Mesure mensuelle d'engagement.,4,low,"{""absences_30j"": 0, ""overdue_tasks"": 3, ""mandatory_training_gap"": 1, ""active_projects"": 1}",2026-05-15T10:00:00+00:00
engagement-emp-36-28,emp-36,81,pulse,engaged,Mesure mensuelle d'engagement.,-1,low,"{""absences_30j"": 3, ""overdue_tasks"": 0, ""mandatory_training_gap"": 1, ""active_projects"": 2}",2026-06-15T10:00:00+00:00
engagement-emp-37-0,emp-37,71,pulse,stable,Mesure mensuelle d'engagement.,2,medium,"{""absences_30j"": 3, ""overdue_tasks"": 3, ""mandatory_training_gap"": 1, ""active_projects"": 3}",2023-06-15T10:00:00+00:00
engagement-emp-37-1,emp-37,75,manager_review,watch,Mesure mensuelle d'engagement.,4,low,"{""absences_30j"": 0, ""overdue_tasks"": 0, ""mandatory_training_gap"": 0, ""active_projects"": 2}",2023-07-15T10:00:00+00:00
engagement-emp-37-2,emp-37,78,manager_review,engaged,Mesure mensuelle d'engagement.,3,low,"{""absences_30j"": 0, ""overdue_tasks"": 3, ""mandatory_training_gap"": 1, ""active_projects"": 3}",2023-08-15T10:00:00+00:00
engagement-emp-37-3,emp-37,80,manager_review,watch,Mesure mensuelle d'engagement.,2,low,"{""absences_30j"": 0, ""overdue_tasks"": 3, ""mandatory_training_gap"": 0, ""active_projects"": 1}",2023-09-15T10:00:00+00:00
engagement-emp-37-4,emp-37,83,survey,stable,Mesure mensuelle d'engagement.,3,low,"{""absences_30j"": 3, ""overdue_tasks"": 4, ""mandatory_training_gap"": 0, ""active_projects"": 3}",2023-10-15T10:00:00+00:00
engagement-emp-37-5,emp-37,83,pulse,boost,Mesure mensuelle d'engagement.,0,low,"{""absences_30j"": 2, ""overdue_tasks"": 0, ""mandatory_training_gap"": 1, ""active_projects"": 3}",2023-11-15T10:00:00+00:00
engagement-emp-37-6,emp-37,87,pulse,boost,Mesure mensuelle d'engagement.,4,low,"{""absences_30j"": 0, ""overdue_tasks"": 4, ""mandatory_training_gap"": 0, ""active_projects"": 3}",2023-12-15T10:00:00+00:00
engagement-emp-37-7,emp-37,87,pulse,boost,Mesure mensuelle d'engagement.,0,low,"{""absences_30j"": 3, ""overdue_tasks"": 4, ""mandatory_training_gap"": 1, ""active_projects"": 1}",2024-01-15T10:00:00+00:00
engagement-emp-37-8,emp-37,83,pulse,watch,Mesure mensuelle d'engagement.,-4,low,"{""absences_30j"": 3, ""overdue_tasks"": 1, ""mandatory_training_gap"": 0, ""active_projects"": 1}",2024-02-15T10:00:00+00:00
engagement-emp-37-9,emp-37,83,pulse,boost,Mesure mensuelle d'engagement.,0,low,"{""absences_30j"": 0, ""overdue_tasks"": 1, ""mandatory_training_gap"": 0, ""active_projects"": 2}",2024-03-15T10:00:00+00:00
engagement-emp-37-10,emp-37,79,survey,watch,Mesure mensuelle d'engagement.,-4,low,"{""absences_30j"": 2, ""overdue_tasks"": 3, ""mandatory_training_gap"": 1, ""active_projects"": 3}",2024-04-15T10:00:00+00:00
engagement-emp-37-11,emp-37,77,manager_review,stable,Mesure mensuelle d'engagement.,-2,low,"{""absences_30j"": 3, ""overdue_tasks"": 3, ""mandatory_training_gap"": 1, ""active_projects"": 3}",2024-05-15T10:00:00+00:00
engagement-emp-37-12,emp-37,76,pulse,engaged,Mesure mensuelle d'engagement.,-1,low,"{""absences_30j"": 1, ""overdue_tasks"": 0, ""mandatory_training_gap"": 0, ""active_projects"": 3}",2024-06-15T10:00:00+00:00
engagement-emp-37-13,emp-37,79,survey,watch,Mesure mensuelle d'engagement.,3,low,"{""absences_30j"": 0, ""overdue_tasks"": 4, ""mandatory_training_gap"": 1, ""active_projects"": 2}",2024-07-15T10:00:00+00:00
engagement-emp-37-14,emp-37,80,pulse,boost,Mesure mensuelle d'engagement.,1,low,"{""absences_30j"": 0, ""overdue_tasks"": 0, ""mandatory_training_gap"": 1, ""active_projects"": 1}",2024-08-15T10:00:00+00:00
engagement-emp-37-15,emp-37,81,pulse,engaged,Mesure mensuelle d'engagement.,1,low,"{""absences_30j"": 1, ""overdue_tasks"": 3, ""mandatory_training_gap"": 0, ""active_projects"": 2}",2024-09-15T10:00:00+00:00
engagement-emp-37-16,emp-37,81,survey,boost,Mesure mensuelle d'engagement.,0,low,"{""absences_30j"": 1, ""overdue_tasks"": 0, ""mandatory_training_gap"": 0, ""active_projects"": 2}",2024-10-15T10:00:00+00:00
engagement-emp-37-17,emp-37,77,survey,watch,Mesure mensuelle d'engagement.,-4,low,"{""absences_30j"": 1, ""overdue_tasks"": 3, ""mandatory_training_gap"": 0, ""active_projects"": 1}",2024-11-15T10:00:00+00:00
engagement-emp-37-18,emp-37,74,manager_review,stable,Mesure mensuelle d'engagement.,-3,low,"{""absences_30j"": 1, ""overdue_tasks"": 2, ""mandatory_training_gap"": 0, ""active_projects"": 2}",2024-12-15T10:00:00+00:00
engagement-emp-37-19,emp-37,73,manager_review,engaged,Mesure mensuelle d'engagement.,-1,low,"{""absences_30j"": 3, ""overdue_tasks"": 3, ""mandatory_training_gap"": 0, ""active_projects"": 2}",2025-01-15T10:00:00+00:00
engagement-emp-37-20,emp-37,72,pulse,watch,Mesure mensuelle d'engagement.,-1,low,"{""absences_30j"": 2, ""overdue_tasks"": 0, ""mandatory_training_gap"": 0, ""active_projects"": 3}",2025-02-15T10:00:00+00:00
engagement-emp-37-21,emp-37,75,pulse,stable,Mesure mensuelle d'engagement.,3,low,"{""absences_30j"": 2, ""overdue_tasks"": 1, ""mandatory_training_gap"": 1, ""active_projects"": 1}",2025-03-15T10:00:00+00:00
engagement-emp-37-22,emp-37,72,pulse,boost,Mesure mensuelle d'engagement.,-3,low,"{""absences_30j"": 0, ""overdue_tasks"": 0, ""mandatory_training_gap"": 0, ""active_projects"": 3}",2025-04-15T10:00:00+00:00
engagement-emp-37-23,emp-37,68,manager_review,engaged,Mesure mensuelle d'engagement.,-4,medium,"{""absences_30j"": 2, ""overdue_tasks"": 4, ""mandatory_training_gap"": 1, ""active_projects"": 2}",2025-05-15T10:00:00+00:00
engagement-emp-37-24,emp-37,67,pulse,watch,Mesure mensuelle d'engagement.,-1,medium,"{""absences_30j"": 2, ""overdue_tasks"": 1, ""mandatory_training_gap"": 1, ""active_projects"": 1}",2025-06-15T10:00:00+00:00
engagement-emp-37-25,emp-37,70,pulse,engaged,Mesure mensuelle d'engagement.,3,medium,"{""absences_30j"": 3, ""overdue_tasks"": 3, ""mandatory_training_gap"": 0, ""active_projects"": 3}",2025-07-15T10:00:00+00:00
engagement-emp-37-26,emp-37,68,pulse,engaged,Mesure mensuelle d'engagement.,-2,medium,"{""absences_30j"": 0, ""overdue_tasks"": 2, ""mandatory_training_gap"": 1, ""active_projects"": 3}",2025-08-15T10:00:00+00:00
engagement-emp-37-27,emp-37,68,pulse,watch,Mesure mensuelle d'engagement.,0,medium,"{""absences_30j"": 1, ""overdue_tasks"": 1, ""mandatory_training_gap"": 0, ""active_projects"": 1}",2025-09-15T10:00:00+00:00
engagement-emp-37-28,emp-37,65,pulse,stable,Mesure mensuelle d'engagement.,-3,medium,"{""absences_30j"": 3, ""overdue_tasks"": 4, ""mandatory_training_gap"": 0, ""active_projects"": 3}",2025-10-15T10:00:00+00:00
engagement-emp-37-29,emp-37,62,manager_review,watch,Mesure mensuelle d'engagement.,-3,medium,"{""absences_30j"": 1, ""overdue_tasks"": 0, ""mandatory_training_gap"": 1, ""active_projects"": 3}",2025-11-15T10:00:00+00:00
engagement-emp-37-30,emp-37,64,manager_review,boost,Mesure mensuelle d'engagement.,2,medium,"{""absences_30j"": 2, ""overdue_tasks"": 1, ""mandatory_training_gap"": 1, ""active_projects"": 2}",2025-12-15T10:00:00+00:00
engagement-emp-37-31,emp-37,60,survey,watch,Mesure mensuelle d'engagement.,-4,medium,"{""absences_30j"": 1, ""overdue_tasks"": 1, ""mandatory_training_gap"": 1, ""active_projects"": 2}",2026-01-15T10:00:00+00:00
engagement-emp-37-32,emp-37,56,survey,boost,Mesure mensuelle d'engagement.,-4,medium,"{""absences_30j"": 0, ""overdue_tasks"": 0, ""mandatory_training_gap"": 0, ""active_projects"": 3}",2026-02-15T10:00:00+00:00
engagement-emp-37-33,emp-37,60,survey,watch,Mesure mensuelle d'engagement.,4,medium,"{""absences_30j"": 1, ""overdue_tasks"": 4, ""mandatory_training_gap"": 0, ""active_projects"": 1}",2026-03-15T10:00:00+00:00
engagement-emp-37-34,emp-37,64,survey,boost,Mesure mensuelle d'engagement.,4,medium,"{""absences_30j"": 3, ""overdue_tasks"": 3, ""mandatory_training_gap"": 0, ""active_projects"": 1}",2026-04-15T10:00:00+00:00
engagement-emp-37-35,emp-37,62,survey,engaged,Mesure mensuelle d'engagement.,-2,medium,"{""absences_30j"": 1, ""overdue_tasks"": 3, ""mandatory_training_gap"": 1, ""active_projects"": 2}",2026-05-15T10:00:00+00:00
engagement-emp-37-36,emp-37,63,survey,watch,Mesure mensuelle d'engagement.,1,medium,"{""absences_30j"": 2, ""overdue_tasks"": 4, ""mandatory_training_gap"": 0, ""active_projects"": 1}",2026-06-15T10:00:00+00:00
engagement-emp-38-0,emp-38,72,pulse,boost,Mesure mensuelle d'engagement.,-2,low,"{""absences_30j"": 2, ""overdue_tasks"": 4, ""mandatory_training_gap"": 1, ""active_projects"": 3}",2023-06-15T10:00:00+00:00
engagement-emp-38-1,emp-38,68,pulse,watch,Mesure mensuelle d'engagement.,-4,medium,"{""absences_30j"": 0, ""overdue_tasks"": 2, ""mandatory_training_gap"": 0, ""active_projects"": 2}",2023-07-15T10:00:00+00:00
engagement-emp-38-2,emp-38,72,survey,boost,Mesure mensuelle d'engagement.,4,low,"{""absences_30j"": 0, ""overdue_tasks"": 1, ""mandatory_training_gap"": 0, ""active_projects"": 3}",2023-08-15T10:00:00+00:00
engagement-emp-38-3,emp-38,75,pulse,watch,Mesure mensuelle d'engagement.,3,low,"{""absences_30j"": 2, ""overdue_tasks"": 1, ""mandatory_training_gap"": 1, ""active_projects"": 2}",2023-09-15T10:00:00+00:00
engagement-emp-38-4,emp-38,72,pulse,stable,Mesure mensuelle d'engagement.,-3,low,"{""absences_30j"": 0, ""overdue_tasks"": 3, ""mandatory_training_gap"": 0, ""active_projects"": 1}",2023-10-15T10:00:00+00:00
engagement-emp-38-5,emp-38,73,manager_review,engaged,Mesure mensuelle d'engagement.,1,low,"{""absences_30j"": 3, ""overdue_tasks"": 0, ""mandatory_training_gap"": 1, ""active_projects"": 2}",2023-11-15T10:00:00+00:00
engagement-emp-38-6,emp-38,73,survey,engaged,Mesure mensuelle d'engagement.,0,low,"{""absences_30j"": 1, ""overdue_tasks"": 0, ""mandatory_training_gap"": 0, ""active_projects"": 3}",2023-12-15T10:00:00+00:00
engagement-emp-38-7,emp-38,77,pulse,watch,Mesure mensuelle d'engagement.,4,low,"{""absences_30j"": 3, ""overdue_tasks"": 0, ""mandatory_training_gap"": 1, ""active_projects"": 3}",2024-01-15T10:00:00+00:00
engagement-emp-38-8,emp-38,77,pulse,engaged,Mesure mensuelle d'engagement.,0,low,"{""absences_30j"": 1, ""overdue_tasks"": 0, ""mandatory_training_gap"": 0, ""active_projects"": 2}",2024-02-15T10:00:00+00:00
engagement-emp-38-9,emp-38,73,pulse,watch,Mesure mensuelle d'engagement.,-4,low,"{""absences_30j"": 3, ""overdue_tasks"": 0, ""mandatory_training_gap"": 0, ""active_projects"": 3}",2024-03-15T10:00:00+00:00
engagement-emp-38-10,emp-38,76,manager_review,engaged,Mesure mensuelle d'engagement.,3,low,"{""absences_30j"": 1, ""overdue_tasks"": 1, ""mandatory_training_gap"": 1, ""active_projects"": 3}",2024-04-15T10:00:00+00:00
engagement-emp-38-11,emp-38,75,manager_review,watch,Mesure mensuelle d'engagement.,-1,low,"{""absences_30j"": 0, ""overdue_tasks"": 3, ""mandatory_training_gap"": 0, ""active_projects"": 1}",2024-05-15T10:00:00+00:00
engagement-emp-38-12,emp-38,79,pulse,stable,Mesure mensuelle d'engagement.,4,low,"{""absences_30j"": 2, ""overdue_tasks"": 2, ""mandatory_training_gap"": 1, ""active_projects"": 3}",2024-06-15T10:00:00+00:00
engagement-emp-38-13,emp-38,83,manager_review,boost,Mesure mensuelle d'engagement.,4,low,"{""absences_30j"": 1, ""overdue_tasks"": 2, ""mandatory_training_gap"": 1, ""active_projects"": 2}",2024-07-15T10:00:00+00:00
engagement-emp-38-14,emp-38,81,manager_review,watch,Mesure mensuelle d'engagement.,-2,low,"{""absences_30j"": 1, ""overdue_tasks"": 0, ""mandatory_training_gap"": 1, ""active_projects"": 2}",2024-08-15T10:00:00+00:00
engagement-emp-38-15,emp-38,78,survey,watch,Mesure mensuelle d'engagement.,-3,low,"{""absences_30j"": 2, ""overdue_tasks"": 1, ""mandatory_training_gap"": 0, ""active_projects"": 1}",2024-09-15T10:00:00+00:00
engagement-emp-38-16,emp-38,78,pulse,engaged,Mesure mensuelle d'engagement.,0,low,"{""absences_30j"": 0, ""overdue_tasks"": 0, ""mandatory_training_gap"": 0, ""active_projects"": 1}",2024-10-15T10:00:00+00:00
engagement-emp-38-17,emp-38,77,manager_review,stable,Mesure mensuelle d'engagement.,-1,low,"{""absences_30j"": 1, ""overdue_tasks"": 4, ""mandatory_training_gap"": 1, ""active_projects"": 3}",2024-11-15T10:00:00+00:00
engagement-emp-38-18,emp-38,73,manager_review,boost,Mesure mensuelle d'engagement.,-4,low,"{""absences_30j"": 1, ""overdue_tasks"": 2, ""mandatory_training_gap"": 1, ""active_projects"": 1}",2024-12-15T10:00:00+00:00
engagement-emp-38-19,emp-38,77,manager_review,watch,Mesure mensuelle d'engagement.,4,low,"{""absences_30j"": 2, ""overdue_tasks"": 3, ""mandatory_training_gap"": 1, ""active_projects"": 3}",2025-01-15T10:00:00+00:00
engagement-emp-38-20,emp-38,75,survey,stable,Mesure mensuelle d'engagement.,-2,low,"{""absences_30j"": 1, ""overdue_tasks"": 4, ""mandatory_training_gap"": 1, ""active_projects"": 3}",2025-02-15T10:00:00+00:00
engagement-emp-38-21,emp-38,71,survey,engaged,Mesure mensuelle d'engagement.,-4,medium,"{""absences_30j"": 1, ""overdue_tasks"": 1, ""mandatory_training_gap"": 1, ""active_projects"": 1}",2025-03-15T10:00:00+00:00
engagement-emp-38-22,emp-38,75,manager_review,boost,Mesure mensuelle d'engagement.,4,low,"{""absences_30j"": 3, ""overdue_tasks"": 3, ""mandatory_training_gap"": 0, ""active_projects"": 1}",2025-04-15T10:00:00+00:00
engagement-emp-38-23,emp-38,79,manager_review,boost,Mesure mensuelle d'engagement.,4,low,"{""absences_30j"": 0, ""overdue_tasks"": 3, ""mandatory_training_gap"": 1, ""active_projects"": 1}",2025-05-15T10:00:00+00:00
engagement-emp-38-24,emp-38,77,pulse,stable,Mesure mensuelle d'engagement.,-2,low,"{""absences_30j"": 2, ""overdue_tasks"": 2, ""mandatory_training_gap"": 0, ""active_projects"": 2}",2025-06-15T10:00:00+00:00
engagement-emp-38-25,emp-38,80,pulse,engaged,Mesure mensuelle d'engagement.,3,low,"{""absences_30j"": 3, ""overdue_tasks"": 1, ""mandatory_training_gap"": 0, ""active_projects"": 3}",2025-07-15T10:00:00+00:00
engagement-emp-38-26,emp-38,81,manager_review,engaged,Mesure mensuelle d'engagement.,1,low,"{""absences_30j"": 0, ""overdue_tasks"": 2, ""mandatory_training_gap"": 0, ""active_projects"": 1}",2025-08-15T10:00:00+00:00
engagement-emp-38-27,emp-38,81,manager_review,engaged,Mesure mensuelle d'engagement.,0,low,"{""absences_30j"": 0, ""overdue_tasks"": 4, ""mandatory_training_gap"": 1, ""active_projects"": 2}",2025-09-15T10:00:00+00:00
engagement-emp-38-28,emp-38,85,survey,engaged,Mesure mensuelle d'engagement.,4,low,"{""absences_30j"": 2, ""overdue_tasks"": 4, ""mandatory_training_gap"": 1, ""active_projects"": 1}",2025-10-15T10:00:00+00:00
engagement-emp-38-29,emp-38,84,manager_review,boost,Mesure mensuelle d'engagement.,-1,low,"{""absences_30j"": 0, ""overdue_tasks"": 4, ""mandatory_training_gap"": 0, ""active_projects"": 1}",2025-11-15T10:00:00+00:00
engagement-emp-38-30,emp-38,88,survey,stable,Mesure mensuelle d'engagement.,4,low,"{""absences_30j"": 3, ""overdue_tasks"": 3, ""mandatory_training_gap"": 0, ""active_projects"": 1}",2025-12-15T10:00:00+00:00
engagement-emp-38-31,emp-38,92,survey,boost,Mesure mensuelle d'engagement.,4,low,"{""absences_30j"": 0, ""overdue_tasks"": 0, ""mandatory_training_gap"": 1, ""active_projects"": 3}",2026-01-15T10:00:00+00:00
engagement-emp-38-32,emp-38,88,survey,engaged,Mesure mensuelle d'engagement.,-4,low,"{""absences_30j"": 2, ""overdue_tasks"": 0, ""mandatory_training_gap"": 0, ""active_projects"": 3}",2026-02-15T10:00:00+00:00
engagement-emp-38-33,emp-38,88,survey,engaged,Mesure mensuelle d'engagement.,0,low,"{""absences_30j"": 2, ""overdue_tasks"": 2, ""mandatory_training_gap"": 0, ""active_projects"": 2}",2026-03-15T10:00:00+00:00
engagement-emp-38-34,emp-38,90,survey,watch,Mesure mensuelle d'engagement.,2,low,"{""absences_30j"": 0, ""overdue_tasks"": 3, ""mandatory_training_gap"": 0, ""active_projects"": 2}",2026-04-15T10:00:00+00:00
engagement-emp-38-35,emp-38,89,pulse,watch,Mesure mensuelle d'engagement.,-1,low,"{""absences_30j"": 3, ""overdue_tasks"": 0, ""mandatory_training_gap"": 1, ""active_projects"": 1}",2026-05-15T10:00:00+00:00
engagement-emp-38-36,emp-38,90,pulse,boost,Mesure mensuelle d'engagement.,1,low,"{""absences_30j"": 1, ""overdue_tasks"": 4, ""mandatory_training_gap"": 1, ""active_projects"": 2}",2026-06-15T10:00:00+00:00
engagement-emp-39-0,emp-39,82,manager_review,boost,Mesure mensuelle d'engagement.,-1,low,"{""absences_30j"": 1, ""overdue_tasks"": 0, ""mandatory_training_gap"": 0, ""active_projects"": 2}",2025-08-15T10:00:00+00:00
engagement-emp-39-1,emp-39,82,manager_review,watch,Mesure mensuelle d'engagement.,0,low,"{""absences_30j"": 0, ""overdue_tasks"": 2, ""mandatory_training_gap"": 0, ""active_projects"": 1}",2025-09-15T10:00:00+00:00
engagement-emp-39-2,emp-39,80,manager_review,engaged,Mesure mensuelle d'engagement.,-2,low,"{""absences_30j"": 2, ""overdue_tasks"": 1, ""mandatory_training_gap"": 0, ""active_projects"": 2}",2025-10-15T10:00:00+00:00
engagement-emp-39-3,emp-39,76,pulse,watch,Mesure mensuelle d'engagement.,-4,low,"{""absences_30j"": 0, ""overdue_tasks"": 0, ""mandatory_training_gap"": 0, ""active_projects"": 1}",2025-11-15T10:00:00+00:00
engagement-emp-39-4,emp-39,79,pulse,watch,Mesure mensuelle d'engagement.,3,low,"{""absences_30j"": 2, ""overdue_tasks"": 4, ""mandatory_training_gap"": 0, ""active_projects"": 3}",2025-12-15T10:00:00+00:00
engagement-emp-39-5,emp-39,79,pulse,watch,Mesure mensuelle d'engagement.,0,low,"{""absences_30j"": 0, ""overdue_tasks"": 4, ""mandatory_training_gap"": 0, ""active_projects"": 1}",2026-01-15T10:00:00+00:00
engagement-emp-39-6,emp-39,75,pulse,stable,Mesure mensuelle d'engagement.,-4,low,"{""absences_30j"": 2, ""overdue_tasks"": 0, ""mandatory_training_gap"": 1, ""active_projects"": 1}",2026-02-15T10:00:00+00:00
engagement-emp-39-7,emp-39,77,survey,engaged,Mesure mensuelle d'engagement.,2,low,"{""absences_30j"": 1, ""overdue_tasks"": 1, ""mandatory_training_gap"": 1, ""active_projects"": 2}",2026-03-15T10:00:00+00:00
engagement-emp-39-8,emp-39,73,pulse,stable,Mesure mensuelle d'engagement.,-4,low,"{""absences_30j"": 0, ""overdue_tasks"": 0, ""mandatory_training_gap"": 1, ""active_projects"": 2}",2026-04-15T10:00:00+00:00
engagement-emp-39-9,emp-39,72,pulse,boost,Mesure mensuelle d'engagement.,-1,low,"{""absences_30j"": 3, ""overdue_tasks"": 2, ""mandatory_training_gap"": 0, ""active_projects"": 3}",2026-05-15T10:00:00+00:00
engagement-emp-39-10,emp-39,68,pulse,engaged,Mesure mensuelle d'engagement.,-4,medium,"{""absences_30j"": 2, ""overdue_tasks"": 2, ""mandatory_training_gap"": 0, ""active_projects"": 2}",2026-06-15T10:00:00+00:00
engagement-emp-40-0,emp-40,85,manager_review,boost,Mesure mensuelle d'engagement.,2,low,"{""absences_30j"": 1, ""overdue_tasks"": 1, ""mandatory_training_gap"": 1, ""active_projects"": 3}",2024-04-15T10:00:00+00:00
engagement-emp-40-1,emp-40,88,manager_review,watch,Mesure mensuelle d'engagement.,3,low,"{""absences_30j"": 2, ""overdue_tasks"": 3, ""mandatory_training_gap"": 0, ""active_projects"": 1}",2024-05-15T10:00:00+00:00
engagement-emp-40-2,emp-40,90,manager_review,engaged,Mesure mensuelle d'engagement.,2,low,"{""absences_30j"": 3, ""overdue_tasks"": 3, ""mandatory_training_gap"": 0, ""active_projects"": 1}",2024-06-15T10:00:00+00:00
engagement-emp-40-3,emp-40,86,pulse,engaged,Mesure mensuelle d'engagement.,-4,low,"{""absences_30j"": 1, ""overdue_tasks"": 3, ""mandatory_training_gap"": 1, ""active_projects"": 2}",2024-07-15T10:00:00+00:00
engagement-emp-40-4,emp-40,87,manager_review,stable,Mesure mensuelle d'engagement.,1,low,"{""absences_30j"": 2, ""overdue_tasks"": 3, ""mandatory_training_gap"": 1, ""active_projects"": 1}",2024-08-15T10:00:00+00:00
engagement-emp-40-5,emp-40,91,pulse,stable,Mesure mensuelle d'engagement.,4,low,"{""absences_30j"": 0, ""overdue_tasks"": 3, ""mandatory_training_gap"": 1, ""active_projects"": 2}",2024-09-15T10:00:00+00:00
engagement-emp-40-6,emp-40,89,manager_review,engaged,Mesure mensuelle d'engagement.,-2,low,"{""absences_30j"": 0, ""overdue_tasks"": 2, ""mandatory_training_gap"": 0, ""active_projects"": 2}",2024-10-15T10:00:00+00:00
engagement-emp-40-7,emp-40,89,pulse,stable,Mesure mensuelle d'engagement.,0,low,"{""absences_30j"": 0, ""overdue_tasks"": 0, ""mandatory_training_gap"": 1, ""active_projects"": 3}",2024-11-15T10:00:00+00:00
engagement-emp-40-8,emp-40,88,manager_review,engaged,Mesure mensuelle d'engagement.,-1,low,"{""absences_30j"": 1, ""overdue_tasks"": 2, ""mandatory_training_gap"": 0, ""active_projects"": 1}",2024-12-15T10:00:00+00:00
engagement-emp-40-9,emp-40,92,manager_review,stable,Mesure mensuelle d'engagement.,4,low,"{""absences_30j"": 0, ""overdue_tasks"": 1, ""mandatory_training_gap"": 1, ""active_projects"": 3}",2025-01-15T10:00:00+00:00
engagement-emp-40-10,emp-40,91,survey,boost,Mesure mensuelle d'engagement.,-1,low,"{""absences_30j"": 0, ""overdue_tasks"": 3, ""mandatory_training_gap"": 0, ""active_projects"": 2}",2025-02-15T10:00:00+00:00
engagement-emp-40-11,emp-40,91,pulse,watch,Mesure mensuelle d'engagement.,0,low,"{""absences_30j"": 2, ""overdue_tasks"": 3, ""mandatory_training_gap"": 0, ""active_projects"": 3}",2025-03-15T10:00:00+00:00
engagement-emp-40-12,emp-40,94,survey,boost,Mesure mensuelle d'engagement.,3,low,"{""absences_30j"": 0, ""overdue_tasks"": 4, ""mandatory_training_gap"": 1, ""active_projects"": 1}",2025-04-15T10:00:00+00:00
engagement-emp-40-13,emp-40,94,survey,watch,Mesure mensuelle d'engagement.,0,low,"{""absences_30j"": 1, ""overdue_tasks"": 3, ""mandatory_training_gap"": 1, ""active_projects"": 3}",2025-05-15T10:00:00+00:00
engagement-emp-40-14,emp-40,95,pulse,watch,Mesure mensuelle d'engagement.,1,low,"{""absences_30j"": 2, ""overdue_tasks"": 4, ""mandatory_training_gap"": 0, ""active_projects"": 1}",2025-06-15T10:00:00+00:00
engagement-emp-40-15,emp-40,94,survey,stable,Mesure mensuelle d'engagement.,-1,low,"{""absences_30j"": 0, ""overdue_tasks"": 0, ""mandatory_training_gap"": 0, ""active_projects"": 1}",2025-07-15T10:00:00+00:00
engagement-emp-40-16,emp-40,95,survey,watch,Mesure mensuelle d'engagement.,1,low,"{""absences_30j"": 1, ""overdue_tasks"": 3, ""mandatory_training_gap"": 0, ""active_projects"": 2}",2025-08-15T10:00:00+00:00
engagement-emp-40-17,emp-40,98,pulse,boost,Mesure mensuelle d'engagement.,3,low,"{""absences_30j"": 2, ""overdue_tasks"": 0, ""mandatory_training_gap"": 1, ""active_projects"": 1}",2025-09-15T10:00:00+00:00
engagement-emp-40-18,emp-40,94,survey,engaged,Mesure mensuelle d'engagement.,-4,low,"{""absences_30j"": 0, ""overdue_tasks"": 3, ""mandatory_training_gap"": 1, ""active_projects"": 1}",2025-10-15T10:00:00+00:00
engagement-emp-40-19,emp-40,96,manager_review,boost,Mesure mensuelle d'engagement.,2,low,"{""absences_30j"": 1, ""overdue_tasks"": 0, ""mandatory_training_gap"": 0, ""active_projects"": 3}",2025-11-15T10:00:00+00:00
engagement-emp-40-20,emp-40,92,survey,watch,Mesure mensuelle d'engagement.,-4,low,"{""absences_30j"": 0, ""overdue_tasks"": 0, ""mandatory_training_gap"": 0, ""active_projects"": 3}",2025-12-15T10:00:00+00:00
engagement-emp-40-21,emp-40,92,manager_review,watch,Mesure mensuelle d'engagement.,0,low,"{""absences_30j"": 1, ""overdue_tasks"": 3, ""mandatory_training_gap"": 0, ""active_projects"": 1}",2026-01-15T10:00:00+00:00
engagement-emp-40-22,emp-40,88,manager_review,engaged,Mesure mensuelle d'engagement.,-4,low,"{""absences_30j"": 1, ""overdue_tasks"": 2, ""mandatory_training_gap"": 0, ""active_projects"": 2}",2026-02-15T10:00:00+00:00
engagement-emp-40-23,emp-40,92,survey,stable,Mesure mensuelle d'engagement.,4,low,"{""absences_30j"": 0, ""overdue_tasks"": 3, ""mandatory_training_gap"": 1, ""active_projects"": 3}",2026-03-15T10:00:00+00:00
engagement-emp-40-24,emp-40,93,manager_review,engaged,Mesure mensuelle d'engagement.,1,low,"{""absences_30j"": 0, ""overdue_tasks"": 2, ""mandatory_training_gap"": 1, ""active_projects"": 2}",2026-04-15T10:00:00+00:00
engagement-emp-40-25,emp-40,95,pulse,watch,Mesure mensuelle d'engagement.,2,low,"{""absences_30j"": 0, ""overdue_tasks"": 4, ""mandatory_training_gap"": 1, ""active_projects"": 3}",2026-05-15T10:00:00+00:00
engagement-emp-40-26,emp-40,91,survey,watch,Mesure mensuelle d'engagement.,-4,low,"{""absences_30j"": 0, ""overdue_tasks"": 0, ""mandatory_training_gap"": 1, ""active_projects"": 3}",2026-06-15T10:00:00+00:00
engagement-emp-41-0,emp-41,51,manager_review,engaged,Mesure mensuelle d'engagement.,0,high,"{""absences_30j"": 1, ""overdue_tasks"": 0, ""mandatory_training_gap"": 0, ""active_projects"": 1}",2023-06-15T10:00:00+00:00
engagement-emp-41-1,emp-41,54,survey,watch,Mesure mensuelle d'engagement.,3,high,"{""absences_30j"": 3, ""overdue_tasks"": 1, ""mandatory_training_gap"": 1, ""active_projects"": 1}",2023-07-15T10:00:00+00:00
engagement-emp-41-2,emp-41,56,manager_review,stable,Mesure mensuelle d'engagement.,2,medium,"{""absences_30j"": 0, ""overdue_tasks"": 3, ""mandatory_training_gap"": 0, ""active_projects"": 2}",2023-08-15T10:00:00+00:00
engagement-emp-41-3,emp-41,53,manager_review,stable,Mesure mensuelle d'engagement.,-3,high,"{""absences_30j"": 1, ""overdue_tasks"": 1, ""mandatory_training_gap"": 1, ""active_projects"": 1}",2023-09-15T10:00:00+00:00
engagement-emp-41-4,emp-41,52,manager_review,engaged,Mesure mensuelle d'engagement.,-1,high,"{""absences_30j"": 1, ""overdue_tasks"": 3, ""mandatory_training_gap"": 0, ""active_projects"": 2}",2023-10-15T10:00:00+00:00
engagement-emp-41-5,emp-41,55,pulse,engaged,Mesure mensuelle d'engagement.,3,medium,"{""absences_30j"": 3, ""overdue_tasks"": 1, ""mandatory_training_gap"": 1, ""active_projects"": 2}",2023-11-15T10:00:00+00:00
engagement-emp-41-6,emp-41,51,pulse,watch,Mesure mensuelle d'engagement.,-4,high,"{""absences_30j"": 3, ""overdue_tasks"": 2, ""mandatory_training_gap"": 1, ""active_projects"": 1}",2023-12-15T10:00:00+00:00
engagement-emp-41-7,emp-41,50,survey,boost,Mesure mensuelle d'engagement.,-1,high,"{""absences_30j"": 2, ""overdue_tasks"": 1, ""mandatory_training_gap"": 1, ""active_projects"": 3}",2024-01-15T10:00:00+00:00
engagement-emp-41-8,emp-41,47,survey,stable,Mesure mensuelle d'engagement.,-3,high,"{""absences_30j"": 1, ""overdue_tasks"": 3, ""mandatory_training_gap"": 1, ""active_projects"": 1}",2024-02-15T10:00:00+00:00
engagement-emp-41-9,emp-41,45,pulse,engaged,Mesure mensuelle d'engagement.,-2,high,"{""absences_30j"": 0, ""overdue_tasks"": 2, ""mandatory_training_gap"": 1, ""active_projects"": 1}",2024-03-15T10:00:00+00:00
engagement-emp-41-10,emp-41,49,pulse,watch,Mesure mensuelle d'engagement.,4,high,"{""absences_30j"": 0, ""overdue_tasks"": 2, ""mandatory_training_gap"": 0, ""active_projects"": 3}",2024-04-15T10:00:00+00:00
engagement-emp-41-11,emp-41,45,survey,engaged,Mesure mensuelle d'engagement.,-4,high,"{""absences_30j"": 3, ""overdue_tasks"": 3, ""mandatory_training_gap"": 1, ""active_projects"": 3}",2024-05-15T10:00:00+00:00
engagement-emp-41-12,emp-41,47,manager_review,stable,Mesure mensuelle d'engagement.,2,high,"{""absences_30j"": 1, ""overdue_tasks"": 4, ""mandatory_training_gap"": 1, ""active_projects"": 3}",2024-06-15T10:00:00+00:00
engagement-emp-41-13,emp-41,50,survey,stable,Mesure mensuelle d'engagement.,3,high,"{""absences_30j"": 1, ""overdue_tasks"": 4, ""mandatory_training_gap"": 1, ""active_projects"": 1}",2024-07-15T10:00:00+00:00
engagement-emp-41-14,emp-41,51,manager_review,engaged,Mesure mensuelle d'engagement.,1,high,"{""absences_30j"": 0, ""overdue_tasks"": 4, ""mandatory_training_gap"": 0, ""active_projects"": 1}",2024-08-15T10:00:00+00:00
engagement-emp-41-15,emp-41,55,survey,watch,Mesure mensuelle d'engagement.,4,medium,"{""absences_30j"": 2, ""overdue_tasks"": 3, ""mandatory_training_gap"": 0, ""active_projects"": 2}",2024-09-15T10:00:00+00:00
engagement-emp-41-16,emp-41,58,manager_review,stable,Mesure mensuelle d'engagement.,3,medium,"{""absences_30j"": 2, ""overdue_tasks"": 4, ""mandatory_training_gap"": 0, ""active_projects"": 2}",2024-10-15T10:00:00+00:00
engagement-emp-41-17,emp-41,60,manager_review,boost,Mesure mensuelle d'engagement.,2,medium,"{""absences_30j"": 3, ""overdue_tasks"": 2, ""mandatory_training_gap"": 0, ""active_projects"": 1}",2024-11-15T10:00:00+00:00
engagement-emp-41-18,emp-41,61,pulse,boost,Mesure mensuelle d'engagement.,1,medium,"{""absences_30j"": 2, ""overdue_tasks"": 1, ""mandatory_training_gap"": 1, ""active_projects"": 3}",2024-12-15T10:00:00+00:00
engagement-emp-41-19,emp-41,59,pulse,stable,Mesure mensuelle d'engagement.,-2,medium,"{""absences_30j"": 2, ""overdue_tasks"": 4, ""mandatory_training_gap"": 0, ""active_projects"": 2}",2025-01-15T10:00:00+00:00
engagement-emp-41-20,emp-41,59,pulse,boost,Mesure mensuelle d'engagement.,0,medium,"{""absences_30j"": 0, ""overdue_tasks"": 4, ""mandatory_training_gap"": 0, ""active_projects"": 3}",2025-02-15T10:00:00+00:00
engagement-emp-41-21,emp-41,61,pulse,engaged,Mesure mensuelle d'engagement.,2,medium,"{""absences_30j"": 3, ""overdue_tasks"": 4, ""mandatory_training_gap"": 0, ""active_projects"": 2}",2025-03-15T10:00:00+00:00
engagement-emp-41-22,emp-41,61,manager_review,stable,Mesure mensuelle d'engagement.,0,medium,"{""absences_30j"": 0, ""overdue_tasks"": 4, ""mandatory_training_gap"": 1, ""active_projects"": 2}",2025-04-15T10:00:00+00:00
engagement-emp-41-23,emp-41,58,manager_review,boost,Mesure mensuelle d'engagement.,-3,medium,"{""absences_30j"": 1, ""overdue_tasks"": 3, ""mandatory_training_gap"": 0, ""active_projects"": 1}",2025-05-15T10:00:00+00:00
engagement-emp-41-24,emp-41,60,manager_review,engaged,Mesure mensuelle d'engagement.,2,medium,"{""absences_30j"": 2, ""overdue_tasks"": 3, ""mandatory_training_gap"": 1, ""active_projects"": 1}",2025-06-15T10:00:00+00:00
engagement-emp-41-25,emp-41,61,survey,boost,Mesure mensuelle d'engagement.,1,medium,"{""absences_30j"": 1, ""overdue_tasks"": 0, ""mandatory_training_gap"": 1, ""active_projects"": 2}",2025-07-15T10:00:00+00:00
engagement-emp-41-26,emp-41,59,manager_review,engaged,Mesure mensuelle d'engagement.,-2,medium,"{""absences_30j"": 1, ""overdue_tasks"": 4, ""mandatory_training_gap"": 0, ""active_projects"": 3}",2025-08-15T10:00:00+00:00
engagement-emp-41-27,emp-41,63,survey,boost,Mesure mensuelle d'engagement.,4,medium,"{""absences_30j"": 0, ""overdue_tasks"": 3, ""mandatory_training_gap"": 0, ""active_projects"": 2}",2025-09-15T10:00:00+00:00
engagement-emp-41-28,emp-41,59,pulse,boost,Mesure mensuelle d'engagement.,-4,medium,"{""absences_30j"": 2, ""overdue_tasks"": 3, ""mandatory_training_gap"": 0, ""active_projects"": 2}",2025-10-15T10:00:00+00:00
engagement-emp-41-29,emp-41,61,manager_review,boost,Mesure mensuelle d'engagement.,2,medium,"{""absences_30j"": 2, ""overdue_tasks"": 3, ""mandatory_training_gap"": 1, ""active_projects"": 2}",2025-11-15T10:00:00+00:00
engagement-emp-41-30,emp-41,59,manager_review,engaged,Mesure mensuelle d'engagement.,-2,medium,"{""absences_30j"": 3, ""overdue_tasks"": 3, ""mandatory_training_gap"": 0, ""active_projects"": 3}",2025-12-15T10:00:00+00:00
engagement-emp-41-31,emp-41,57,survey,watch,Mesure mensuelle d'engagement.,-2,medium,"{""absences_30j"": 3, ""overdue_tasks"": 3, ""mandatory_training_gap"": 1, ""active_projects"": 1}",2026-01-15T10:00:00+00:00
engagement-emp-41-32,emp-41,53,survey,watch,Mesure mensuelle d'engagement.,-4,high,"{""absences_30j"": 1, ""overdue_tasks"": 2, ""mandatory_training_gap"": 1, ""active_projects"": 2}",2026-02-15T10:00:00+00:00
engagement-emp-41-33,emp-41,57,pulse,watch,Mesure mensuelle d'engagement.,4,medium,"{""absences_30j"": 0, ""overdue_tasks"": 1, ""mandatory_training_gap"": 0, ""active_projects"": 3}",2026-03-15T10:00:00+00:00
engagement-emp-41-34,emp-41,59,survey,engaged,Mesure mensuelle d'engagement.,2,medium,"{""absences_30j"": 2, ""overdue_tasks"": 4, ""mandatory_training_gap"": 0, ""active_projects"": 2}",2026-04-15T10:00:00+00:00
engagement-emp-41-35,emp-41,56,survey,stable,Mesure mensuelle d'engagement.,-3,medium,"{""absences_30j"": 1, ""overdue_tasks"": 0, ""mandatory_training_gap"": 1, ""active_projects"": 1}",2026-05-15T10:00:00+00:00
engagement-emp-41-36,emp-41,57,survey,boost,Mesure mensuelle d'engagement.,1,medium,"{""absences_30j"": 2, ""overdue_tasks"": 2, ""mandatory_training_gap"": 0, ""active_projects"": 1}",2026-06-15T10:00:00+00:00
engagement-emp-42-0,emp-42,78,survey,boost,Mesure mensuelle d'engagement.,-1,low,"{""absences_30j"": 2, ""overdue_tasks"": 0, ""mandatory_training_gap"": 1, ""active_projects"": 2}",2023-10-15T10:00:00+00:00
engagement-emp-42-1,emp-42,79,survey,stable,Mesure mensuelle d'engagement.,1,low,"{""absences_30j"": 2, ""overdue_tasks"": 4, ""mandatory_training_gap"": 1, ""active_projects"": 2}",2023-11-15T10:00:00+00:00
engagement-emp-42-2,emp-42,77,manager_review,stable,Mesure mensuelle d'engagement.,-2,low,"{""absences_30j"": 0, ""overdue_tasks"": 3, ""mandatory_training_gap"": 1, ""active_projects"": 2}",2023-12-15T10:00:00+00:00
engagement-emp-42-3,emp-42,80,survey,boost,Mesure mensuelle d'engagement.,3,low,"{""absences_30j"": 2, ""overdue_tasks"": 4, ""mandatory_training_gap"": 1, ""active_projects"": 2}",2024-01-15T10:00:00+00:00
engagement-emp-42-4,emp-42,78,manager_review,watch,Mesure mensuelle d'engagement.,-2,low,"{""absences_30j"": 1, ""overdue_tasks"": 4, ""mandatory_training_gap"": 1, ""active_projects"": 1}",2024-02-15T10:00:00+00:00
engagement-emp-42-5,emp-42,78,manager_review,stable,Mesure mensuelle d'engagement.,0,low,"{""absences_30j"": 3, ""overdue_tasks"": 0, ""mandatory_training_gap"": 1, ""active_projects"": 1}",2024-03-15T10:00:00+00:00
engagement-emp-42-6,emp-42,74,pulse,engaged,Mesure mensuelle d'engagement.,-4,low,"{""absences_30j"": 2, ""overdue_tasks"": 4, ""mandatory_training_gap"": 0, ""active_projects"": 2}",2024-04-15T10:00:00+00:00
engagement-emp-42-7,emp-42,78,pulse,watch,Mesure mensuelle d'engagement.,4,low,"{""absences_30j"": 3, ""overdue_tasks"": 4, ""mandatory_training_gap"": 0, ""active_projects"": 2}",2024-05-15T10:00:00+00:00
engagement-emp-42-8,emp-42,75,survey,boost,Mesure mensuelle d'engagement.,-3,low,"{""absences_30j"": 3, ""overdue_tasks"": 4, ""mandatory_training_gap"": 1, ""active_projects"": 1}",2024-06-15T10:00:00+00:00
engagement-emp-42-9,emp-42,77,survey,stable,Mesure mensuelle d'engagement.,2,low,"{""absences_30j"": 0, ""overdue_tasks"": 3, ""mandatory_training_gap"": 1, ""active_projects"": 1}",2024-07-15T10:00:00+00:00
engagement-emp-42-10,emp-42,77,pulse,watch,Mesure mensuelle d'engagement.,0,low,"{""absences_30j"": 0, ""overdue_tasks"": 3, ""mandatory_training_gap"": 0, ""active_projects"": 1}",2024-08-15T10:00:00+00:00
engagement-emp-42-11,emp-42,75,manager_review,watch,Mesure mensuelle d'engagement.,-2,low,"{""absences_30j"": 3, ""overdue_tasks"": 0, ""mandatory_training_gap"": 1, ""active_projects"": 2}",2024-09-15T10:00:00+00:00
engagement-emp-42-12,emp-42,79,manager_review,engaged,Mesure mensuelle d'engagement.,4,low,"{""absences_30j"": 1, ""overdue_tasks"": 3, ""mandatory_training_gap"": 0, ""active_projects"": 2}",2024-10-15T10:00:00+00:00
engagement-emp-42-13,emp-42,81,manager_review,boost,Mesure mensuelle d'engagement.,2,low,"{""absences_30j"": 3, ""overdue_tasks"": 4, ""mandatory_training_gap"": 0, ""active_projects"": 2}",2024-11-15T10:00:00+00:00
engagement-emp-42-14,emp-42,79,pulse,engaged,Mesure mensuelle d'engagement.,-2,low,"{""absences_30j"": 0, ""overdue_tasks"": 4, ""mandatory_training_gap"": 0, ""active_projects"": 3}",2024-12-15T10:00:00+00:00
engagement-emp-42-15,emp-42,82,manager_review,boost,Mesure mensuelle d'engagement.,3,low,"{""absences_30j"": 2, ""overdue_tasks"": 2, ""mandatory_training_gap"": 0, ""active_projects"": 3}",2025-01-15T10:00:00+00:00
engagement-emp-42-16,emp-42,86,manager_review,boost,Mesure mensuelle d'engagement.,4,low,"{""absences_30j"": 2, ""overdue_tasks"": 2, ""mandatory_training_gap"": 0, ""active_projects"": 2}",2025-02-15T10:00:00+00:00
engagement-emp-42-17,emp-42,86,pulse,boost,Mesure mensuelle d'engagement.,0,low,"{""absences_30j"": 2, ""overdue_tasks"": 4, ""mandatory_training_gap"": 0, ""active_projects"": 2}",2025-03-15T10:00:00+00:00
engagement-emp-42-18,emp-42,85,survey,stable,Mesure mensuelle d'engagement.,-1,low,"{""absences_30j"": 3, ""overdue_tasks"": 4, ""mandatory_training_gap"": 1, ""active_projects"": 3}",2025-04-15T10:00:00+00:00
engagement-emp-42-19,emp-42,85,manager_review,stable,Mesure mensuelle d'engagement.,0,low,"{""absences_30j"": 1, ""overdue_tasks"": 3, ""mandatory_training_gap"": 0, ""active_projects"": 3}",2025-05-15T10:00:00+00:00
engagement-emp-42-20,emp-42,83,pulse,stable,Mesure mensuelle d'engagement.,-2,low,"{""absences_30j"": 0, ""overdue_tasks"": 3, ""mandatory_training_gap"": 1, ""active_projects"": 3}",2025-06-15T10:00:00+00:00
engagement-emp-42-21,emp-42,86,survey,boost,Mesure mensuelle d'engagement.,3,low,"{""absences_30j"": 1, ""overdue_tasks"": 1, ""mandatory_training_gap"": 1, ""active_projects"": 3}",2025-07-15T10:00:00+00:00
engagement-emp-42-22,emp-42,83,manager_review,boost,Mesure mensuelle d'engagement.,-3,low,"{""absences_30j"": 0, ""overdue_tasks"": 1, ""mandatory_training_gap"": 1, ""active_projects"": 3}",2025-08-15T10:00:00+00:00
engagement-emp-42-23,emp-42,83,survey,stable,Mesure mensuelle d'engagement.,0,low,"{""absences_30j"": 3, ""overdue_tasks"": 1, ""mandatory_training_gap"": 0, ""active_projects"": 2}",2025-09-15T10:00:00+00:00
engagement-emp-42-24,emp-42,80,manager_review,boost,Mesure mensuelle d'engagement.,-3,low,"{""absences_30j"": 0, ""overdue_tasks"": 0, ""mandatory_training_gap"": 0, ""active_projects"": 2}",2025-10-15T10:00:00+00:00
engagement-emp-42-25,emp-42,78,manager_review,engaged,Mesure mensuelle d'engagement.,-2,low,"{""absences_30j"": 2, ""overdue_tasks"": 2, ""mandatory_training_gap"": 1, ""active_projects"": 1}",2025-11-15T10:00:00+00:00
engagement-emp-42-26,emp-42,78,manager_review,stable,Mesure mensuelle d'engagement.,0,low,"{""absences_30j"": 3, ""overdue_tasks"": 0, ""mandatory_training_gap"": 1, ""active_projects"": 2}",2025-12-15T10:00:00+00:00
engagement-emp-42-27,emp-42,78,survey,watch,Mesure mensuelle d'engagement.,0,low,"{""absences_30j"": 1, ""overdue_tasks"": 3, ""mandatory_training_gap"": 0, ""active_projects"": 1}",2026-01-15T10:00:00+00:00
engagement-emp-42-28,emp-42,77,pulse,stable,Mesure mensuelle d'engagement.,-1,low,"{""absences_30j"": 0, ""overdue_tasks"": 0, ""mandatory_training_gap"": 0, ""active_projects"": 1}",2026-02-15T10:00:00+00:00
engagement-emp-42-29,emp-42,76,manager_review,watch,Mesure mensuelle d'engagement.,-1,low,"{""absences_30j"": 1, ""overdue_tasks"": 1, ""mandatory_training_gap"": 0, ""active_projects"": 1}",2026-03-15T10:00:00+00:00
engagement-emp-42-30,emp-42,80,manager_review,watch,Mesure mensuelle d'engagement.,4,low,"{""absences_30j"": 3, ""overdue_tasks"": 4, ""mandatory_training_gap"": 0, ""active_projects"": 1}",2026-04-15T10:00:00+00:00
engagement-emp-42-31,emp-42,81,pulse,boost,Mesure mensuelle d'engagement.,1,low,"{""absences_30j"": 0, ""overdue_tasks"": 4, ""mandatory_training_gap"": 0, ""active_projects"": 1}",2026-05-15T10:00:00+00:00
engagement-emp-42-32,emp-42,81,manager_review,watch,Mesure mensuelle d'engagement.,0,low,"{""absences_30j"": 1, ""overdue_tasks"": 1, ""mandatory_training_gap"": 1, ""active_projects"": 2}",2026-06-15T10:00:00+00:00
engagement-emp-43-0,emp-43,74,pulse,stable,Mesure mensuelle d'engagement.,4,low,"{""absences_30j"": 1, ""overdue_tasks"": 1, ""mandatory_training_gap"": 1, ""active_projects"": 3}",2023-06-15T10:00:00+00:00
engagement-emp-43-1,emp-43,72,pulse,boost,Mesure mensuelle d'engagement.,-2,low,"{""absences_30j"": 3, ""overdue_tasks"": 1, ""mandatory_training_gap"": 1, ""active_projects"": 3}",2023-07-15T10:00:00+00:00
engagement-emp-43-2,emp-43,69,manager_review,watch,Mesure mensuelle d'engagement.,-3,medium,"{""absences_30j"": 1, ""overdue_tasks"": 1, ""mandatory_training_gap"": 0, ""active_projects"": 2}",2023-08-15T10:00:00+00:00
engagement-emp-43-3,emp-43,72,manager_review,engaged,Mesure mensuelle d'engagement.,3,low,"{""absences_30j"": 3, ""overdue_tasks"": 3, ""mandatory_training_gap"": 0, ""active_projects"": 1}",2023-09-15T10:00:00+00:00
engagement-emp-43-4,emp-43,69,pulse,boost,Mesure mensuelle d'engagement.,-3,medium,"{""absences_30j"": 3, ""overdue_tasks"": 2, ""mandatory_training_gap"": 0, ""active_projects"": 1}",2023-10-15T10:00:00+00:00
engagement-emp-43-5,emp-43,73,manager_review,watch,Mesure mensuelle d'engagement.,4,low,"{""absences_30j"": 3, ""overdue_tasks"": 0, ""mandatory_training_gap"": 0, ""active_projects"": 3}",2023-11-15T10:00:00+00:00
engagement-emp-43-6,emp-43,72,manager_review,watch,Mesure mensuelle d'engagement.,-1,low,"{""absences_30j"": 0, ""overdue_tasks"": 2, ""mandatory_training_gap"": 0, ""active_projects"": 2}",2023-12-15T10:00:00+00:00
engagement-emp-43-7,emp-43,69,pulse,watch,Mesure mensuelle d'engagement.,-3,medium,"{""absences_30j"": 0, ""overdue_tasks"": 1, ""mandatory_training_gap"": 0, ""active_projects"": 2}",2024-01-15T10:00:00+00:00
engagement-emp-43-8,emp-43,70,survey,boost,Mesure mensuelle d'engagement.,1,medium,"{""absences_30j"": 1, ""overdue_tasks"": 3, ""mandatory_training_gap"": 0, ""active_projects"": 2}",2024-02-15T10:00:00+00:00
engagement-emp-43-9,emp-43,69,manager_review,watch,Mesure mensuelle d'engagement.,-1,medium,"{""absences_30j"": 2, ""overdue_tasks"": 2, ""mandatory_training_gap"": 0, ""active_projects"": 1}",2024-03-15T10:00:00+00:00
engagement-emp-43-10,emp-43,68,manager_review,boost,Mesure mensuelle d'engagement.,-1,medium,"{""absences_30j"": 2, ""overdue_tasks"": 1, ""mandatory_training_gap"": 0, ""active_projects"": 3}",2024-04-15T10:00:00+00:00
engagement-emp-43-11,emp-43,70,pulse,engaged,Mesure mensuelle d'engagement.,2,medium,"{""absences_30j"": 2, ""overdue_tasks"": 1, ""mandatory_training_gap"": 1, ""active_projects"": 1}",2024-05-15T10:00:00+00:00
engagement-emp-43-12,emp-43,70,manager_review,watch,Mesure mensuelle d'engagement.,0,medium,"{""absences_30j"": 3, ""overdue_tasks"": 2, ""mandatory_training_gap"": 1, ""active_projects"": 1}",2024-06-15T10:00:00+00:00
engagement-emp-43-13,emp-43,72,pulse,watch,Mesure mensuelle d'engagement.,2,low,"{""absences_30j"": 0, ""overdue_tasks"": 0, ""mandatory_training_gap"": 0, ""active_projects"": 1}",2024-07-15T10:00:00+00:00
engagement-emp-43-14,emp-43,70,pulse,engaged,Mesure mensuelle d'engagement.,-2,medium,"{""absences_30j"": 2, ""overdue_tasks"": 2, ""mandatory_training_gap"": 0, ""active_projects"": 2}",2024-08-15T10:00:00+00:00
engagement-emp-43-15,emp-43,66,survey,engaged,Mesure mensuelle d'engagement.,-4,medium,"{""absences_30j"": 0, ""overdue_tasks"": 2, ""mandatory_training_gap"": 1, ""active_projects"": 3}",2024-09-15T10:00:00+00:00
engagement-emp-43-16,emp-43,65,manager_review,engaged,Mesure mensuelle d'engagement.,-1,medium,"{""absences_30j"": 1, ""overdue_tasks"": 1, ""mandatory_training_gap"": 0, ""active_projects"": 1}",2024-10-15T10:00:00+00:00
engagement-emp-43-17,emp-43,69,manager_review,boost,Mesure mensuelle d'engagement.,4,medium,"{""absences_30j"": 1, ""overdue_tasks"": 4, ""mandatory_training_gap"": 1, ""active_projects"": 1}",2024-11-15T10:00:00+00:00
engagement-emp-43-18,emp-43,68,manager_review,stable,Mesure mensuelle d'engagement.,-1,medium,"{""absences_30j"": 0, ""overdue_tasks"": 1, ""mandatory_training_gap"": 0, ""active_projects"": 1}",2024-12-15T10:00:00+00:00
engagement-emp-43-19,emp-43,69,manager_review,engaged,Mesure mensuelle d'engagement.,1,medium,"{""absences_30j"": 1, ""overdue_tasks"": 4, ""mandatory_training_gap"": 0, ""active_projects"": 3}",2025-01-15T10:00:00+00:00
engagement-emp-43-20,emp-43,65,manager_review,boost,Mesure mensuelle d'engagement.,-4,medium,"{""absences_30j"": 2, ""overdue_tasks"": 3, ""mandatory_training_gap"": 0, ""active_projects"": 1}",2025-02-15T10:00:00+00:00
engagement-emp-43-21,emp-43,68,survey,engaged,Mesure mensuelle d'engagement.,3,medium,"{""absences_30j"": 2, ""overdue_tasks"": 3, ""mandatory_training_gap"": 1, ""active_projects"": 1}",2025-03-15T10:00:00+00:00
engagement-emp-43-22,emp-43,65,manager_review,engaged,Mesure mensuelle d'engagement.,-3,medium,"{""absences_30j"": 3, ""overdue_tasks"": 3, ""mandatory_training_gap"": 0, ""active_projects"": 2}",2025-04-15T10:00:00+00:00
engagement-emp-43-23,emp-43,67,pulse,watch,Mesure mensuelle d'engagement.,2,medium,"{""absences_30j"": 1, ""overdue_tasks"": 1, ""mandatory_training_gap"": 0, ""active_projects"": 1}",2025-05-15T10:00:00+00:00
engagement-emp-43-24,emp-43,69,manager_review,engaged,Mesure mensuelle d'engagement.,2,medium,"{""absences_30j"": 0, ""overdue_tasks"": 0, ""mandatory_training_gap"": 0, ""active_projects"": 1}",2025-06-15T10:00:00+00:00
engagement-emp-43-25,emp-43,69,survey,engaged,Mesure mensuelle d'engagement.,0,medium,"{""absences_30j"": 1, ""overdue_tasks"": 3, ""mandatory_training_gap"": 1, ""active_projects"": 2}",2025-07-15T10:00:00+00:00
engagement-emp-43-26,emp-43,71,manager_review,engaged,Mesure mensuelle d'engagement.,2,medium,"{""absences_30j"": 0, ""overdue_tasks"": 4, ""mandatory_training_gap"": 0, ""active_projects"": 3}",2025-08-15T10:00:00+00:00
engagement-emp-43-27,emp-43,75,survey,engaged,Mesure mensuelle d'engagement.,4,low,"{""absences_30j"": 2, ""overdue_tasks"": 2, ""mandatory_training_gap"": 0, ""active_projects"": 2}",2025-09-15T10:00:00+00:00
engagement-emp-43-28,emp-43,72,survey,stable,Mesure mensuelle d'engagement.,-3,low,"{""absences_30j"": 3, ""overdue_tasks"": 3, ""mandatory_training_gap"": 1, ""active_projects"": 1}",2025-10-15T10:00:00+00:00
engagement-emp-43-29,emp-43,70,manager_review,stable,Mesure mensuelle d'engagement.,-2,medium,"{""absences_30j"": 0, ""overdue_tasks"": 4, ""mandatory_training_gap"": 1, ""active_projects"": 3}",2025-11-15T10:00:00+00:00
engagement-emp-43-30,emp-43,69,pulse,stable,Mesure mensuelle d'engagement.,-1,medium,"{""absences_30j"": 1, ""overdue_tasks"": 1, ""mandatory_training_gap"": 1, ""active_projects"": 3}",2025-12-15T10:00:00+00:00
engagement-emp-43-31,emp-43,70,manager_review,boost,Mesure mensuelle d'engagement.,1,medium,"{""absences_30j"": 3, ""overdue_tasks"": 1, ""mandatory_training_gap"": 0, ""active_projects"": 2}",2026-01-15T10:00:00+00:00
engagement-emp-43-32,emp-43,71,survey,engaged,Mesure mensuelle d'engagement.,1,medium,"{""absences_30j"": 2, ""overdue_tasks"": 3, ""mandatory_training_gap"": 1, ""active_projects"": 3}",2026-02-15T10:00:00+00:00
engagement-emp-43-33,emp-43,75,pulse,engaged,Mesure mensuelle d'engagement.,4,low,"{""absences_30j"": 3, ""overdue_tasks"": 3, ""mandatory_training_gap"": 1, ""active_projects"": 2}",2026-03-15T10:00:00+00:00
engagement-emp-43-34,emp-43,78,pulse,watch,Mesure mensuelle d'engagement.,3,low,"{""absences_30j"": 0, ""overdue_tasks"": 0, ""mandatory_training_gap"": 0, ""active_projects"": 2}",2026-04-15T10:00:00+00:00
engagement-emp-43-35,emp-43,79,pulse,watch,Mesure mensuelle d'engagement.,1,low,"{""absences_30j"": 3, ""overdue_tasks"": 1, ""mandatory_training_gap"": 0, ""active_projects"": 2}",2026-05-15T10:00:00+00:00
engagement-emp-43-36,emp-43,76,survey,stable,Mesure mensuelle d'engagement.,-3,low,"{""absences_30j"": 3, ""overdue_tasks"": 1, ""mandatory_training_gap"": 0, ""active_projects"": 2}",2026-06-15T10:00:00+00:00
engagement-emp-44-0,emp-44,69,pulse,stable,Mesure mensuelle d'engagement.,2,medium,"{""absences_30j"": 1, ""overdue_tasks"": 3, ""mandatory_training_gap"": 0, ""active_projects"": 1}",2023-06-15T10:00:00+00:00
engagement-emp-44-1,emp-44,70,survey,stable,Mesure mensuelle d'engagement.,1,medium,"{""absences_30j"": 3, ""overdue_tasks"": 2, ""mandatory_training_gap"": 1, ""active_projects"": 1}",2023-07-15T10:00:00+00:00
engagement-emp-44-2,emp-44,69,survey,engaged,Mesure mensuelle d'engagement.,-1,medium,"{""absences_30j"": 1, ""overdue_tasks"": 0, ""mandatory_training_gap"": 0, ""active_projects"": 1}",2023-08-15T10:00:00+00:00
engagement-emp-44-3,emp-44,65,manager_review,engaged,Mesure mensuelle d'engagement.,-4,medium,"{""absences_30j"": 3, ""overdue_tasks"": 2, ""mandatory_training_gap"": 1, ""active_projects"": 1}",2023-09-15T10:00:00+00:00
engagement-emp-44-4,emp-44,64,survey,boost,Mesure mensuelle d'engagement.,-1,medium,"{""absences_30j"": 2, ""overdue_tasks"": 4, ""mandatory_training_gap"": 0, ""active_projects"": 3}",2023-10-15T10:00:00+00:00
engagement-emp-44-5,emp-44,68,survey,engaged,Mesure mensuelle d'engagement.,4,medium,"{""absences_30j"": 3, ""overdue_tasks"": 3, ""mandatory_training_gap"": 1, ""active_projects"": 2}",2023-11-15T10:00:00+00:00
engagement-emp-44-6,emp-44,69,manager_review,engaged,Mesure mensuelle d'engagement.,1,medium,"{""absences_30j"": 0, ""overdue_tasks"": 0, ""mandatory_training_gap"": 1, ""active_projects"": 1}",2023-12-15T10:00:00+00:00
engagement-emp-44-7,emp-44,66,manager_review,stable,Mesure mensuelle d'engagement.,-3,medium,"{""absences_30j"": 2, ""overdue_tasks"": 1, ""mandatory_training_gap"": 0, ""active_projects"": 3}",2024-01-15T10:00:00+00:00
engagement-emp-44-8,emp-44,70,pulse,engaged,Mesure mensuelle d'engagement.,4,medium,"{""absences_30j"": 1, ""overdue_tasks"": 3, ""mandatory_training_gap"": 0, ""active_projects"": 2}",2024-02-15T10:00:00+00:00
engagement-emp-44-9,emp-44,72,manager_review,engaged,Mesure mensuelle d'engagement.,2,low,"{""absences_30j"": 2, ""overdue_tasks"": 3, ""mandatory_training_gap"": 1, ""active_projects"": 2}",2024-03-15T10:00:00+00:00
engagement-emp-44-10,emp-44,69,manager_review,boost,Mesure mensuelle d'engagement.,-3,medium,"{""absences_30j"": 1, ""overdue_tasks"": 2, ""mandatory_training_gap"": 0, ""active_projects"": 3}",2024-04-15T10:00:00+00:00
engagement-emp-44-11,emp-44,65,manager_review,engaged,Mesure mensuelle d'engagement.,-4,medium,"{""absences_30j"": 3, ""overdue_tasks"": 2, ""mandatory_training_gap"": 1, ""active_projects"": 2}",2024-05-15T10:00:00+00:00
engagement-emp-44-12,emp-44,66,pulse,boost,Mesure mensuelle d'engagement.,1,medium,"{""absences_30j"": 1, ""overdue_tasks"": 1, ""mandatory_training_gap"": 0, ""active_projects"": 2}",2024-06-15T10:00:00+00:00
engagement-emp-44-13,emp-44,65,manager_review,engaged,Mesure mensuelle d'engagement.,-1,medium,"{""absences_30j"": 3, ""overdue_tasks"": 4, ""mandatory_training_gap"": 1, ""active_projects"": 3}",2024-07-15T10:00:00+00:00
engagement-emp-44-14,emp-44,69,manager_review,boost,Mesure mensuelle d'engagement.,4,medium,"{""absences_30j"": 0, ""overdue_tasks"": 3, ""mandatory_training_gap"": 1, ""active_projects"": 2}",2024-08-15T10:00:00+00:00
engagement-emp-44-15,emp-44,69,manager_review,boost,Mesure mensuelle d'engagement.,0,medium,"{""absences_30j"": 0, ""overdue_tasks"": 4, ""mandatory_training_gap"": 1, ""active_projects"": 2}",2024-09-15T10:00:00+00:00
engagement-emp-44-16,emp-44,72,manager_review,boost,Mesure mensuelle d'engagement.,3,low,"{""absences_30j"": 2, ""overdue_tasks"": 0, ""mandatory_training_gap"": 1, ""active_projects"": 3}",2024-10-15T10:00:00+00:00
engagement-emp-44-17,emp-44,70,manager_review,stable,Mesure mensuelle d'engagement.,-2,medium,"{""absences_30j"": 0, ""overdue_tasks"": 4, ""mandatory_training_gap"": 0, ""active_projects"": 1}",2024-11-15T10:00:00+00:00
engagement-emp-44-18,emp-44,72,manager_review,stable,Mesure mensuelle d'engagement.,2,low,"{""absences_30j"": 0, ""overdue_tasks"": 3, ""mandatory_training_gap"": 1, ""active_projects"": 3}",2024-12-15T10:00:00+00:00
engagement-emp-44-19,emp-44,75,survey,boost,Mesure mensuelle d'engagement.,3,low,"{""absences_30j"": 0, ""overdue_tasks"": 1, ""mandatory_training_gap"": 1, ""active_projects"": 3}",2025-01-15T10:00:00+00:00
engagement-emp-44-20,emp-44,72,survey,boost,Mesure mensuelle d'engagement.,-3,low,"{""absences_30j"": 1, ""overdue_tasks"": 3, ""mandatory_training_gap"": 0, ""active_projects"": 2}",2025-02-15T10:00:00+00:00
engagement-emp-44-21,emp-44,69,manager_review,boost,Mesure mensuelle d'engagement.,-3,medium,"{""absences_30j"": 3, ""overdue_tasks"": 2, ""mandatory_training_gap"": 0, ""active_projects"": 1}",2025-03-15T10:00:00+00:00
engagement-emp-44-22,emp-44,70,survey,engaged,Mesure mensuelle d'engagement.,1,medium,"{""absences_30j"": 0, ""overdue_tasks"": 3, ""mandatory_training_gap"": 0, ""active_projects"": 2}",2025-04-15T10:00:00+00:00
engagement-emp-44-23,emp-44,68,survey,stable,Mesure mensuelle d'engagement.,-2,medium,"{""absences_30j"": 2, ""overdue_tasks"": 0, ""mandatory_training_gap"": 1, ""active_projects"": 2}",2025-05-15T10:00:00+00:00
engagement-emp-44-24,emp-44,67,pulse,engaged,Mesure mensuelle d'engagement.,-1,medium,"{""absences_30j"": 1, ""overdue_tasks"": 1, ""mandatory_training_gap"": 0, ""active_projects"": 2}",2025-06-15T10:00:00+00:00
engagement-emp-44-25,emp-44,69,manager_review,engaged,Mesure mensuelle d'engagement.,2,medium,"{""absences_30j"": 1, ""overdue_tasks"": 2, ""mandatory_training_gap"": 0, ""active_projects"": 2}",2025-07-15T10:00:00+00:00
engagement-emp-44-26,emp-44,71,pulse,stable,Mesure mensuelle d'engagement.,2,medium,"{""absences_30j"": 2, ""overdue_tasks"": 3, ""mandatory_training_gap"": 0, ""active_projects"": 1}",2025-08-15T10:00:00+00:00
engagement-emp-44-27,emp-44,72,survey,engaged,Mesure mensuelle d'engagement.,1,low,"{""absences_30j"": 3, ""overdue_tasks"": 3, ""mandatory_training_gap"": 1, ""active_projects"": 2}",2025-09-15T10:00:00+00:00
engagement-emp-44-28,emp-44,74,manager_review,boost,Mesure mensuelle d'engagement.,2,low,"{""absences_30j"": 2, ""overdue_tasks"": 1, ""mandatory_training_gap"": 1, ""active_projects"": 1}",2025-10-15T10:00:00+00:00
engagement-emp-44-29,emp-44,77,pulse,engaged,Mesure mensuelle d'engagement.,3,low,"{""absences_30j"": 0, ""overdue_tasks"": 3, ""mandatory_training_gap"": 0, ""active_projects"": 2}",2025-11-15T10:00:00+00:00
engagement-emp-44-30,emp-44,74,survey,engaged,Mesure mensuelle d'engagement.,-3,low,"{""absences_30j"": 2, ""overdue_tasks"": 4, ""mandatory_training_gap"": 1, ""active_projects"": 1}",2025-12-15T10:00:00+00:00
engagement-emp-44-31,emp-44,78,pulse,watch,Mesure mensuelle d'engagement.,4,low,"{""absences_30j"": 3, ""overdue_tasks"": 0, ""mandatory_training_gap"": 1, ""active_projects"": 1}",2026-01-15T10:00:00+00:00
engagement-emp-44-32,emp-44,75,manager_review,engaged,Mesure mensuelle d'engagement.,-3,low,"{""absences_30j"": 0, ""overdue_tasks"": 0, ""mandatory_training_gap"": 0, ""active_projects"": 2}",2026-02-15T10:00:00+00:00
engagement-emp-44-33,emp-44,74,pulse,stable,Mesure mensuelle d'engagement.,-1,low,"{""absences_30j"": 1, ""overdue_tasks"": 2, ""mandatory_training_gap"": 0, ""active_projects"": 3}",2026-03-15T10:00:00+00:00
engagement-emp-44-34,emp-44,73,manager_review,stable,Mesure mensuelle d'engagement.,-1,low,"{""absences_30j"": 3, ""overdue_tasks"": 1, ""mandatory_training_gap"": 0, ""active_projects"": 3}",2026-04-15T10:00:00+00:00
engagement-emp-44-35,emp-44,71,manager_review,watch,Mesure mensuelle d'engagement.,-2,medium,"{""absences_30j"": 2, ""overdue_tasks"": 2, ""mandatory_training_gap"": 1, ""active_projects"": 1}",2026-05-15T10:00:00+00:00
engagement-emp-44-36,emp-44,69,survey,watch,Mesure mensuelle d'engagement.,-2,medium,"{""absences_30j"": 1, ""overdue_tasks"": 2, ""mandatory_training_gap"": 1, ""active_projects"": 2}",2026-06-15T10:00:00+00:00
engagement-emp-45-0,emp-45,79,pulse,boost,Mesure mensuelle d'engagement.,3,low,"{""absences_30j"": 2, ""overdue_tasks"": 2, ""mandatory_training_gap"": 1, ""active_projects"": 1}",2023-06-15T10:00:00+00:00
engagement-emp-45-1,emp-45,78,pulse,stable,Mesure mensuelle d'engagement.,-1,low,"{""absences_30j"": 2, ""overdue_tasks"": 3, ""mandatory_training_gap"": 0, ""active_projects"": 3}",2023-07-15T10:00:00+00:00
engagement-emp-45-2,emp-45,75,pulse,boost,Mesure mensuelle d'engagement.,-3,low,"{""absences_30j"": 0, ""overdue_tasks"": 0, ""mandatory_training_gap"": 1, ""active_projects"": 3}",2023-08-15T10:00:00+00:00
engagement-emp-45-3,emp-45,74,survey,stable,Mesure mensuelle d'engagement.,-1,low,"{""absences_30j"": 0, ""overdue_tasks"": 0, ""mandatory_training_gap"": 0, ""active_projects"": 3}",2023-09-15T10:00:00+00:00
engagement-emp-45-4,emp-45,71,pulse,stable,Mesure mensuelle d'engagement.,-3,medium,"{""absences_30j"": 3, ""overdue_tasks"": 3, ""mandatory_training_gap"": 1, ""active_projects"": 2}",2023-10-15T10:00:00+00:00
engagement-emp-45-5,emp-45,68,manager_review,stable,Mesure mensuelle d'engagement.,-3,medium,"{""absences_30j"": 1, ""overdue_tasks"": 0, ""mandatory_training_gap"": 1, ""active_projects"": 2}",2023-11-15T10:00:00+00:00
engagement-emp-45-6,emp-45,69,survey,engaged,Mesure mensuelle d'engagement.,1,medium,"{""absences_30j"": 0, ""overdue_tasks"": 3, ""mandatory_training_gap"": 0, ""active_projects"": 2}",2023-12-15T10:00:00+00:00
engagement-emp-45-7,emp-45,71,pulse,watch,Mesure mensuelle d'engagement.,2,medium,"{""absences_30j"": 1, ""overdue_tasks"": 4, ""mandatory_training_gap"": 0, ""active_projects"": 1}",2024-01-15T10:00:00+00:00
engagement-emp-45-8,emp-45,71,survey,stable,Mesure mensuelle d'engagement.,0,medium,"{""absences_30j"": 2, ""overdue_tasks"": 0, ""mandatory_training_gap"": 0, ""active_projects"": 2}",2024-02-15T10:00:00+00:00
engagement-emp-45-9,emp-45,71,manager_review,boost,Mesure mensuelle d'engagement.,0,medium,"{""absences_30j"": 2, ""overdue_tasks"": 0, ""mandatory_training_gap"": 1, ""active_projects"": 2}",2024-03-15T10:00:00+00:00
engagement-emp-45-10,emp-45,72,pulse,stable,Mesure mensuelle d'engagement.,1,low,"{""absences_30j"": 2, ""overdue_tasks"": 1, ""mandatory_training_gap"": 1, ""active_projects"": 2}",2024-04-15T10:00:00+00:00
engagement-emp-45-11,emp-45,71,manager_review,watch,Mesure mensuelle d'engagement.,-1,medium,"{""absences_30j"": 1, ""overdue_tasks"": 4, ""mandatory_training_gap"": 0, ""active_projects"": 1}",2024-05-15T10:00:00+00:00
engagement-emp-45-12,emp-45,71,pulse,watch,Mesure mensuelle d'engagement.,0,medium,"{""absences_30j"": 1, ""overdue_tasks"": 4, ""mandatory_training_gap"": 1, ""active_projects"": 1}",2024-06-15T10:00:00+00:00
engagement-emp-45-13,emp-45,69,survey,engaged,Mesure mensuelle d'engagement.,-2,medium,"{""absences_30j"": 3, ""overdue_tasks"": 3, ""mandatory_training_gap"": 1, ""active_projects"": 1}",2024-07-15T10:00:00+00:00
engagement-emp-45-14,emp-45,67,survey,boost,Mesure mensuelle d'engagement.,-2,medium,"{""absences_30j"": 3, ""overdue_tasks"": 1, ""mandatory_training_gap"": 0, ""active_projects"": 1}",2024-08-15T10:00:00+00:00
engagement-emp-45-15,emp-45,64,manager_review,stable,Mesure mensuelle d'engagement.,-3,medium,"{""absences_30j"": 2, ""overdue_tasks"": 0, ""mandatory_training_gap"": 1, ""active_projects"": 1}",2024-09-15T10:00:00+00:00
engagement-emp-45-16,emp-45,63,manager_review,boost,Mesure mensuelle d'engagement.,-1,medium,"{""absences_30j"": 0, ""overdue_tasks"": 3, ""mandatory_training_gap"": 0, ""active_projects"": 2}",2024-10-15T10:00:00+00:00
engagement-emp-45-17,emp-45,62,manager_review,engaged,Mesure mensuelle d'engagement.,-1,medium,"{""absences_30j"": 0, ""overdue_tasks"": 4, ""mandatory_training_gap"": 0, ""active_projects"": 1}",2024-11-15T10:00:00+00:00
engagement-emp-45-18,emp-45,58,manager_review,boost,Mesure mensuelle d'engagement.,-4,medium,"{""absences_30j"": 0, ""overdue_tasks"": 4, ""mandatory_training_gap"": 0, ""active_projects"": 1}",2024-12-15T10:00:00+00:00
engagement-emp-45-19,emp-45,57,survey,stable,Mesure mensuelle d'engagement.,-1,medium,"{""absences_30j"": 3, ""overdue_tasks"": 1, ""mandatory_training_gap"": 1, ""active_projects"": 2}",2025-01-15T10:00:00+00:00
engagement-emp-45-20,emp-45,54,manager_review,boost,Mesure mensuelle d'engagement.,-3,high,"{""absences_30j"": 0, ""overdue_tasks"": 2, ""mandatory_training_gap"": 0, ""active_projects"": 1}",2025-02-15T10:00:00+00:00
engagement-emp-45-21,emp-45,50,manager_review,stable,Mesure mensuelle d'engagement.,-4,high,"{""absences_30j"": 2, ""overdue_tasks"": 0, ""mandatory_training_gap"": 1, ""active_projects"": 3}",2025-03-15T10:00:00+00:00
engagement-emp-45-22,emp-45,53,pulse,boost,Mesure mensuelle d'engagement.,3,high,"{""absences_30j"": 3, ""overdue_tasks"": 4, ""mandatory_training_gap"": 0, ""active_projects"": 3}",2025-04-15T10:00:00+00:00
engagement-emp-45-23,emp-45,49,survey,watch,Mesure mensuelle d'engagement.,-4,high,"{""absences_30j"": 2, ""overdue_tasks"": 4, ""mandatory_training_gap"": 1, ""active_projects"": 1}",2025-05-15T10:00:00+00:00
engagement-emp-45-24,emp-45,46,pulse,stable,Mesure mensuelle d'engagement.,-3,high,"{""absences_30j"": 2, ""overdue_tasks"": 2, ""mandatory_training_gap"": 0, ""active_projects"": 2}",2025-06-15T10:00:00+00:00
engagement-emp-45-25,emp-45,44,pulse,boost,Mesure mensuelle d'engagement.,-2,high,"{""absences_30j"": 3, ""overdue_tasks"": 3, ""mandatory_training_gap"": 0, ""active_projects"": 1}",2025-07-15T10:00:00+00:00
engagement-emp-45-26,emp-45,46,manager_review,stable,Mesure mensuelle d'engagement.,2,high,"{""absences_30j"": 1, ""overdue_tasks"": 1, ""mandatory_training_gap"": 0, ""active_projects"": 1}",2025-08-15T10:00:00+00:00
engagement-emp-45-27,emp-45,43,survey,boost,Mesure mensuelle d'engagement.,-3,high,"{""absences_30j"": 1, ""overdue_tasks"": 4, ""mandatory_training_gap"": 1, ""active_projects"": 2}",2025-09-15T10:00:00+00:00
engagement-emp-45-28,emp-45,47,manager_review,stable,Mesure mensuelle d'engagement.,4,high,"{""absences_30j"": 2, ""overdue_tasks"": 4, ""mandatory_training_gap"": 1, ""active_projects"": 2}",2025-10-15T10:00:00+00:00
engagement-emp-45-29,emp-45,51,survey,engaged,Mesure mensuelle d'engagement.,4,high,"{""absences_30j"": 0, ""overdue_tasks"": 1, ""mandatory_training_gap"": 0, ""active_projects"": 3}",2025-11-15T10:00:00+00:00
engagement-emp-45-30,emp-45,47,manager_review,stable,Mesure mensuelle d'engagement.,-4,high,"{""absences_30j"": 0, ""overdue_tasks"": 4, ""mandatory_training_gap"": 0, ""active_projects"": 2}",2025-12-15T10:00:00+00:00
engagement-emp-45-31,emp-45,51,manager_review,engaged,Mesure mensuelle d'engagement.,4,high,"{""absences_30j"": 1, ""overdue_tasks"": 3, ""mandatory_training_gap"": 0, ""active_projects"": 3}",2026-01-15T10:00:00+00:00
engagement-emp-45-32,emp-45,52,manager_review,engaged,Mesure mensuelle d'engagement.,1,high,"{""absences_30j"": 0, ""overdue_tasks"": 1, ""mandatory_training_gap"": 0, ""active_projects"": 3}",2026-02-15T10:00:00+00:00
engagement-emp-45-33,emp-45,48,pulse,boost,Mesure mensuelle d'engagement.,-4,high,"{""absences_30j"": 2, ""overdue_tasks"": 0, ""mandatory_training_gap"": 1, ""active_projects"": 3}",2026-03-15T10:00:00+00:00
engagement-emp-45-34,emp-45,47,manager_review,stable,Mesure mensuelle d'engagement.,-1,high,"{""absences_30j"": 3, ""overdue_tasks"": 0, ""mandatory_training_gap"": 1, ""active_projects"": 3}",2026-04-15T10:00:00+00:00
engagement-emp-45-35,emp-45,44,survey,watch,Mesure mensuelle d'engagement.,-3,high,"{""absences_30j"": 3, ""overdue_tasks"": 3, ""mandatory_training_gap"": 1, ""active_projects"": 2}",2026-05-15T10:00:00+00:00
engagement-emp-45-36,emp-45,46,pulse,boost,Mesure mensuelle d'engagement.,2,high,"{""absences_30j"": 3, ""overdue_tasks"": 4, ""mandatory_training_gap"": 0, ""active_projects"": 3}",2026-06-15T10:00:00+00:00
engagement-emp-46-0,emp-46,47,manager_review,watch,Mesure mensuelle d'engagement.,4,high,"{""absences_30j"": 1, ""overdue_tasks"": 0, ""mandatory_training_gap"": 0, ""active_projects"": 1}",2023-11-15T10:00:00+00:00
engagement-emp-46-1,emp-46,45,pulse,watch,Mesure mensuelle d'engagement.,-2,high,"{""absences_30j"": 1, ""overdue_tasks"": 4, ""mandatory_training_gap"": 0, ""active_projects"": 1}",2023-12-15T10:00:00+00:00
engagement-emp-46-2,emp-46,45,pulse,boost,Mesure mensuelle d'engagement.,0,high,"{""absences_30j"": 3, ""overdue_tasks"": 2, ""mandatory_training_gap"": 1, ""active_projects"": 3}",2024-01-15T10:00:00+00:00
engagement-emp-46-3,emp-46,43,manager_review,engaged,Mesure mensuelle d'engagement.,-2,high,"{""absences_30j"": 2, ""overdue_tasks"": 3, ""mandatory_training_gap"": 1, ""active_projects"": 1}",2024-02-15T10:00:00+00:00
engagement-emp-46-4,emp-46,45,survey,stable,Mesure mensuelle d'engagement.,2,high,"{""absences_30j"": 2, ""overdue_tasks"": 2, ""mandatory_training_gap"": 1, ""active_projects"": 2}",2024-03-15T10:00:00+00:00
engagement-emp-46-5,emp-46,48,survey,watch,Mesure mensuelle d'engagement.,3,high,"{""absences_30j"": 3, ""overdue_tasks"": 4, ""mandatory_training_gap"": 1, ""active_projects"": 1}",2024-04-15T10:00:00+00:00
engagement-emp-46-6,emp-46,47,survey,boost,Mesure mensuelle d'engagement.,-1,high,"{""absences_30j"": 2, ""overdue_tasks"": 0, ""mandatory_training_gap"": 1, ""active_projects"": 1}",2024-05-15T10:00:00+00:00
engagement-emp-46-7,emp-46,46,pulse,engaged,Mesure mensuelle d'engagement.,-1,high,"{""absences_30j"": 0, ""overdue_tasks"": 2, ""mandatory_training_gap"": 1, ""active_projects"": 2}",2024-06-15T10:00:00+00:00
engagement-emp-46-8,emp-46,42,pulse,stable,Mesure mensuelle d'engagement.,-4,high,"{""absences_30j"": 2, ""overdue_tasks"": 1, ""mandatory_training_gap"": 1, ""active_projects"": 3}",2024-07-15T10:00:00+00:00
engagement-emp-46-9,emp-46,44,survey,engaged,Mesure mensuelle d'engagement.,2,high,"{""absences_30j"": 1, ""overdue_tasks"": 0, ""mandatory_training_gap"": 0, ""active_projects"": 2}",2024-08-15T10:00:00+00:00
engagement-emp-46-10,emp-46,43,survey,engaged,Mesure mensuelle d'engagement.,-1,high,"{""absences_30j"": 3, ""overdue_tasks"": 4, ""mandatory_training_gap"": 0, ""active_projects"": 2}",2024-09-15T10:00:00+00:00
engagement-emp-46-11,emp-46,43,pulse,watch,Mesure mensuelle d'engagement.,0,high,"{""absences_30j"": 1, ""overdue_tasks"": 0, ""mandatory_training_gap"": 1, ""active_projects"": 1}",2024-10-15T10:00:00+00:00
engagement-emp-46-12,emp-46,42,pulse,boost,Mesure mensuelle d'engagement.,-1,high,"{""absences_30j"": 3, ""overdue_tasks"": 4, ""mandatory_training_gap"": 1, ""active_projects"": 1}",2024-11-15T10:00:00+00:00
engagement-emp-46-13,emp-46,44,manager_review,engaged,Mesure mensuelle d'engagement.,2,high,"{""absences_30j"": 2, ""overdue_tasks"": 1, ""mandatory_training_gap"": 0, ""active_projects"": 3}",2024-12-15T10:00:00+00:00
engagement-emp-46-14,emp-46,42,survey,engaged,Mesure mensuelle d'engagement.,-2,high,"{""absences_30j"": 2, ""overdue_tasks"": 1, ""mandatory_training_gap"": 0, ""active_projects"": 1}",2025-01-15T10:00:00+00:00
engagement-emp-46-15,emp-46,40,survey,watch,Mesure mensuelle d'engagement.,-2,high,"{""absences_30j"": 1, ""overdue_tasks"": 2, ""mandatory_training_gap"": 1, ""active_projects"": 2}",2025-02-15T10:00:00+00:00
engagement-emp-46-16,emp-46,39,manager_review,engaged,Mesure mensuelle d'engagement.,-1,high,"{""absences_30j"": 3, ""overdue_tasks"": 2, ""mandatory_training_gap"": 1, ""active_projects"": 3}",2025-03-15T10:00:00+00:00
engagement-emp-46-17,emp-46,38,pulse,stable,Mesure mensuelle d'engagement.,-1,high,"{""absences_30j"": 1, ""overdue_tasks"": 3, ""mandatory_training_gap"": 0, ""active_projects"": 2}",2025-04-15T10:00:00+00:00
engagement-emp-46-18,emp-46,34,manager_review,boost,Mesure mensuelle d'engagement.,-4,high,"{""absences_30j"": 0, ""overdue_tasks"": 1, ""mandatory_training_gap"": 0, ""active_projects"": 2}",2025-05-15T10:00:00+00:00
engagement-emp-46-19,emp-46,34,pulse,watch,Mesure mensuelle d'engagement.,0,high,"{""absences_30j"": 2, ""overdue_tasks"": 2, ""mandatory_training_gap"": 1, ""active_projects"": 1}",2025-06-15T10:00:00+00:00
engagement-emp-46-20,emp-46,34,pulse,boost,Mesure mensuelle d'engagement.,0,high,"{""absences_30j"": 3, ""overdue_tasks"": 2, ""mandatory_training_gap"": 1, ""active_projects"": 1}",2025-07-15T10:00:00+00:00
engagement-emp-46-21,emp-46,32,survey,watch,Mesure mensuelle d'engagement.,-2,high,"{""absences_30j"": 1, ""overdue_tasks"": 1, ""mandatory_training_gap"": 0, ""active_projects"": 2}",2025-08-15T10:00:00+00:00
engagement-emp-46-22,emp-46,30,pulse,watch,Mesure mensuelle d'engagement.,-2,high,"{""absences_30j"": 1, ""overdue_tasks"": 4, ""mandatory_training_gap"": 0, ""active_projects"": 2}",2025-09-15T10:00:00+00:00
engagement-emp-46-23,emp-46,33,manager_review,boost,Mesure mensuelle d'engagement.,3,high,"{""absences_30j"": 2, ""overdue_tasks"": 3, ""mandatory_training_gap"": 1, ""active_projects"": 2}",2025-10-15T10:00:00+00:00
engagement-emp-46-24,emp-46,37,pulse,stable,Mesure mensuelle d'engagement.,4,high,"{""absences_30j"": 3, ""overdue_tasks"": 1, ""mandatory_training_gap"": 0, ""active_projects"": 2}",2025-11-15T10:00:00+00:00
engagement-emp-46-25,emp-46,35,manager_review,boost,Mesure mensuelle d'engagement.,-2,high,"{""absences_30j"": 1, ""overdue_tasks"": 3, ""mandatory_training_gap"": 1, ""active_projects"": 2}",2025-12-15T10:00:00+00:00
engagement-emp-46-26,emp-46,32,survey,boost,Mesure mensuelle d'engagement.,-3,high,"{""absences_30j"": 0, ""overdue_tasks"": 2, ""mandatory_training_gap"": 0, ""active_projects"": 3}",2026-01-15T10:00:00+00:00
engagement-emp-46-27,emp-46,30,manager_review,watch,Mesure mensuelle d'engagement.,-2,high,"{""absences_30j"": 0, ""overdue_tasks"": 4, ""mandatory_training_gap"": 1, ""active_projects"": 1}",2026-02-15T10:00:00+00:00
engagement-emp-46-28,emp-46,34,survey,engaged,Mesure mensuelle d'engagement.,4,high,"{""absences_30j"": 1, ""overdue_tasks"": 4, ""mandatory_training_gap"": 1, ""active_projects"": 1}",2026-03-15T10:00:00+00:00
engagement-emp-46-29,emp-46,38,survey,boost,Mesure mensuelle d'engagement.,4,high,"{""absences_30j"": 2, ""overdue_tasks"": 1, ""mandatory_training_gap"": 1, ""active_projects"": 2}",2026-04-15T10:00:00+00:00
engagement-emp-46-30,emp-46,41,pulse,watch,Mesure mensuelle d'engagement.,3,high,"{""absences_30j"": 2, ""overdue_tasks"": 2, ""mandatory_training_gap"": 0, ""active_projects"": 1}",2026-05-15T10:00:00+00:00
engagement-emp-46-31,emp-46,43,survey,watch,Mesure mensuelle d'engagement.,2,high,"{""absences_30j"": 2, ""overdue_tasks"": 2, ""mandatory_training_gap"": 1, ""active_projects"": 1}",2026-06-15T10:00:00+00:00
engagement-emp-47-0,emp-47,65,pulse,watch,Mesure mensuelle d'engagement.,1,medium,"{""absences_30j"": 3, ""overdue_tasks"": 2, ""mandatory_training_gap"": 0, ""active_projects"": 3}",2025-02-15T10:00:00+00:00
engagement-emp-47-1,emp-47,63,pulse,boost,Mesure mensuelle d'engagement.,-2,medium,"{""absences_30j"": 1, ""overdue_tasks"": 1, ""mandatory_training_gap"": 1, ""active_projects"": 3}",2025-03-15T10:00:00+00:00
engagement-emp-47-2,emp-47,67,survey,watch,Mesure mensuelle d'engagement.,4,medium,"{""absences_30j"": 1, ""overdue_tasks"": 2, ""mandatory_training_gap"": 0, ""active_projects"": 2}",2025-04-15T10:00:00+00:00
engagement-emp-47-3,emp-47,70,manager_review,boost,Mesure mensuelle d'engagement.,3,medium,"{""absences_30j"": 2, ""overdue_tasks"": 3, ""mandatory_training_gap"": 1, ""active_projects"": 1}",2025-05-15T10:00:00+00:00
engagement-emp-47-4,emp-47,68,manager_review,engaged,Mesure mensuelle d'engagement.,-2,medium,"{""absences_30j"": 0, ""overdue_tasks"": 4, ""mandatory_training_gap"": 0, ""active_projects"": 2}",2025-06-15T10:00:00+00:00
engagement-emp-47-5,emp-47,66,pulse,boost,Mesure mensuelle d'engagement.,-2,medium,"{""absences_30j"": 1, ""overdue_tasks"": 4, ""mandatory_training_gap"": 0, ""active_projects"": 1}",2025-07-15T10:00:00+00:00
engagement-emp-47-6,emp-47,67,survey,watch,Mesure mensuelle d'engagement.,1,medium,"{""absences_30j"": 3, ""overdue_tasks"": 4, ""mandatory_training_gap"": 1, ""active_projects"": 2}",2025-08-15T10:00:00+00:00
engagement-emp-47-7,emp-47,68,manager_review,engaged,Mesure mensuelle d'engagement.,1,medium,"{""absences_30j"": 2, ""overdue_tasks"": 4, ""mandatory_training_gap"": 1, ""active_projects"": 2}",2025-09-15T10:00:00+00:00
engagement-emp-47-8,emp-47,66,pulse,engaged,Mesure mensuelle d'engagement.,-2,medium,"{""absences_30j"": 3, ""overdue_tasks"": 3, ""mandatory_training_gap"": 0, ""active_projects"": 2}",2025-10-15T10:00:00+00:00
engagement-emp-47-9,emp-47,70,manager_review,watch,Mesure mensuelle d'engagement.,4,medium,"{""absences_30j"": 0, ""overdue_tasks"": 0, ""mandatory_training_gap"": 0, ""active_projects"": 1}",2025-11-15T10:00:00+00:00
engagement-emp-47-10,emp-47,71,pulse,engaged,Mesure mensuelle d'engagement.,1,medium,"{""absences_30j"": 0, ""overdue_tasks"": 0, ""mandatory_training_gap"": 0, ""active_projects"": 3}",2025-12-15T10:00:00+00:00
engagement-emp-47-11,emp-47,73,pulse,stable,Mesure mensuelle d'engagement.,2,low,"{""absences_30j"": 2, ""overdue_tasks"": 1, ""mandatory_training_gap"": 0, ""active_projects"": 1}",2026-01-15T10:00:00+00:00
engagement-emp-47-12,emp-47,76,manager_review,engaged,Mesure mensuelle d'engagement.,3,low,"{""absences_30j"": 3, ""overdue_tasks"": 4, ""mandatory_training_gap"": 0, ""active_projects"": 1}",2026-02-15T10:00:00+00:00
engagement-emp-47-13,emp-47,75,manager_review,boost,Mesure mensuelle d'engagement.,-1,low,"{""absences_30j"": 1, ""overdue_tasks"": 0, ""mandatory_training_gap"": 1, ""active_projects"": 3}",2026-03-15T10:00:00+00:00
engagement-emp-47-14,emp-47,74,pulse,boost,Mesure mensuelle d'engagement.,-1,low,"{""absences_30j"": 0, ""overdue_tasks"": 3, ""mandatory_training_gap"": 0, ""active_projects"": 1}",2026-04-15T10:00:00+00:00
engagement-emp-47-15,emp-47,72,pulse,boost,Mesure mensuelle d'engagement.,-2,low,"{""absences_30j"": 1, ""overdue_tasks"": 0, ""mandatory_training_gap"": 0, ""active_projects"": 3}",2026-05-15T10:00:00+00:00
engagement-emp-47-16,emp-47,68,manager_review,watch,Mesure mensuelle d'engagement.,-4,medium,"{""absences_30j"": 1, ""overdue_tasks"": 3, ""mandatory_training_gap"": 0, ""active_projects"": 1}",2026-06-15T10:00:00+00:00
engagement-emp-48-0,emp-48,86,survey,engaged,Mesure mensuelle d'engagement.,0,low,"{""absences_30j"": 1, ""overdue_tasks"": 4, ""mandatory_training_gap"": 0, ""active_projects"": 3}",2023-06-15T10:00:00+00:00
engagement-emp-48-1,emp-48,86,survey,engaged,Mesure mensuelle d'engagement.,0,low,"{""absences_30j"": 0, ""overdue_tasks"": 1, ""mandatory_training_gap"": 1, ""active_projects"": 1}",2023-07-15T10:00:00+00:00
engagement-emp-48-2,emp-48,84,pulse,engaged,Mesure mensuelle d'engagement.,-2,low,"{""absences_30j"": 3, ""overdue_tasks"": 3, ""mandatory_training_gap"": 0, ""active_projects"": 3}",2023-08-15T10:00:00+00:00
engagement-emp-48-3,emp-48,88,pulse,boost,Mesure mensuelle d'engagement.,4,low,"{""absences_30j"": 3, ""overdue_tasks"": 0, ""mandatory_training_gap"": 0, ""active_projects"": 2}",2023-09-15T10:00:00+00:00
engagement-emp-48-4,emp-48,86,pulse,boost,Mesure mensuelle d'engagement.,-2,low,"{""absences_30j"": 3, ""overdue_tasks"": 0, ""mandatory_training_gap"": 0, ""active_projects"": 3}",2023-10-15T10:00:00+00:00
engagement-emp-48-5,emp-48,83,pulse,watch,Mesure mensuelle d'engagement.,-3,low,"{""absences_30j"": 1, ""overdue_tasks"": 2, ""mandatory_training_gap"": 1, ""active_projects"": 2}",2023-11-15T10:00:00+00:00
engagement-emp-48-6,emp-48,86,pulse,watch,Mesure mensuelle d'engagement.,3,low,"{""absences_30j"": 0, ""overdue_tasks"": 4, ""mandatory_training_gap"": 1, ""active_projects"": 3}",2023-12-15T10:00:00+00:00
engagement-emp-48-7,emp-48,87,manager_review,stable,Mesure mensuelle d'engagement.,1,low,"{""absences_30j"": 1, ""overdue_tasks"": 1, ""mandatory_training_gap"": 1, ""active_projects"": 1}",2024-01-15T10:00:00+00:00
engagement-emp-48-8,emp-48,83,pulse,engaged,Mesure mensuelle d'engagement.,-4,low,"{""absences_30j"": 2, ""overdue_tasks"": 2, ""mandatory_training_gap"": 0, ""active_projects"": 1}",2024-02-15T10:00:00+00:00
engagement-emp-48-9,emp-48,86,pulse,stable,Mesure mensuelle d'engagement.,3,low,"{""absences_30j"": 1, ""overdue_tasks"": 4, ""mandatory_training_gap"": 1, ""active_projects"": 3}",2024-03-15T10:00:00+00:00
engagement-emp-48-10,emp-48,84,survey,watch,Mesure mensuelle d'engagement.,-2,low,"{""absences_30j"": 0, ""overdue_tasks"": 2, ""mandatory_training_gap"": 0, ""active_projects"": 2}",2024-04-15T10:00:00+00:00
engagement-emp-48-11,emp-48,80,pulse,boost,Mesure mensuelle d'engagement.,-4,low,"{""absences_30j"": 1, ""overdue_tasks"": 3, ""mandatory_training_gap"": 1, ""active_projects"": 3}",2024-05-15T10:00:00+00:00
engagement-emp-48-12,emp-48,78,pulse,stable,Mesure mensuelle d'engagement.,-2,low,"{""absences_30j"": 1, ""overdue_tasks"": 0, ""mandatory_training_gap"": 0, ""active_projects"": 1}",2024-06-15T10:00:00+00:00
engagement-emp-48-13,emp-48,79,manager_review,boost,Mesure mensuelle d'engagement.,1,low,"{""absences_30j"": 1, ""overdue_tasks"": 2, ""mandatory_training_gap"": 0, ""active_projects"": 3}",2024-07-15T10:00:00+00:00
engagement-emp-48-14,emp-48,76,pulse,watch,Mesure mensuelle d'engagement.,-3,low,"{""absences_30j"": 2, ""overdue_tasks"": 3, ""mandatory_training_gap"": 0, ""active_projects"": 2}",2024-08-15T10:00:00+00:00
engagement-emp-48-15,emp-48,73,manager_review,watch,Mesure mensuelle d'engagement.,-3,low,"{""absences_30j"": 2, ""overdue_tasks"": 4, ""mandatory_training_gap"": 1, ""active_projects"": 3}",2024-09-15T10:00:00+00:00
engagement-emp-48-16,emp-48,72,manager_review,boost,Mesure mensuelle d'engagement.,-1,low,"{""absences_30j"": 3, ""overdue_tasks"": 1, ""mandatory_training_gap"": 1, ""active_projects"": 2}",2024-10-15T10:00:00+00:00
engagement-emp-48-17,emp-48,76,survey,stable,Mesure mensuelle d'engagement.,4,low,"{""absences_30j"": 3, ""overdue_tasks"": 0, ""mandatory_training_gap"": 0, ""active_projects"": 2}",2024-11-15T10:00:00+00:00
engagement-emp-48-18,emp-48,79,survey,stable,Mesure mensuelle d'engagement.,3,low,"{""absences_30j"": 1, ""overdue_tasks"": 4, ""mandatory_training_gap"": 1, ""active_projects"": 2}",2024-12-15T10:00:00+00:00
engagement-emp-48-19,emp-48,81,pulse,watch,Mesure mensuelle d'engagement.,2,low,"{""absences_30j"": 1, ""overdue_tasks"": 3, ""mandatory_training_gap"": 0, ""active_projects"": 2}",2025-01-15T10:00:00+00:00
engagement-emp-48-20,emp-48,85,pulse,watch,Mesure mensuelle d'engagement.,4,low,"{""absences_30j"": 2, ""overdue_tasks"": 3, ""mandatory_training_gap"": 0, ""active_projects"": 2}",2025-02-15T10:00:00+00:00
engagement-emp-48-21,emp-48,89,survey,boost,Mesure mensuelle d'engagement.,4,low,"{""absences_30j"": 1, ""overdue_tasks"": 4, ""mandatory_training_gap"": 0, ""active_projects"": 3}",2025-03-15T10:00:00+00:00
engagement-emp-48-22,emp-48,85,manager_review,watch,Mesure mensuelle d'engagement.,-4,low,"{""absences_30j"": 1, ""overdue_tasks"": 3, ""mandatory_training_gap"": 0, ""active_projects"": 1}",2025-04-15T10:00:00+00:00
engagement-emp-48-23,emp-48,89,survey,engaged,Mesure mensuelle d'engagement.,4,low,"{""absences_30j"": 2, ""overdue_tasks"": 0, ""mandatory_training_gap"": 1, ""active_projects"": 1}",2025-05-15T10:00:00+00:00
engagement-emp-48-24,emp-48,91,pulse,boost,Mesure mensuelle d'engagement.,2,low,"{""absences_30j"": 1, ""overdue_tasks"": 3, ""mandatory_training_gap"": 0, ""active_projects"": 3}",2025-06-15T10:00:00+00:00
engagement-emp-48-25,emp-48,87,manager_review,stable,Mesure mensuelle d'engagement.,-4,low,"{""absences_30j"": 2, ""overdue_tasks"": 2, ""mandatory_training_gap"": 1, ""active_projects"": 2}",2025-07-15T10:00:00+00:00
engagement-emp-48-26,emp-48,89,pulse,stable,Mesure mensuelle d'engagement.,2,low,"{""absences_30j"": 2, ""overdue_tasks"": 2, ""mandatory_training_gap"": 1, ""active_projects"": 1}",2025-08-15T10:00:00+00:00
engagement-emp-48-27,emp-48,93,pulse,watch,Mesure mensuelle d'engagement.,4,low,"{""absences_30j"": 0, ""overdue_tasks"": 1, ""mandatory_training_gap"": 1, ""active_projects"": 1}",2025-09-15T10:00:00+00:00
engagement-emp-48-28,emp-48,96,manager_review,watch,Mesure mensuelle d'engagement.,3,low,"{""absences_30j"": 3, ""overdue_tasks"": 0, ""mandatory_training_gap"": 0, ""active_projects"": 1}",2025-10-15T10:00:00+00:00
engagement-emp-48-29,emp-48,98,pulse,boost,Mesure mensuelle d'engagement.,2,low,"{""absences_30j"": 3, ""overdue_tasks"": 2, ""mandatory_training_gap"": 0, ""active_projects"": 1}",2025-11-15T10:00:00+00:00
engagement-emp-48-30,emp-48,97,manager_review,engaged,Mesure mensuelle d'engagement.,-1,low,"{""absences_30j"": 2, ""overdue_tasks"": 1, ""mandatory_training_gap"": 0, ""active_projects"": 3}",2025-12-15T10:00:00+00:00
engagement-emp-48-31,emp-48,95,survey,engaged,Mesure mensuelle d'engagement.,-2,low,"{""absences_30j"": 2, ""overdue_tasks"": 1, ""mandatory_training_gap"": 0, ""active_projects"": 1}",2026-01-15T10:00:00+00:00
engagement-emp-48-32,emp-48,91,pulse,engaged,Mesure mensuelle d'engagement.,-4,low,"{""absences_30j"": 3, ""overdue_tasks"": 4, ""mandatory_training_gap"": 1, ""active_projects"": 1}",2026-02-15T10:00:00+00:00
engagement-emp-48-33,emp-48,95,pulse,boost,Mesure mensuelle d'engagement.,4,low,"{""absences_30j"": 1, ""overdue_tasks"": 3, ""mandatory_training_gap"": 0, ""active_projects"": 2}",2026-03-15T10:00:00+00:00
engagement-emp-48-34,emp-48,93,manager_review,stable,Mesure mensuelle d'engagement.,-2,low,"{""absences_30j"": 0, ""overdue_tasks"": 2, ""mandatory_training_gap"": 1, ""active_projects"": 2}",2026-04-15T10:00:00+00:00
engagement-emp-48-35,emp-48,93,pulse,boost,Mesure mensuelle d'engagement.,0,low,"{""absences_30j"": 1, ""overdue_tasks"": 3, ""mandatory_training_gap"": 1, ""active_projects"": 1}",2026-05-15T10:00:00+00:00
engagement-emp-48-36,emp-48,89,manager_review,boost,Mesure mensuelle d'engagement.,-4,low,"{""absences_30j"": 3, ""overdue_tasks"": 0, ""mandatory_training_gap"": 1, ""active_projects"": 3}",2026-06-15T10:00:00+00:00
engagement-emp-49-0,emp-49,69,pulse,engaged,Mesure mensuelle d'engagement.,1,medium,"{""absences_30j"": 2, ""overdue_tasks"": 0, ""mandatory_training_gap"": 0, ""active_projects"": 1}",2024-04-15T10:00:00+00:00
engagement-emp-49-1,emp-49,68,pulse,boost,Mesure mensuelle d'engagement.,-1,medium,"{""absences_30j"": 1, ""overdue_tasks"": 0, ""mandatory_training_gap"": 1, ""active_projects"": 2}",2024-05-15T10:00:00+00:00
engagement-emp-49-2,emp-49,71,manager_review,engaged,Mesure mensuelle d'engagement.,3,medium,"{""absences_30j"": 3, ""overdue_tasks"": 1, ""mandatory_training_gap"": 1, ""active_projects"": 2}",2024-06-15T10:00:00+00:00
engagement-emp-49-3,emp-49,75,pulse,boost,Mesure mensuelle d'engagement.,4,low,"{""absences_30j"": 0, ""overdue_tasks"": 4, ""mandatory_training_gap"": 0, ""active_projects"": 1}",2024-07-15T10:00:00+00:00
engagement-emp-49-4,emp-49,75,survey,boost,Mesure mensuelle d'engagement.,0,low,"{""absences_30j"": 2, ""overdue_tasks"": 2, ""mandatory_training_gap"": 0, ""active_projects"": 1}",2024-08-15T10:00:00+00:00
engagement-emp-49-5,emp-49,79,survey,engaged,Mesure mensuelle d'engagement.,4,low,"{""absences_30j"": 2, ""overdue_tasks"": 0, ""mandatory_training_gap"": 0, ""active_projects"": 3}",2024-09-15T10:00:00+00:00
engagement-emp-49-6,emp-49,79,survey,stable,Mesure mensuelle d'engagement.,0,low,"{""absences_30j"": 2, ""overdue_tasks"": 0, ""mandatory_training_gap"": 1, ""active_projects"": 1}",2024-10-15T10:00:00+00:00
engagement-emp-49-7,emp-49,82,manager_review,watch,Mesure mensuelle d'engagement.,3,low,"{""absences_30j"": 0, ""overdue_tasks"": 1, ""mandatory_training_gap"": 0, ""active_projects"": 3}",2024-11-15T10:00:00+00:00
engagement-emp-49-8,emp-49,86,survey,boost,Mesure mensuelle d'engagement.,4,low,"{""absences_30j"": 3, ""overdue_tasks"": 2, ""mandatory_training_gap"": 1, ""active_projects"": 2}",2024-12-15T10:00:00+00:00
engagement-emp-49-9,emp-49,87,pulse,boost,Mesure mensuelle d'engagement.,1,low,"{""absences_30j"": 1, ""overdue_tasks"": 4, ""mandatory_training_gap"": 0, ""active_projects"": 3}",2025-01-15T10:00:00+00:00
engagement-emp-49-10,emp-49,85,manager_review,watch,Mesure mensuelle d'engagement.,-2,low,"{""absences_30j"": 3, ""overdue_tasks"": 2, ""mandatory_training_gap"": 1, ""active_projects"": 3}",2025-02-15T10:00:00+00:00
engagement-emp-49-11,emp-49,85,manager_review,engaged,Mesure mensuelle d'engagement.,0,low,"{""absences_30j"": 1, ""overdue_tasks"": 1, ""mandatory_training_gap"": 1, ""active_projects"": 1}",2025-03-15T10:00:00+00:00
engagement-emp-49-12,emp-49,88,manager_review,engaged,Mesure mensuelle d'engagement.,3,low,"{""absences_30j"": 1, ""overdue_tasks"": 2, ""mandatory_training_gap"": 0, ""active_projects"": 2}",2025-04-15T10:00:00+00:00
engagement-emp-49-13,emp-49,88,manager_review,stable,Mesure mensuelle d'engagement.,0,low,"{""absences_30j"": 2, ""overdue_tasks"": 1, ""mandatory_training_gap"": 0, ""active_projects"": 2}",2025-05-15T10:00:00+00:00
engagement-emp-49-14,emp-49,85,manager_review,stable,Mesure mensuelle d'engagement.,-3,low,"{""absences_30j"": 0, ""overdue_tasks"": 2, ""mandatory_training_gap"": 1, ""active_projects"": 3}",2025-06-15T10:00:00+00:00
engagement-emp-49-15,emp-49,85,survey,stable,Mesure mensuelle d'engagement.,0,low,"{""absences_30j"": 1, ""overdue_tasks"": 1, ""mandatory_training_gap"": 0, ""active_projects"": 1}",2025-07-15T10:00:00+00:00
engagement-emp-49-16,emp-49,85,pulse,boost,Mesure mensuelle d'engagement.,0,low,"{""absences_30j"": 3, ""overdue_tasks"": 2, ""mandatory_training_gap"": 1, ""active_projects"": 1}",2025-08-15T10:00:00+00:00
engagement-emp-49-17,emp-49,85,manager_review,engaged,Mesure mensuelle d'engagement.,0,low,"{""absences_30j"": 2, ""overdue_tasks"": 0, ""mandatory_training_gap"": 1, ""active_projects"": 3}",2025-09-15T10:00:00+00:00
engagement-emp-49-18,emp-49,89,manager_review,boost,Mesure mensuelle d'engagement.,4,low,"{""absences_30j"": 2, ""overdue_tasks"": 4, ""mandatory_training_gap"": 0, ""active_projects"": 3}",2025-10-15T10:00:00+00:00
engagement-emp-49-19,emp-49,92,pulse,engaged,Mesure mensuelle d'engagement.,3,low,"{""absences_30j"": 1, ""overdue_tasks"": 2, ""mandatory_training_gap"": 1, ""active_projects"": 1}",2025-11-15T10:00:00+00:00
engagement-emp-49-20,emp-49,94,survey,boost,Mesure mensuelle d'engagement.,2,low,"{""absences_30j"": 3, ""overdue_tasks"": 4, ""mandatory_training_gap"": 0, ""active_projects"": 3}",2025-12-15T10:00:00+00:00
engagement-emp-49-21,emp-49,97,manager_review,engaged,Mesure mensuelle d'engagement.,3,low,"{""absences_30j"": 3, ""overdue_tasks"": 0, ""mandatory_training_gap"": 1, ""active_projects"": 2}",2026-01-15T10:00:00+00:00
engagement-emp-49-22,emp-49,96,survey,engaged,Mesure mensuelle d'engagement.,-1,low,"{""absences_30j"": 1, ""overdue_tasks"": 3, ""mandatory_training_gap"": 1, ""active_projects"": 2}",2026-02-15T10:00:00+00:00
engagement-emp-49-23,emp-49,92,manager_review,watch,Mesure mensuelle d'engagement.,-4,low,"{""absences_30j"": 3, ""overdue_tasks"": 2, ""mandatory_training_gap"": 0, ""active_projects"": 2}",2026-03-15T10:00:00+00:00
engagement-emp-49-24,emp-49,91,manager_review,watch,Mesure mensuelle d'engagement.,-1,low,"{""absences_30j"": 3, ""overdue_tasks"": 1, ""mandatory_training_gap"": 1, ""active_projects"": 3}",2026-04-15T10:00:00+00:00
engagement-emp-49-25,emp-49,93,survey,stable,Mesure mensuelle d'engagement.,2,low,"{""absences_30j"": 0, ""overdue_tasks"": 0, ""mandatory_training_gap"": 1, ""active_projects"": 3}",2026-05-15T10:00:00+00:00
engagement-emp-49-26,emp-49,92,pulse,engaged,Mesure mensuelle d'engagement.,-1,low,"{""absences_30j"": 2, ""overdue_tasks"": 4, ""mandatory_training_gap"": 1, ""active_projects"": 3}",2026-06-15T10:00:00+00:00
engagement-emp-50-0,emp-50,74,survey,boost,Mesure mensuelle d'engagement.,2,low,"{""absences_30j"": 3, ""overdue_tasks"": 3, ""mandatory_training_gap"": 0, ""active_projects"": 3}",2023-06-15T10:00:00+00:00
engagement-emp-50-1,emp-50,74,manager_review,watch,Mesure mensuelle d'engagement.,0,low,"{""absences_30j"": 3, ""overdue_tasks"": 4, ""mandatory_training_gap"": 0, ""active_projects"": 3}",2023-07-15T10:00:00+00:00
engagement-emp-50-2,emp-50,73,manager_review,boost,Mesure mensuelle d'engagement.,-1,low,"{""absences_30j"": 3, ""overdue_tasks"": 3, ""mandatory_training_gap"": 1, ""active_projects"": 1}",2023-08-15T10:00:00+00:00
engagement-emp-50-3,emp-50,74,survey,watch,Mesure mensuelle d'engagement.,1,low,"{""absences_30j"": 1, ""overdue_tasks"": 1, ""mandatory_training_gap"": 1, ""active_projects"": 2}",2023-09-15T10:00:00+00:00
engagement-emp-50-4,emp-50,70,manager_review,stable,Mesure mensuelle d'engagement.,-4,medium,"{""absences_30j"": 0, ""overdue_tasks"": 1, ""mandatory_training_gap"": 1, ""active_projects"": 2}",2023-10-15T10:00:00+00:00
engagement-emp-50-5,emp-50,71,pulse,boost,Mesure mensuelle d'engagement.,1,medium,"{""absences_30j"": 1, ""overdue_tasks"": 1, ""mandatory_training_gap"": 1, ""active_projects"": 3}",2023-11-15T10:00:00+00:00
engagement-emp-50-6,emp-50,68,manager_review,stable,Mesure mensuelle d'engagement.,-3,medium,"{""absences_30j"": 0, ""overdue_tasks"": 3, ""mandatory_training_gap"": 1, ""active_projects"": 2}",2023-12-15T10:00:00+00:00
engagement-emp-50-7,emp-50,67,pulse,watch,Mesure mensuelle d'engagement.,-1,medium,"{""absences_30j"": 2, ""overdue_tasks"": 2, ""mandatory_training_gap"": 1, ""active_projects"": 1}",2024-01-15T10:00:00+00:00
engagement-emp-50-8,emp-50,71,manager_review,watch,Mesure mensuelle d'engagement.,4,medium,"{""absences_30j"": 3, ""overdue_tasks"": 3, ""mandatory_training_gap"": 1, ""active_projects"": 2}",2024-02-15T10:00:00+00:00
engagement-emp-50-9,emp-50,72,manager_review,watch,Mesure mensuelle d'engagement.,1,low,"{""absences_30j"": 0, ""overdue_tasks"": 2, ""mandatory_training_gap"": 0, ""active_projects"": 1}",2024-03-15T10:00:00+00:00
engagement-emp-50-10,emp-50,72,pulse,stable,Mesure mensuelle d'engagement.,0,low,"{""absences_30j"": 0, ""overdue_tasks"": 2, ""mandatory_training_gap"": 0, ""active_projects"": 3}",2024-04-15T10:00:00+00:00
engagement-emp-50-11,emp-50,75,survey,engaged,Mesure mensuelle d'engagement.,3,low,"{""absences_30j"": 3, ""overdue_tasks"": 4, ""mandatory_training_gap"": 0, ""active_projects"": 1}",2024-05-15T10:00:00+00:00
engagement-emp-50-12,emp-50,75,survey,boost,Mesure mensuelle d'engagement.,0,low,"{""absences_30j"": 3, ""overdue_tasks"": 1, ""mandatory_training_gap"": 0, ""active_projects"": 3}",2024-06-15T10:00:00+00:00
engagement-emp-50-13,emp-50,77,manager_review,boost,Mesure mensuelle d'engagement.,2,low,"{""absences_30j"": 3, ""overdue_tasks"": 2, ""mandatory_training_gap"": 0, ""active_projects"": 2}",2024-07-15T10:00:00+00:00
engagement-emp-50-14,emp-50,77,pulse,engaged,Mesure mensuelle d'engagement.,0,low,"{""absences_30j"": 0, ""overdue_tasks"": 2, ""mandatory_training_gap"": 1, ""active_projects"": 1}",2024-08-15T10:00:00+00:00
engagement-emp-50-15,emp-50,79,pulse,boost,Mesure mensuelle d'engagement.,2,low,"{""absences_30j"": 1, ""overdue_tasks"": 1, ""mandatory_training_gap"": 1, ""active_projects"": 3}",2024-09-15T10:00:00+00:00
engagement-emp-50-16,emp-50,80,pulse,boost,Mesure mensuelle d'engagement.,1,low,"{""absences_30j"": 0, ""overdue_tasks"": 2, ""mandatory_training_gap"": 1, ""active_projects"": 3}",2024-10-15T10:00:00+00:00
engagement-emp-50-17,emp-50,77,survey,boost,Mesure mensuelle d'engagement.,-3,low,"{""absences_30j"": 1, ""overdue_tasks"": 4, ""mandatory_training_gap"": 0, ""active_projects"": 1}",2024-11-15T10:00:00+00:00
engagement-emp-50-18,emp-50,75,manager_review,engaged,Mesure mensuelle d'engagement.,-2,low,"{""absences_30j"": 2, ""overdue_tasks"": 0, ""mandatory_training_gap"": 0, ""active_projects"": 3}",2024-12-15T10:00:00+00:00
engagement-emp-50-19,emp-50,71,survey,stable,Mesure mensuelle d'engagement.,-4,medium,"{""absences_30j"": 0, ""overdue_tasks"": 1, ""mandatory_training_gap"": 1, ""active_projects"": 1}",2025-01-15T10:00:00+00:00
engagement-emp-50-20,emp-50,70,survey,engaged,Mesure mensuelle d'engagement.,-1,medium,"{""absences_30j"": 3, ""overdue_tasks"": 2, ""mandatory_training_gap"": 1, ""active_projects"": 1}",2025-02-15T10:00:00+00:00
engagement-emp-50-21,emp-50,66,survey,watch,Mesure mensuelle d'engagement.,-4,medium,"{""absences_30j"": 2, ""overdue_tasks"": 1, ""mandatory_training_gap"": 0, ""active_projects"": 1}",2025-03-15T10:00:00+00:00
engagement-emp-50-22,emp-50,70,manager_review,engaged,Mesure mensuelle d'engagement.,4,medium,"{""absences_30j"": 1, ""overdue_tasks"": 1, ""mandatory_training_gap"": 1, ""active_projects"": 2}",2025-04-15T10:00:00+00:00
engagement-emp-50-23,emp-50,67,survey,engaged,Mesure mensuelle d'engagement.,-3,medium,"{""absences_30j"": 1, ""overdue_tasks"": 4, ""mandatory_training_gap"": 1, ""active_projects"": 3}",2025-05-15T10:00:00+00:00
engagement-emp-50-24,emp-50,71,survey,boost,Mesure mensuelle d'engagement.,4,medium,"{""absences_30j"": 1, ""overdue_tasks"": 1, ""mandatory_training_gap"": 1, ""active_projects"": 3}",2025-06-15T10:00:00+00:00
engagement-emp-50-25,emp-50,67,manager_review,boost,Mesure mensuelle d'engagement.,-4,medium,"{""absences_30j"": 2, ""overdue_tasks"": 2, ""mandatory_training_gap"": 0, ""active_projects"": 2}",2025-07-15T10:00:00+00:00
engagement-emp-50-26,emp-50,70,survey,engaged,Mesure mensuelle d'engagement.,3,medium,"{""absences_30j"": 0, ""overdue_tasks"": 3, ""mandatory_training_gap"": 0, ""active_projects"": 2}",2025-08-15T10:00:00+00:00
engagement-emp-50-27,emp-50,72,manager_review,engaged,Mesure mensuelle d'engagement.,2,low,"{""absences_30j"": 2, ""overdue_tasks"": 2, ""mandatory_training_gap"": 0, ""active_projects"": 1}",2025-09-15T10:00:00+00:00
engagement-emp-50-28,emp-50,72,pulse,engaged,Mesure mensuelle d'engagement.,0,low,"{""absences_30j"": 2, ""overdue_tasks"": 0, ""mandatory_training_gap"": 0, ""active_projects"": 3}",2025-10-15T10:00:00+00:00
engagement-emp-50-29,emp-50,69,pulse,boost,Mesure mensuelle d'engagement.,-3,medium,"{""absences_30j"": 0, ""overdue_tasks"": 4, ""mandatory_training_gap"": 0, ""active_projects"": 3}",2025-11-15T10:00:00+00:00
engagement-emp-50-30,emp-50,67,survey,engaged,Mesure mensuelle d'engagement.,-2,medium,"{""absences_30j"": 3, ""overdue_tasks"": 2, ""mandatory_training_gap"": 0, ""active_projects"": 1}",2025-12-15T10:00:00+00:00
engagement-emp-50-31,emp-50,64,pulse,stable,Mesure mensuelle d'engagement.,-3,medium,"{""absences_30j"": 2, ""overdue_tasks"": 0, ""mandatory_training_gap"": 1, ""active_projects"": 1}",2026-01-15T10:00:00+00:00
engagement-emp-50-32,emp-50,67,survey,boost,Mesure mensuelle d'engagement.,3,medium,"{""absences_30j"": 2, ""overdue_tasks"": 0, ""mandatory_training_gap"": 0, ""active_projects"": 2}",2026-02-15T10:00:00+00:00
engagement-emp-50-33,emp-50,71,pulse,engaged,Mesure mensuelle d'engagement.,4,medium,"{""absences_30j"": 3, ""overdue_tasks"": 3, ""mandatory_training_gap"": 0, ""active_projects"": 3}",2026-03-15T10:00:00+00:00
engagement-emp-50-34,emp-50,75,survey,watch,Mesure mensuelle d'engagement.,4,low,"{""absences_30j"": 0, ""overdue_tasks"": 1, ""mandatory_training_gap"": 0, ""active_projects"": 1}",2026-04-15T10:00:00+00:00
engagement-emp-50-35,emp-50,72,manager_review,boost,Mesure mensuelle d'engagement.,-3,low,"{""absences_30j"": 1, ""overdue_tasks"": 1, ""mandatory_training_gap"": 1, ""active_projects"": 1}",2026-05-15T10:00:00+00:00
engagement-emp-50-36,emp-50,72,survey,watch,Mesure mensuelle d'engagement.,0,low,"{""absences_30j"": 1, ""overdue_tasks"": 3, ""mandatory_training_gap"": 1, ""active_projects"": 1}",2026-06-15T10:00:00+00:00
engagement-emp-51-0,emp-51,77,manager_review,stable,Mesure mensuelle d'engagement.,2,low,"{""absences_30j"": 1, ""overdue_tasks"": 0, ""mandatory_training_gap"": 0, ""active_projects"": 1}",2025-05-15T10:00:00+00:00
engagement-emp-51-1,emp-51,75,survey,engaged,Mesure mensuelle d'engagement.,-2,low,"{""absences_30j"": 1, ""overdue_tasks"": 1, ""mandatory_training_gap"": 1, ""active_projects"": 2}",2025-06-15T10:00:00+00:00
engagement-emp-51-2,emp-51,73,pulse,boost,Mesure mensuelle d'engagement.,-2,low,"{""absences_30j"": 1, ""overdue_tasks"": 4, ""mandatory_training_gap"": 1, ""active_projects"": 1}",2025-07-15T10:00:00+00:00
engagement-emp-51-3,emp-51,71,manager_review,engaged,Mesure mensuelle d'engagement.,-2,medium,"{""absences_30j"": 2, ""overdue_tasks"": 2, ""mandatory_training_gap"": 0, ""active_projects"": 2}",2025-08-15T10:00:00+00:00
engagement-emp-51-4,emp-51,70,pulse,boost,Mesure mensuelle d'engagement.,-1,medium,"{""absences_30j"": 0, ""overdue_tasks"": 2, ""mandatory_training_gap"": 0, ""active_projects"": 1}",2025-09-15T10:00:00+00:00
engagement-emp-51-5,emp-51,69,survey,boost,Mesure mensuelle d'engagement.,-1,medium,"{""absences_30j"": 0, ""overdue_tasks"": 3, ""mandatory_training_gap"": 0, ""active_projects"": 2}",2025-10-15T10:00:00+00:00
engagement-emp-51-6,emp-51,68,pulse,engaged,Mesure mensuelle d'engagement.,-1,medium,"{""absences_30j"": 1, ""overdue_tasks"": 2, ""mandatory_training_gap"": 0, ""active_projects"": 3}",2025-11-15T10:00:00+00:00
engagement-emp-51-7,emp-51,68,manager_review,stable,Mesure mensuelle d'engagement.,0,medium,"{""absences_30j"": 3, ""overdue_tasks"": 1, ""mandatory_training_gap"": 0, ""active_projects"": 3}",2025-12-15T10:00:00+00:00
engagement-emp-51-8,emp-51,67,survey,stable,Mesure mensuelle d'engagement.,-1,medium,"{""absences_30j"": 0, ""overdue_tasks"": 1, ""mandatory_training_gap"": 0, ""active_projects"": 2}",2026-01-15T10:00:00+00:00
engagement-emp-51-9,emp-51,66,pulse,watch,Mesure mensuelle d'engagement.,-1,medium,"{""absences_30j"": 3, ""overdue_tasks"": 3, ""mandatory_training_gap"": 0, ""active_projects"": 3}",2026-02-15T10:00:00+00:00
engagement-emp-51-10,emp-51,62,manager_review,engaged,Mesure mensuelle d'engagement.,-4,medium,"{""absences_30j"": 1, ""overdue_tasks"": 1, ""mandatory_training_gap"": 0, ""active_projects"": 2}",2026-03-15T10:00:00+00:00
engagement-emp-51-11,emp-51,62,survey,stable,Mesure mensuelle d'engagement.,0,medium,"{""absences_30j"": 0, ""overdue_tasks"": 4, ""mandatory_training_gap"": 1, ""active_projects"": 3}",2026-04-15T10:00:00+00:00
engagement-emp-51-12,emp-51,58,pulse,watch,Mesure mensuelle d'engagement.,-4,medium,"{""absences_30j"": 1, ""overdue_tasks"": 0, ""mandatory_training_gap"": 1, ""active_projects"": 3}",2026-05-15T10:00:00+00:00
engagement-emp-51-13,emp-51,57,survey,boost,Mesure mensuelle d'engagement.,-1,medium,"{""absences_30j"": 3, ""overdue_tasks"": 3, ""mandatory_training_gap"": 1, ""active_projects"": 1}",2026-06-15T10:00:00+00:00
engagement-emp-52-0,emp-52,67,survey,watch,Mesure mensuelle d'engagement.,-3,medium,"{""absences_30j"": 2, ""overdue_tasks"": 2, ""mandatory_training_gap"": 1, ""active_projects"": 2}",2024-09-15T10:00:00+00:00
engagement-emp-52-1,emp-52,65,pulse,boost,Mesure mensuelle d'engagement.,-2,medium,"{""absences_30j"": 0, ""overdue_tasks"": 0, ""mandatory_training_gap"": 1, ""active_projects"": 2}",2024-10-15T10:00:00+00:00
engagement-emp-52-2,emp-52,69,manager_review,boost,Mesure mensuelle d'engagement.,4,medium,"{""absences_30j"": 2, ""overdue_tasks"": 3, ""mandatory_training_gap"": 1, ""active_projects"": 1}",2024-11-15T10:00:00+00:00
engagement-emp-52-3,emp-52,72,survey,engaged,Mesure mensuelle d'engagement.,3,low,"{""absences_30j"": 0, ""overdue_tasks"": 1, ""mandatory_training_gap"": 1, ""active_projects"": 3}",2024-12-15T10:00:00+00:00
engagement-emp-52-4,emp-52,72,pulse,stable,Mesure mensuelle d'engagement.,0,low,"{""absences_30j"": 3, ""overdue_tasks"": 3, ""mandatory_training_gap"": 1, ""active_projects"": 1}",2025-01-15T10:00:00+00:00
engagement-emp-52-5,emp-52,74,survey,boost,Mesure mensuelle d'engagement.,2,low,"{""absences_30j"": 0, ""overdue_tasks"": 0, ""mandatory_training_gap"": 0, ""active_projects"": 1}",2025-02-15T10:00:00+00:00
engagement-emp-52-6,emp-52,77,pulse,stable,Mesure mensuelle d'engagement.,3,low,"{""absences_30j"": 1, ""overdue_tasks"": 3, ""mandatory_training_gap"": 1, ""active_projects"": 1}",2025-03-15T10:00:00+00:00
engagement-emp-52-7,emp-52,79,manager_review,boost,Mesure mensuelle d'engagement.,2,low,"{""absences_30j"": 1, ""overdue_tasks"": 4, ""mandatory_training_gap"": 0, ""active_projects"": 1}",2025-04-15T10:00:00+00:00
engagement-emp-52-8,emp-52,76,manager_review,stable,Mesure mensuelle d'engagement.,-3,low,"{""absences_30j"": 1, ""overdue_tasks"": 0, ""mandatory_training_gap"": 0, ""active_projects"": 1}",2025-05-15T10:00:00+00:00
engagement-emp-52-9,emp-52,79,pulse,engaged,Mesure mensuelle d'engagement.,3,low,"{""absences_30j"": 2, ""overdue_tasks"": 1, ""mandatory_training_gap"": 1, ""active_projects"": 1}",2025-06-15T10:00:00+00:00
engagement-emp-52-10,emp-52,75,pulse,watch,Mesure mensuelle d'engagement.,-4,low,"{""absences_30j"": 0, ""overdue_tasks"": 0, ""mandatory_training_gap"": 0, ""active_projects"": 2}",2025-07-15T10:00:00+00:00
engagement-emp-52-11,emp-52,77,manager_review,stable,Mesure mensuelle d'engagement.,2,low,"{""absences_30j"": 3, ""overdue_tasks"": 4, ""mandatory_training_gap"": 0, ""active_projects"": 3}",2025-08-15T10:00:00+00:00
engagement-emp-52-12,emp-52,80,pulse,stable,Mesure mensuelle d'engagement.,3,low,"{""absences_30j"": 0, ""overdue_tasks"": 0, ""mandatory_training_gap"": 0, ""active_projects"": 2}",2025-09-15T10:00:00+00:00
engagement-emp-52-13,emp-52,82,manager_review,boost,Mesure mensuelle d'engagement.,2,low,"{""absences_30j"": 0, ""overdue_tasks"": 2, ""mandatory_training_gap"": 0, ""active_projects"": 3}",2025-10-15T10:00:00+00:00
engagement-emp-52-14,emp-52,78,survey,stable,Mesure mensuelle d'engagement.,-4,low,"{""absences_30j"": 0, ""overdue_tasks"": 4, ""mandatory_training_gap"": 1, ""active_projects"": 2}",2025-11-15T10:00:00+00:00
engagement-emp-52-15,emp-52,78,manager_review,stable,Mesure mensuelle d'engagement.,0,low,"{""absences_30j"": 0, ""overdue_tasks"": 1, ""mandatory_training_gap"": 0, ""active_projects"": 3}",2025-12-15T10:00:00+00:00
engagement-emp-52-16,emp-52,74,manager_review,stable,Mesure mensuelle d'engagement.,-4,low,"{""absences_30j"": 2, ""overdue_tasks"": 2, ""mandatory_training_gap"": 0, ""active_projects"": 1}",2026-01-15T10:00:00+00:00
engagement-emp-52-17,emp-52,72,pulse,stable,Mesure mensuelle d'engagement.,-2,low,"{""absences_30j"": 0, ""overdue_tasks"": 2, ""mandatory_training_gap"": 1, ""active_projects"": 1}",2026-02-15T10:00:00+00:00
engagement-emp-52-18,emp-52,68,pulse,stable,Mesure mensuelle d'engagement.,-4,medium,"{""absences_30j"": 3, ""overdue_tasks"": 0, ""mandatory_training_gap"": 1, ""active_projects"": 2}",2026-03-15T10:00:00+00:00
engagement-emp-52-19,emp-52,67,pulse,boost,Mesure mensuelle d'engagement.,-1,medium,"{""absences_30j"": 2, ""overdue_tasks"": 3, ""mandatory_training_gap"": 1, ""active_projects"": 2}",2026-04-15T10:00:00+00:00
engagement-emp-52-20,emp-52,63,manager_review,engaged,Mesure mensuelle d'engagement.,-4,medium,"{""absences_30j"": 1, ""overdue_tasks"": 2, ""mandatory_training_gap"": 0, ""active_projects"": 3}",2026-05-15T10:00:00+00:00
engagement-emp-52-21,emp-52,64,survey,watch,Mesure mensuelle d'engagement.,1,medium,"{""absences_30j"": 1, ""overdue_tasks"": 0, ""mandatory_training_gap"": 1, ""active_projects"": 1}",2026-06-15T10:00:00+00:00
engagement-emp-53-0,emp-53,60,pulse,engaged,Mesure mensuelle d'engagement.,-4,medium,"{""absences_30j"": 3, ""overdue_tasks"": 3, ""mandatory_training_gap"": 0, ""active_projects"": 1}",2023-06-15T10:00:00+00:00
engagement-emp-53-1,emp-53,56,pulse,boost,Mesure mensuelle d'engagement.,-4,medium,"{""absences_30j"": 1, ""overdue_tasks"": 0, ""mandatory_training_gap"": 1, ""active_projects"": 3}",2023-07-15T10:00:00+00:00
engagement-emp-53-2,emp-53,53,survey,engaged,Mesure mensuelle d'engagement.,-3,high,"{""absences_30j"": 2, ""overdue_tasks"": 1, ""mandatory_training_gap"": 0, ""active_projects"": 2}",2023-08-15T10:00:00+00:00
engagement-emp-53-3,emp-53,57,pulse,watch,Mesure mensuelle d'engagement.,4,medium,"{""absences_30j"": 1, ""overdue_tasks"": 3, ""mandatory_training_gap"": 1, ""active_projects"": 2}",2023-09-15T10:00:00+00:00
engagement-emp-53-4,emp-53,60,manager_review,stable,Mesure mensuelle d'engagement.,3,medium,"{""absences_30j"": 0, ""overdue_tasks"": 4, ""mandatory_training_gap"": 1, ""active_projects"": 2}",2023-10-15T10:00:00+00:00
engagement-emp-53-5,emp-53,60,pulse,boost,Mesure mensuelle d'engagement.,0,medium,"{""absences_30j"": 2, ""overdue_tasks"": 4, ""mandatory_training_gap"": 0, ""active_projects"": 2}",2023-11-15T10:00:00+00:00
engagement-emp-53-6,emp-53,56,manager_review,engaged,Mesure mensuelle d'engagement.,-4,medium,"{""absences_30j"": 3, ""overdue_tasks"": 1, ""mandatory_training_gap"": 1, ""active_projects"": 3}",2023-12-15T10:00:00+00:00
engagement-emp-53-7,emp-53,53,manager_review,engaged,Mesure mensuelle d'engagement.,-3,high,"{""absences_30j"": 0, ""overdue_tasks"": 4, ""mandatory_training_gap"": 1, ""active_projects"": 1}",2024-01-15T10:00:00+00:00
engagement-emp-53-8,emp-53,55,manager_review,stable,Mesure mensuelle d'engagement.,2,medium,"{""absences_30j"": 3, ""overdue_tasks"": 2, ""mandatory_training_gap"": 1, ""active_projects"": 2}",2024-02-15T10:00:00+00:00
engagement-emp-53-9,emp-53,55,manager_review,engaged,Mesure mensuelle d'engagement.,0,medium,"{""absences_30j"": 2, ""overdue_tasks"": 2, ""mandatory_training_gap"": 1, ""active_projects"": 1}",2024-03-15T10:00:00+00:00
engagement-emp-53-10,emp-53,52,pulse,watch,Mesure mensuelle d'engagement.,-3,high,"{""absences_30j"": 2, ""overdue_tasks"": 1, ""mandatory_training_gap"": 1, ""active_projects"": 3}",2024-04-15T10:00:00+00:00
engagement-emp-53-11,emp-53,50,pulse,stable,Mesure mensuelle d'engagement.,-2,high,"{""absences_30j"": 0, ""overdue_tasks"": 2, ""mandatory_training_gap"": 1, ""active_projects"": 1}",2024-05-15T10:00:00+00:00
engagement-emp-53-12,emp-53,46,survey,engaged,Mesure mensuelle d'engagement.,-4,high,"{""absences_30j"": 1, ""overdue_tasks"": 0, ""mandatory_training_gap"": 0, ""active_projects"": 1}",2024-06-15T10:00:00+00:00
engagement-emp-53-13,emp-53,49,manager_review,stable,Mesure mensuelle d'engagement.,3,high,"{""absences_30j"": 0, ""overdue_tasks"": 4, ""mandatory_training_gap"": 0, ""active_projects"": 2}",2024-07-15T10:00:00+00:00
engagement-emp-53-14,emp-53,48,pulse,boost,Mesure mensuelle d'engagement.,-1,high,"{""absences_30j"": 1, ""overdue_tasks"": 0, ""mandatory_training_gap"": 1, ""active_projects"": 2}",2024-08-15T10:00:00+00:00
engagement-emp-53-15,emp-53,44,pulse,watch,Mesure mensuelle d'engagement.,-4,high,"{""absences_30j"": 2, ""overdue_tasks"": 4, ""mandatory_training_gap"": 1, ""active_projects"": 2}",2024-09-15T10:00:00+00:00
engagement-emp-53-16,emp-53,47,pulse,engaged,Mesure mensuelle d'engagement.,3,high,"{""absences_30j"": 2, ""overdue_tasks"": 1, ""mandatory_training_gap"": 1, ""active_projects"": 2}",2024-10-15T10:00:00+00:00
engagement-emp-53-17,emp-53,43,pulse,watch,Mesure mensuelle d'engagement.,-4,high,"{""absences_30j"": 0, ""overdue_tasks"": 0, ""mandatory_training_gap"": 1, ""active_projects"": 3}",2024-11-15T10:00:00+00:00
engagement-emp-53-18,emp-53,41,pulse,watch,Mesure mensuelle d'engagement.,-2,high,"{""absences_30j"": 1, ""overdue_tasks"": 4, ""mandatory_training_gap"": 0, ""active_projects"": 1}",2024-12-15T10:00:00+00:00
engagement-emp-53-19,emp-53,42,survey,watch,Mesure mensuelle d'engagement.,1,high,"{""absences_30j"": 3, ""overdue_tasks"": 2, ""mandatory_training_gap"": 1, ""active_projects"": 3}",2025-01-15T10:00:00+00:00
engagement-emp-53-20,emp-53,40,pulse,engaged,Mesure mensuelle d'engagement.,-2,high,"{""absences_30j"": 1, ""overdue_tasks"": 0, ""mandatory_training_gap"": 0, ""active_projects"": 2}",2025-02-15T10:00:00+00:00
engagement-emp-53-21,emp-53,44,survey,boost,Mesure mensuelle d'engagement.,4,high,"{""absences_30j"": 3, ""overdue_tasks"": 4, ""mandatory_training_gap"": 0, ""active_projects"": 1}",2025-03-15T10:00:00+00:00
engagement-emp-53-22,emp-53,45,survey,watch,Mesure mensuelle d'engagement.,1,high,"{""absences_30j"": 0, ""overdue_tasks"": 0, ""mandatory_training_gap"": 1, ""active_projects"": 1}",2025-04-15T10:00:00+00:00
engagement-emp-53-23,emp-53,44,survey,boost,Mesure mensuelle d'engagement.,-1,high,"{""absences_30j"": 3, ""overdue_tasks"": 0, ""mandatory_training_gap"": 1, ""active_projects"": 3}",2025-05-15T10:00:00+00:00
engagement-emp-53-24,emp-53,46,manager_review,watch,Mesure mensuelle d'engagement.,2,high,"{""absences_30j"": 0, ""overdue_tasks"": 4, ""mandatory_training_gap"": 0, ""active_projects"": 2}",2025-06-15T10:00:00+00:00
engagement-emp-53-25,emp-53,50,survey,watch,Mesure mensuelle d'engagement.,4,high,"{""absences_30j"": 1, ""overdue_tasks"": 2, ""mandatory_training_gap"": 0, ""active_projects"": 1}",2025-07-15T10:00:00+00:00
engagement-emp-53-26,emp-53,46,pulse,stable,Mesure mensuelle d'engagement.,-4,high,"{""absences_30j"": 2, ""overdue_tasks"": 2, ""mandatory_training_gap"": 1, ""active_projects"": 2}",2025-08-15T10:00:00+00:00
engagement-emp-53-27,emp-53,47,survey,boost,Mesure mensuelle d'engagement.,1,high,"{""absences_30j"": 2, ""overdue_tasks"": 4, ""mandatory_training_gap"": 1, ""active_projects"": 1}",2025-09-15T10:00:00+00:00
engagement-emp-53-28,emp-53,49,pulse,watch,Mesure mensuelle d'engagement.,2,high,"{""absences_30j"": 1, ""overdue_tasks"": 3, ""mandatory_training_gap"": 0, ""active_projects"": 3}",2025-10-15T10:00:00+00:00
engagement-emp-53-29,emp-53,49,survey,watch,Mesure mensuelle d'engagement.,0,high,"{""absences_30j"": 1, ""overdue_tasks"": 1, ""mandatory_training_gap"": 0, ""active_projects"": 1}",2025-11-15T10:00:00+00:00
engagement-emp-53-30,emp-53,49,survey,stable,Mesure mensuelle d'engagement.,0,high,"{""absences_30j"": 0, ""overdue_tasks"": 0, ""mandatory_training_gap"": 0, ""active_projects"": 1}",2025-12-15T10:00:00+00:00
engagement-emp-53-31,emp-53,49,survey,stable,Mesure mensuelle d'engagement.,0,high,"{""absences_30j"": 3, ""overdue_tasks"": 1, ""mandatory_training_gap"": 1, ""active_projects"": 3}",2026-01-15T10:00:00+00:00
engagement-emp-53-32,emp-53,46,survey,boost,Mesure mensuelle d'engagement.,-3,high,"{""absences_30j"": 1, ""overdue_tasks"": 0, ""mandatory_training_gap"": 1, ""active_projects"": 2}",2026-02-15T10:00:00+00:00
engagement-emp-53-33,emp-53,48,manager_review,watch,Mesure mensuelle d'engagement.,2,high,"{""absences_30j"": 1, ""overdue_tasks"": 1, ""mandatory_training_gap"": 0, ""active_projects"": 1}",2026-03-15T10:00:00+00:00
engagement-emp-53-34,emp-53,50,pulse,boost,Mesure mensuelle d'engagement.,2,high,"{""absences_30j"": 3, ""overdue_tasks"": 3, ""mandatory_training_gap"": 0, ""active_projects"": 2}",2026-04-15T10:00:00+00:00
engagement-emp-53-35,emp-53,52,pulse,engaged,Mesure mensuelle d'engagement.,2,high,"{""absences_30j"": 3, ""overdue_tasks"": 4, ""mandatory_training_gap"": 0, ""active_projects"": 3}",2026-05-15T10:00:00+00:00
engagement-emp-53-36,emp-53,50,survey,engaged,Mesure mensuelle d'engagement.,-2,high,"{""absences_30j"": 0, ""overdue_tasks"": 4, ""mandatory_training_gap"": 0, ""active_projects"": 3}",2026-06-15T10:00:00+00:00
engagement-emp-54-0,emp-54,40,survey,watch,Mesure mensuelle d'engagement.,-1,high,"{""absences_30j"": 1, ""overdue_tasks"": 1, ""mandatory_training_gap"": 0, ""active_projects"": 2}",2023-06-15T10:00:00+00:00
engagement-emp-54-1,emp-54,38,survey,stable,Mesure mensuelle d'engagement.,-2,high,"{""absences_30j"": 2, ""overdue_tasks"": 2, ""mandatory_training_gap"": 0, ""active_projects"": 3}",2023-07-15T10:00:00+00:00
engagement-emp-54-2,emp-54,35,pulse,stable,Mesure mensuelle d'engagement.,-3,high,"{""absences_30j"": 3, ""overdue_tasks"": 0, ""mandatory_training_gap"": 0, ""active_projects"": 3}",2023-08-15T10:00:00+00:00
engagement-emp-54-3,emp-54,33,survey,engaged,Mesure mensuelle d'engagement.,-2,high,"{""absences_30j"": 2, ""overdue_tasks"": 2, ""mandatory_training_gap"": 1, ""active_projects"": 1}",2023-09-15T10:00:00+00:00
engagement-emp-54-4,emp-54,36,survey,watch,Mesure mensuelle d'engagement.,3,high,"{""absences_30j"": 3, ""overdue_tasks"": 1, ""mandatory_training_gap"": 0, ""active_projects"": 2}",2023-10-15T10:00:00+00:00
engagement-emp-54-5,emp-54,37,manager_review,engaged,Mesure mensuelle d'engagement.,1,high,"{""absences_30j"": 2, ""overdue_tasks"": 1, ""mandatory_training_gap"": 0, ""active_projects"": 2}",2023-11-15T10:00:00+00:00
engagement-emp-54-6,emp-54,38,manager_review,stable,Mesure mensuelle d'engagement.,1,high,"{""absences_30j"": 0, ""overdue_tasks"": 4, ""mandatory_training_gap"": 1, ""active_projects"": 3}",2023-12-15T10:00:00+00:00
engagement-emp-54-7,emp-54,41,pulse,boost,Mesure mensuelle d'engagement.,3,high,"{""absences_30j"": 3, ""overdue_tasks"": 1, ""mandatory_training_gap"": 0, ""active_projects"": 3}",2024-01-15T10:00:00+00:00
engagement-emp-54-8,emp-54,38,pulse,boost,Mesure mensuelle d'engagement.,-3,high,"{""absences_30j"": 1, ""overdue_tasks"": 3, ""mandatory_training_gap"": 0, ""active_projects"": 3}",2024-02-15T10:00:00+00:00
engagement-emp-54-9,emp-54,34,survey,stable,Mesure mensuelle d'engagement.,-4,high,"{""absences_30j"": 3, ""overdue_tasks"": 4, ""mandatory_training_gap"": 0, ""active_projects"": 3}",2024-03-15T10:00:00+00:00
engagement-emp-54-10,emp-54,38,manager_review,watch,Mesure mensuelle d'engagement.,4,high,"{""absences_30j"": 2, ""overdue_tasks"": 3, ""mandatory_training_gap"": 1, ""active_projects"": 1}",2024-04-15T10:00:00+00:00
engagement-emp-54-11,emp-54,35,pulse,stable,Mesure mensuelle d'engagement.,-3,high,"{""absences_30j"": 0, ""overdue_tasks"": 0, ""mandatory_training_gap"": 0, ""active_projects"": 2}",2024-05-15T10:00:00+00:00
engagement-emp-54-12,emp-54,31,pulse,engaged,Mesure mensuelle d'engagement.,-4,high,"{""absences_30j"": 0, ""overdue_tasks"": 3, ""mandatory_training_gap"": 1, ""active_projects"": 1}",2024-06-15T10:00:00+00:00
engagement-emp-54-13,emp-54,30,pulse,watch,Mesure mensuelle d'engagement.,-1,high,"{""absences_30j"": 3, ""overdue_tasks"": 0, ""mandatory_training_gap"": 0, ""active_projects"": 2}",2024-07-15T10:00:00+00:00
engagement-emp-54-14,emp-54,32,pulse,boost,Mesure mensuelle d'engagement.,2,high,"{""absences_30j"": 2, ""overdue_tasks"": 3, ""mandatory_training_gap"": 1, ""active_projects"": 3}",2024-08-15T10:00:00+00:00
engagement-emp-54-15,emp-54,33,survey,watch,Mesure mensuelle d'engagement.,1,high,"{""absences_30j"": 1, ""overdue_tasks"": 2, ""mandatory_training_gap"": 1, ""active_projects"": 1}",2024-09-15T10:00:00+00:00
engagement-emp-54-16,emp-54,34,pulse,watch,Mesure mensuelle d'engagement.,1,high,"{""absences_30j"": 0, ""overdue_tasks"": 0, ""mandatory_training_gap"": 0, ""active_projects"": 3}",2024-10-15T10:00:00+00:00
engagement-emp-54-17,emp-54,30,pulse,engaged,Mesure mensuelle d'engagement.,-4,high,"{""absences_30j"": 3, ""overdue_tasks"": 4, ""mandatory_training_gap"": 1, ""active_projects"": 3}",2024-11-15T10:00:00+00:00
engagement-emp-54-18,emp-54,30,manager_review,engaged,Mesure mensuelle d'engagement.,0,high,"{""absences_30j"": 2, ""overdue_tasks"": 4, ""mandatory_training_gap"": 0, ""active_projects"": 3}",2024-12-15T10:00:00+00:00
engagement-emp-54-19,emp-54,30,survey,watch,Mesure mensuelle d'engagement.,0,high,"{""absences_30j"": 0, ""overdue_tasks"": 0, ""mandatory_training_gap"": 1, ""active_projects"": 2}",2025-01-15T10:00:00+00:00
engagement-emp-54-20,emp-54,30,survey,boost,Mesure mensuelle d'engagement.,0,high,"{""absences_30j"": 1, ""overdue_tasks"": 0, ""mandatory_training_gap"": 1, ""active_projects"": 3}",2025-02-15T10:00:00+00:00
engagement-emp-54-21,emp-54,32,survey,watch,Mesure mensuelle d'engagement.,2,high,"{""absences_30j"": 3, ""overdue_tasks"": 1, ""mandatory_training_gap"": 0, ""active_projects"": 2}",2025-03-15T10:00:00+00:00
engagement-emp-54-22,emp-54,30,pulse,watch,Mesure mensuelle d'engagement.,-2,high,"{""absences_30j"": 1, ""overdue_tasks"": 3, ""mandatory_training_gap"": 0, ""active_projects"": 1}",2025-04-15T10:00:00+00:00
engagement-emp-54-23,emp-54,30,pulse,boost,Mesure mensuelle d'engagement.,0,high,"{""absences_30j"": 1, ""overdue_tasks"": 3, ""mandatory_training_gap"": 1, ""active_projects"": 1}",2025-05-15T10:00:00+00:00
engagement-emp-54-24,emp-54,30,pulse,engaged,Mesure mensuelle d'engagement.,0,high,"{""absences_30j"": 3, ""overdue_tasks"": 3, ""mandatory_training_gap"": 1, ""active_projects"": 3}",2025-06-15T10:00:00+00:00
engagement-emp-54-25,emp-54,32,manager_review,boost,Mesure mensuelle d'engagement.,2,high,"{""absences_30j"": 3, ""overdue_tasks"": 1, ""mandatory_training_gap"": 1, ""active_projects"": 2}",2025-07-15T10:00:00+00:00
engagement-emp-54-26,emp-54,31,survey,engaged,Mesure mensuelle d'engagement.,-1,high,"{""absences_30j"": 3, ""overdue_tasks"": 0, ""mandatory_training_gap"": 0, ""active_projects"": 1}",2025-08-15T10:00:00+00:00
engagement-emp-54-27,emp-54,35,manager_review,watch,Mesure mensuelle d'engagement.,4,high,"{""absences_30j"": 2, ""overdue_tasks"": 3, ""mandatory_training_gap"": 0, ""active_projects"": 3}",2025-09-15T10:00:00+00:00
engagement-emp-54-28,emp-54,38,pulse,stable,Mesure mensuelle d'engagement.,3,high,"{""absences_30j"": 3, ""overdue_tasks"": 1, ""mandatory_training_gap"": 0, ""active_projects"": 2}",2025-10-15T10:00:00+00:00
engagement-emp-54-29,emp-54,37,pulse,engaged,Mesure mensuelle d'engagement.,-1,high,"{""absences_30j"": 0, ""overdue_tasks"": 1, ""mandatory_training_gap"": 0, ""active_projects"": 2}",2025-11-15T10:00:00+00:00
engagement-emp-54-30,emp-54,34,manager_review,watch,Mesure mensuelle d'engagement.,-3,high,"{""absences_30j"": 3, ""overdue_tasks"": 3, ""mandatory_training_gap"": 1, ""active_projects"": 2}",2025-12-15T10:00:00+00:00
engagement-emp-54-31,emp-54,33,pulse,stable,Mesure mensuelle d'engagement.,-1,high,"{""absences_30j"": 2, ""overdue_tasks"": 4, ""mandatory_training_gap"": 1, ""active_projects"": 1}",2026-01-15T10:00:00+00:00
engagement-emp-54-32,emp-54,36,pulse,stable,Mesure mensuelle d'engagement.,3,high,"{""absences_30j"": 1, ""overdue_tasks"": 2, ""mandatory_training_gap"": 0, ""active_projects"": 1}",2026-02-15T10:00:00+00:00
engagement-emp-54-33,emp-54,38,pulse,watch,Mesure mensuelle d'engagement.,2,high,"{""absences_30j"": 1, ""overdue_tasks"": 1, ""mandatory_training_gap"": 1, ""active_projects"": 3}",2026-03-15T10:00:00+00:00
engagement-emp-54-34,emp-54,41,pulse,boost,Mesure mensuelle d'engagement.,3,high,"{""absences_30j"": 1, ""overdue_tasks"": 1, ""mandatory_training_gap"": 0, ""active_projects"": 2}",2026-04-15T10:00:00+00:00
engagement-emp-54-35,emp-54,45,manager_review,boost,Mesure mensuelle d'engagement.,4,high,"{""absences_30j"": 3, ""overdue_tasks"": 3, ""mandatory_training_gap"": 0, ""active_projects"": 2}",2026-05-15T10:00:00+00:00
engagement-emp-54-36,emp-54,41,manager_review,engaged,Mesure mensuelle d'engagement.,-4,high,"{""absences_30j"": 1, ""overdue_tasks"": 1, ""mandatory_training_gap"": 0, ""active_projects"": 3}",2026-06-15T10:00:00+00:00
engagement-emp-55-0,emp-55,55,pulse,engaged,Mesure mensuelle d'engagement.,1,medium,"{""absences_30j"": 0, ""overdue_tasks"": 2, ""mandatory_training_gap"": 0, ""active_projects"": 1}",2025-10-15T10:00:00+00:00
engagement-emp-55-1,emp-55,55,pulse,watch,Mesure mensuelle d'engagement.,0,medium,"{""absences_30j"": 0, ""overdue_tasks"": 2, ""mandatory_training_gap"": 0, ""active_projects"": 3}",2025-11-15T10:00:00+00:00
engagement-emp-55-2,emp-55,56,pulse,watch,Mesure mensuelle d'engagement.,1,medium,"{""absences_30j"": 0, ""overdue_tasks"": 1, ""mandatory_training_gap"": 0, ""active_projects"": 3}",2025-12-15T10:00:00+00:00
engagement-emp-55-3,emp-55,57,survey,boost,Mesure mensuelle d'engagement.,1,medium,"{""absences_30j"": 1, ""overdue_tasks"": 3, ""mandatory_training_gap"": 0, ""active_projects"": 3}",2026-01-15T10:00:00+00:00
engagement-emp-55-4,emp-55,58,survey,engaged,Mesure mensuelle d'engagement.,1,medium,"{""absences_30j"": 0, ""overdue_tasks"": 4, ""mandatory_training_gap"": 0, ""active_projects"": 2}",2026-02-15T10:00:00+00:00
engagement-emp-55-5,emp-55,60,pulse,watch,Mesure mensuelle d'engagement.,2,medium,"{""absences_30j"": 0, ""overdue_tasks"": 3, ""mandatory_training_gap"": 0, ""active_projects"": 2}",2026-03-15T10:00:00+00:00
engagement-emp-55-6,emp-55,64,manager_review,stable,Mesure mensuelle d'engagement.,4,medium,"{""absences_30j"": 2, ""overdue_tasks"": 0, ""mandatory_training_gap"": 1, ""active_projects"": 2}",2026-04-15T10:00:00+00:00
engagement-emp-55-7,emp-55,62,manager_review,boost,Mesure mensuelle d'engagement.,-2,medium,"{""absences_30j"": 2, ""overdue_tasks"": 3, ""mandatory_training_gap"": 1, ""active_projects"": 3}",2026-05-15T10:00:00+00:00
engagement-emp-55-8,emp-55,61,survey,boost,Mesure mensuelle d'engagement.,-1,medium,"{""absences_30j"": 0, ""overdue_tasks"": 3, ""mandatory_training_gap"": 1, ""active_projects"": 1}",2026-06-15T10:00:00+00:00
engagement-emp-56-0,emp-56,50,manager_review,engaged,Mesure mensuelle d'engagement.,2,high,"{""absences_30j"": 2, ""overdue_tasks"": 2, ""mandatory_training_gap"": 0, ""active_projects"": 3}",2023-07-15T10:00:00+00:00
engagement-emp-56-1,emp-56,51,pulse,watch,Mesure mensuelle d'engagement.,1,high,"{""absences_30j"": 0, ""overdue_tasks"": 2, ""mandatory_training_gap"": 1, ""active_projects"": 2}",2023-08-15T10:00:00+00:00
engagement-emp-56-2,emp-56,53,pulse,stable,Mesure mensuelle d'engagement.,2,high,"{""absences_30j"": 0, ""overdue_tasks"": 0, ""mandatory_training_gap"": 0, ""active_projects"": 3}",2023-09-15T10:00:00+00:00
engagement-emp-56-3,emp-56,51,survey,boost,Mesure mensuelle d'engagement.,-2,high,"{""absences_30j"": 1, ""overdue_tasks"": 3, ""mandatory_training_gap"": 1, ""active_projects"": 2}",2023-10-15T10:00:00+00:00
engagement-emp-56-4,emp-56,53,manager_review,engaged,Mesure mensuelle d'engagement.,2,high,"{""absences_30j"": 3, ""overdue_tasks"": 3, ""mandatory_training_gap"": 0, ""active_projects"": 2}",2023-11-15T10:00:00+00:00
engagement-emp-56-5,emp-56,56,pulse,boost,Mesure mensuelle d'engagement.,3,medium,"{""absences_30j"": 3, ""overdue_tasks"": 3, ""mandatory_training_gap"": 0, ""active_projects"": 1}",2023-12-15T10:00:00+00:00
engagement-emp-56-6,emp-56,56,survey,stable,Mesure mensuelle d'engagement.,0,medium,"{""absences_30j"": 3, ""overdue_tasks"": 2, ""mandatory_training_gap"": 1, ""active_projects"": 3}",2024-01-15T10:00:00+00:00
engagement-emp-56-7,emp-56,52,survey,watch,Mesure mensuelle d'engagement.,-4,high,"{""absences_30j"": 3, ""overdue_tasks"": 2, ""mandatory_training_gap"": 1, ""active_projects"": 3}",2024-02-15T10:00:00+00:00
engagement-emp-56-8,emp-56,54,manager_review,engaged,Mesure mensuelle d'engagement.,2,high,"{""absences_30j"": 1, ""overdue_tasks"": 1, ""mandatory_training_gap"": 1, ""active_projects"": 1}",2024-03-15T10:00:00+00:00
engagement-emp-56-9,emp-56,57,manager_review,boost,Mesure mensuelle d'engagement.,3,medium,"{""absences_30j"": 3, ""overdue_tasks"": 0, ""mandatory_training_gap"": 0, ""active_projects"": 1}",2024-04-15T10:00:00+00:00
engagement-emp-56-10,emp-56,57,survey,engaged,Mesure mensuelle d'engagement.,0,medium,"{""absences_30j"": 2, ""overdue_tasks"": 4, ""mandatory_training_gap"": 1, ""active_projects"": 3}",2024-05-15T10:00:00+00:00
engagement-emp-56-11,emp-56,60,survey,engaged,Mesure mensuelle d'engagement.,3,medium,"{""absences_30j"": 1, ""overdue_tasks"": 0, ""mandatory_training_gap"": 0, ""active_projects"": 1}",2024-06-15T10:00:00+00:00
engagement-emp-56-12,emp-56,57,manager_review,boost,Mesure mensuelle d'engagement.,-3,medium,"{""absences_30j"": 1, ""overdue_tasks"": 4, ""mandatory_training_gap"": 1, ""active_projects"": 3}",2024-07-15T10:00:00+00:00
engagement-emp-56-13,emp-56,56,survey,boost,Mesure mensuelle d'engagement.,-1,medium,"{""absences_30j"": 2, ""overdue_tasks"": 3, ""mandatory_training_gap"": 0, ""active_projects"": 1}",2024-08-15T10:00:00+00:00
engagement-emp-56-14,emp-56,54,manager_review,engaged,Mesure mensuelle d'engagement.,-2,high,"{""absences_30j"": 3, ""overdue_tasks"": 2, ""mandatory_training_gap"": 0, ""active_projects"": 1}",2024-09-15T10:00:00+00:00
engagement-emp-56-15,emp-56,57,pulse,stable,Mesure mensuelle d'engagement.,3,medium,"{""absences_30j"": 3, ""overdue_tasks"": 0, ""mandatory_training_gap"": 1, ""active_projects"": 2}",2024-10-15T10:00:00+00:00
engagement-emp-56-16,emp-56,57,manager_review,boost,Mesure mensuelle d'engagement.,0,medium,"{""absences_30j"": 1, ""overdue_tasks"": 3, ""mandatory_training_gap"": 0, ""active_projects"": 2}",2024-11-15T10:00:00+00:00
engagement-emp-56-17,emp-56,56,pulse,engaged,Mesure mensuelle d'engagement.,-1,medium,"{""absences_30j"": 3, ""overdue_tasks"": 4, ""mandatory_training_gap"": 1, ""active_projects"": 3}",2024-12-15T10:00:00+00:00
engagement-emp-56-18,emp-56,58,manager_review,boost,Mesure mensuelle d'engagement.,2,medium,"{""absences_30j"": 0, ""overdue_tasks"": 1, ""mandatory_training_gap"": 1, ""active_projects"": 1}",2025-01-15T10:00:00+00:00
engagement-emp-56-19,emp-56,62,survey,engaged,Mesure mensuelle d'engagement.,4,medium,"{""absences_30j"": 3, ""overdue_tasks"": 2, ""mandatory_training_gap"": 0, ""active_projects"": 1}",2025-02-15T10:00:00+00:00
engagement-emp-56-20,emp-56,58,survey,engaged,Mesure mensuelle d'engagement.,-4,medium,"{""absences_30j"": 2, ""overdue_tasks"": 4, ""mandatory_training_gap"": 1, ""active_projects"": 1}",2025-03-15T10:00:00+00:00
engagement-emp-56-21,emp-56,61,pulse,engaged,Mesure mensuelle d'engagement.,3,medium,"{""absences_30j"": 0, ""overdue_tasks"": 3, ""mandatory_training_gap"": 0, ""active_projects"": 2}",2025-04-15T10:00:00+00:00
engagement-emp-56-22,emp-56,65,survey,stable,Mesure mensuelle d'engagement.,4,medium,"{""absences_30j"": 3, ""overdue_tasks"": 1, ""mandatory_training_gap"": 0, ""active_projects"": 1}",2025-05-15T10:00:00+00:00
engagement-emp-56-23,emp-56,63,pulse,stable,Mesure mensuelle d'engagement.,-2,medium,"{""absences_30j"": 2, ""overdue_tasks"": 3, ""mandatory_training_gap"": 1, ""active_projects"": 3}",2025-06-15T10:00:00+00:00
engagement-emp-56-24,emp-56,61,pulse,stable,Mesure mensuelle d'engagement.,-2,medium,"{""absences_30j"": 0, ""overdue_tasks"": 2, ""mandatory_training_gap"": 0, ""active_projects"": 2}",2025-07-15T10:00:00+00:00
engagement-emp-56-25,emp-56,63,manager_review,engaged,Mesure mensuelle d'engagement.,2,medium,"{""absences_30j"": 0, ""overdue_tasks"": 3, ""mandatory_training_gap"": 1, ""active_projects"": 2}",2025-08-15T10:00:00+00:00
engagement-emp-56-26,emp-56,65,survey,boost,Mesure mensuelle d'engagement.,2,medium,"{""absences_30j"": 0, ""overdue_tasks"": 4, ""mandatory_training_gap"": 0, ""active_projects"": 1}",2025-09-15T10:00:00+00:00
engagement-emp-56-27,emp-56,64,manager_review,engaged,Mesure mensuelle d'engagement.,-1,medium,"{""absences_30j"": 0, ""overdue_tasks"": 4, ""mandatory_training_gap"": 1, ""active_projects"": 1}",2025-10-15T10:00:00+00:00
engagement-emp-56-28,emp-56,64,pulse,boost,Mesure mensuelle d'engagement.,0,medium,"{""absences_30j"": 0, ""overdue_tasks"": 1, ""mandatory_training_gap"": 0, ""active_projects"": 1}",2025-11-15T10:00:00+00:00
engagement-emp-56-29,emp-56,67,survey,stable,Mesure mensuelle d'engagement.,3,medium,"{""absences_30j"": 1, ""overdue_tasks"": 0, ""mandatory_training_gap"": 1, ""active_projects"": 1}",2025-12-15T10:00:00+00:00
engagement-emp-56-30,emp-56,71,manager_review,watch,Mesure mensuelle d'engagement.,4,medium,"{""absences_30j"": 2, ""overdue_tasks"": 0, ""mandatory_training_gap"": 0, ""active_projects"": 2}",2026-01-15T10:00:00+00:00
engagement-emp-56-31,emp-56,73,pulse,stable,Mesure mensuelle d'engagement.,2,low,"{""absences_30j"": 0, ""overdue_tasks"": 3, ""mandatory_training_gap"": 0, ""active_projects"": 3}",2026-02-15T10:00:00+00:00
engagement-emp-56-32,emp-56,70,survey,engaged,Mesure mensuelle d'engagement.,-3,medium,"{""absences_30j"": 2, ""overdue_tasks"": 4, ""mandatory_training_gap"": 1, ""active_projects"": 1}",2026-03-15T10:00:00+00:00
engagement-emp-56-33,emp-56,74,survey,watch,Mesure mensuelle d'engagement.,4,low,"{""absences_30j"": 2, ""overdue_tasks"": 0, ""mandatory_training_gap"": 1, ""active_projects"": 1}",2026-04-15T10:00:00+00:00
engagement-emp-56-34,emp-56,72,survey,stable,Mesure mensuelle d'engagement.,-2,low,"{""absences_30j"": 2, ""overdue_tasks"": 3, ""mandatory_training_gap"": 1, ""active_projects"": 1}",2026-05-15T10:00:00+00:00
engagement-emp-56-35,emp-56,74,pulse,engaged,Mesure mensuelle d'engagement.,2,low,"{""absences_30j"": 2, ""overdue_tasks"": 0, ""mandatory_training_gap"": 1, ""active_projects"": 3}",2026-06-15T10:00:00+00:00
engagement-emp-57-0,emp-57,79,pulse,watch,Mesure mensuelle d'engagement.,2,low,"{""absences_30j"": 3, ""overdue_tasks"": 4, ""mandatory_training_gap"": 1, ""active_projects"": 1}",2026-01-15T10:00:00+00:00
engagement-emp-57-1,emp-57,78,pulse,boost,Mesure mensuelle d'engagement.,-1,low,"{""absences_30j"": 3, ""overdue_tasks"": 0, ""mandatory_training_gap"": 1, ""active_projects"": 1}",2026-02-15T10:00:00+00:00
engagement-emp-57-2,emp-57,78,manager_review,stable,Mesure mensuelle d'engagement.,0,low,"{""absences_30j"": 0, ""overdue_tasks"": 3, ""mandatory_training_gap"": 0, ""active_projects"": 2}",2026-03-15T10:00:00+00:00
engagement-emp-57-3,emp-57,77,pulse,boost,Mesure mensuelle d'engagement.,-1,low,"{""absences_30j"": 2, ""overdue_tasks"": 4, ""mandatory_training_gap"": 0, ""active_projects"": 3}",2026-04-15T10:00:00+00:00
engagement-emp-57-4,emp-57,73,survey,watch,Mesure mensuelle d'engagement.,-4,low,"{""absences_30j"": 3, ""overdue_tasks"": 4, ""mandatory_training_gap"": 0, ""active_projects"": 3}",2026-05-15T10:00:00+00:00
engagement-emp-57-5,emp-57,74,pulse,stable,Mesure mensuelle d'engagement.,1,low,"{""absences_30j"": 0, ""overdue_tasks"": 3, ""mandatory_training_gap"": 0, ""active_projects"": 1}",2026-06-15T10:00:00+00:00
engagement-emp-58-0,emp-58,66,pulse,stable,Mesure mensuelle d'engagement.,1,medium,"{""absences_30j"": 1, ""overdue_tasks"": 2, ""mandatory_training_gap"": 0, ""active_projects"": 1}",2023-06-15T10:00:00+00:00
engagement-emp-58-1,emp-58,65,pulse,watch,Mesure mensuelle d'engagement.,-1,medium,"{""absences_30j"": 2, ""overdue_tasks"": 0, ""mandatory_training_gap"": 1, ""active_projects"": 1}",2023-07-15T10:00:00+00:00
engagement-emp-58-2,emp-58,61,manager_review,watch,Mesure mensuelle d'engagement.,-4,medium,"{""absences_30j"": 2, ""overdue_tasks"": 1, ""mandatory_training_gap"": 0, ""active_projects"": 2}",2023-08-15T10:00:00+00:00
engagement-emp-58-3,emp-58,59,pulse,watch,Mesure mensuelle d'engagement.,-2,medium,"{""absences_30j"": 2, ""overdue_tasks"": 2, ""mandatory_training_gap"": 1, ""active_projects"": 2}",2023-09-15T10:00:00+00:00
engagement-emp-58-4,emp-58,58,pulse,engaged,Mesure mensuelle d'engagement.,-1,medium,"{""absences_30j"": 0, ""overdue_tasks"": 0, ""mandatory_training_gap"": 1, ""active_projects"": 2}",2023-10-15T10:00:00+00:00
engagement-emp-58-5,emp-58,58,pulse,watch,Mesure mensuelle d'engagement.,0,medium,"{""absences_30j"": 0, ""overdue_tasks"": 2, ""mandatory_training_gap"": 0, ""active_projects"": 2}",2023-11-15T10:00:00+00:00
engagement-emp-58-6,emp-58,60,pulse,watch,Mesure mensuelle d'engagement.,2,medium,"{""absences_30j"": 3, ""overdue_tasks"": 4, ""mandatory_training_gap"": 0, ""active_projects"": 3}",2023-12-15T10:00:00+00:00
engagement-emp-58-7,emp-58,60,manager_review,watch,Mesure mensuelle d'engagement.,0,medium,"{""absences_30j"": 1, ""overdue_tasks"": 3, ""mandatory_training_gap"": 0, ""active_projects"": 3}",2024-01-15T10:00:00+00:00
engagement-emp-58-8,emp-58,64,pulse,boost,Mesure mensuelle d'engagement.,4,medium,"{""absences_30j"": 3, ""overdue_tasks"": 4, ""mandatory_training_gap"": 0, ""active_projects"": 3}",2024-02-15T10:00:00+00:00
engagement-emp-58-9,emp-58,66,survey,engaged,Mesure mensuelle d'engagement.,2,medium,"{""absences_30j"": 0, ""overdue_tasks"": 3, ""mandatory_training_gap"": 1, ""active_projects"": 3}",2024-03-15T10:00:00+00:00
engagement-emp-58-10,emp-58,66,pulse,boost,Mesure mensuelle d'engagement.,0,medium,"{""absences_30j"": 0, ""overdue_tasks"": 1, ""mandatory_training_gap"": 0, ""active_projects"": 1}",2024-04-15T10:00:00+00:00
engagement-emp-58-11,emp-58,62,pulse,boost,Mesure mensuelle d'engagement.,-4,medium,"{""absences_30j"": 2, ""overdue_tasks"": 0, ""mandatory_training_gap"": 0, ""active_projects"": 2}",2024-05-15T10:00:00+00:00
engagement-emp-58-12,emp-58,60,survey,boost,Mesure mensuelle d'engagement.,-2,medium,"{""absences_30j"": 0, ""overdue_tasks"": 4, ""mandatory_training_gap"": 0, ""active_projects"": 3}",2024-06-15T10:00:00+00:00
engagement-emp-58-13,emp-58,61,pulse,engaged,Mesure mensuelle d'engagement.,1,medium,"{""absences_30j"": 0, ""overdue_tasks"": 2, ""mandatory_training_gap"": 0, ""active_projects"": 2}",2024-07-15T10:00:00+00:00
engagement-emp-58-14,emp-58,60,survey,engaged,Mesure mensuelle d'engagement.,-1,medium,"{""absences_30j"": 3, ""overdue_tasks"": 1, ""mandatory_training_gap"": 0, ""active_projects"": 1}",2024-08-15T10:00:00+00:00
engagement-emp-58-15,emp-58,56,pulse,stable,Mesure mensuelle d'engagement.,-4,medium,"{""absences_30j"": 2, ""overdue_tasks"": 0, ""mandatory_training_gap"": 1, ""active_projects"": 1}",2024-09-15T10:00:00+00:00
engagement-emp-58-16,emp-58,56,pulse,boost,Mesure mensuelle d'engagement.,0,medium,"{""absences_30j"": 2, ""overdue_tasks"": 2, ""mandatory_training_gap"": 1, ""active_projects"": 2}",2024-10-15T10:00:00+00:00
engagement-emp-58-17,emp-58,57,manager_review,boost,Mesure mensuelle d'engagement.,1,medium,"{""absences_30j"": 0, ""overdue_tasks"": 2, ""mandatory_training_gap"": 0, ""active_projects"": 1}",2024-11-15T10:00:00+00:00
engagement-emp-58-18,emp-58,53,manager_review,stable,Mesure mensuelle d'engagement.,-4,high,"{""absences_30j"": 3, ""overdue_tasks"": 0, ""mandatory_training_gap"": 0, ""active_projects"": 2}",2024-12-15T10:00:00+00:00
engagement-emp-58-19,emp-58,52,pulse,boost,Mesure mensuelle d'engagement.,-1,high,"{""absences_30j"": 0, ""overdue_tasks"": 4, ""mandatory_training_gap"": 0, ""active_projects"": 3}",2025-01-15T10:00:00+00:00
engagement-emp-58-20,emp-58,51,pulse,engaged,Mesure mensuelle d'engagement.,-1,high,"{""absences_30j"": 0, ""overdue_tasks"": 4, ""mandatory_training_gap"": 0, ""active_projects"": 3}",2025-02-15T10:00:00+00:00
engagement-emp-58-21,emp-58,49,manager_review,engaged,Mesure mensuelle d'engagement.,-2,high,"{""absences_30j"": 3, ""overdue_tasks"": 1, ""mandatory_training_gap"": 1, ""active_projects"": 2}",2025-03-15T10:00:00+00:00
engagement-emp-58-22,emp-58,45,survey,boost,Mesure mensuelle d'engagement.,-4,high,"{""absences_30j"": 0, ""overdue_tasks"": 0, ""mandatory_training_gap"": 0, ""active_projects"": 1}",2025-04-15T10:00:00+00:00
engagement-emp-58-23,emp-58,47,manager_review,engaged,Mesure mensuelle d'engagement.,2,high,"{""absences_30j"": 3, ""overdue_tasks"": 1, ""mandatory_training_gap"": 0, ""active_projects"": 3}",2025-05-15T10:00:00+00:00
engagement-emp-58-24,emp-58,48,survey,stable,Mesure mensuelle d'engagement.,1,high,"{""absences_30j"": 2, ""overdue_tasks"": 4, ""mandatory_training_gap"": 0, ""active_projects"": 3}",2025-06-15T10:00:00+00:00
engagement-emp-58-25,emp-58,49,manager_review,engaged,Mesure mensuelle d'engagement.,1,high,"{""absences_30j"": 1, ""overdue_tasks"": 0, ""mandatory_training_gap"": 1, ""active_projects"": 3}",2025-07-15T10:00:00+00:00
engagement-emp-58-26,emp-58,46,survey,watch,Mesure mensuelle d'engagement.,-3,high,"{""absences_30j"": 1, ""overdue_tasks"": 4, ""mandatory_training_gap"": 1, ""active_projects"": 3}",2025-08-15T10:00:00+00:00
engagement-emp-58-27,emp-58,45,survey,engaged,Mesure mensuelle d'engagement.,-1,high,"{""absences_30j"": 1, ""overdue_tasks"": 4, ""mandatory_training_gap"": 0, ""active_projects"": 3}",2025-09-15T10:00:00+00:00
engagement-emp-58-28,emp-58,45,pulse,watch,Mesure mensuelle d'engagement.,0,high,"{""absences_30j"": 3, ""overdue_tasks"": 0, ""mandatory_training_gap"": 0, ""active_projects"": 1}",2025-10-15T10:00:00+00:00
engagement-emp-58-29,emp-58,41,manager_review,stable,Mesure mensuelle d'engagement.,-4,high,"{""absences_30j"": 2, ""overdue_tasks"": 3, ""mandatory_training_gap"": 0, ""active_projects"": 3}",2025-11-15T10:00:00+00:00
engagement-emp-58-30,emp-58,40,manager_review,watch,Mesure mensuelle d'engagement.,-1,high,"{""absences_30j"": 3, ""overdue_tasks"": 1, ""mandatory_training_gap"": 1, ""active_projects"": 1}",2025-12-15T10:00:00+00:00
engagement-emp-58-31,emp-58,39,survey,boost,Mesure mensuelle d'engagement.,-1,high,"{""absences_30j"": 3, ""overdue_tasks"": 1, ""mandatory_training_gap"": 0, ""active_projects"": 3}",2026-01-15T10:00:00+00:00
engagement-emp-58-32,emp-58,43,manager_review,stable,Mesure mensuelle d'engagement.,4,high,"{""absences_30j"": 1, ""overdue_tasks"": 3, ""mandatory_training_gap"": 1, ""active_projects"": 3}",2026-02-15T10:00:00+00:00
engagement-emp-58-33,emp-58,43,manager_review,watch,Mesure mensuelle d'engagement.,0,high,"{""absences_30j"": 3, ""overdue_tasks"": 2, ""mandatory_training_gap"": 0, ""active_projects"": 2}",2026-03-15T10:00:00+00:00
engagement-emp-58-34,emp-58,47,manager_review,engaged,Mesure mensuelle d'engagement.,4,high,"{""absences_30j"": 2, ""overdue_tasks"": 4, ""mandatory_training_gap"": 0, ""active_projects"": 2}",2026-04-15T10:00:00+00:00
engagement-emp-58-35,emp-58,51,pulse,boost,Mesure mensuelle d'engagement.,4,high,"{""absences_30j"": 1, ""overdue_tasks"": 0, ""mandatory_training_gap"": 0, ""active_projects"": 2}",2026-05-15T10:00:00+00:00
engagement-emp-58-36,emp-58,50,manager_review,boost,Mesure mensuelle d'engagement.,-1,high,"{""absences_30j"": 0, ""overdue_tasks"": 1, ""mandatory_training_gap"": 0, ""active_projects"": 1}",2026-06-15T10:00:00+00:00
engagement-emp-59-0,emp-59,81,survey,boost,Mesure mensuelle d'engagement.,-3,low,"{""absences_30j"": 0, ""overdue_tasks"": 2, ""mandatory_training_gap"": 1, ""active_projects"": 2}",2023-06-15T10:00:00+00:00
engagement-emp-59-1,emp-59,84,survey,engaged,Mesure mensuelle d'engagement.,3,low,"{""absences_30j"": 2, ""overdue_tasks"": 2, ""mandatory_training_gap"": 0, ""active_projects"": 3}",2023-07-15T10:00:00+00:00
engagement-emp-59-2,emp-59,88,survey,stable,Mesure mensuelle d'engagement.,4,low,"{""absences_30j"": 3, ""overdue_tasks"": 0, ""mandatory_training_gap"": 0, ""active_projects"": 3}",2023-08-15T10:00:00+00:00
engagement-emp-59-3,emp-59,86,manager_review,boost,Mesure mensuelle d'engagement.,-2,low,"{""absences_30j"": 2, ""overdue_tasks"": 1, ""mandatory_training_gap"": 1, ""active_projects"": 3}",2023-09-15T10:00:00+00:00
engagement-emp-59-4,emp-59,83,survey,stable,Mesure mensuelle d'engagement.,-3,low,"{""absences_30j"": 3, ""overdue_tasks"": 0, ""mandatory_training_gap"": 1, ""active_projects"": 2}",2023-10-15T10:00:00+00:00
engagement-emp-59-5,emp-59,80,pulse,stable,Mesure mensuelle d'engagement.,-3,low,"{""absences_30j"": 2, ""overdue_tasks"": 1, ""mandatory_training_gap"": 1, ""active_projects"": 1}",2023-11-15T10:00:00+00:00
engagement-emp-59-6,emp-59,82,manager_review,engaged,Mesure mensuelle d'engagement.,2,low,"{""absences_30j"": 1, ""overdue_tasks"": 1, ""mandatory_training_gap"": 1, ""active_projects"": 3}",2023-12-15T10:00:00+00:00
engagement-emp-59-7,emp-59,81,survey,stable,Mesure mensuelle d'engagement.,-1,low,"{""absences_30j"": 1, ""overdue_tasks"": 2, ""mandatory_training_gap"": 0, ""active_projects"": 2}",2024-01-15T10:00:00+00:00
engagement-emp-59-8,emp-59,77,pulse,watch,Mesure mensuelle d'engagement.,-4,low,"{""absences_30j"": 0, ""overdue_tasks"": 0, ""mandatory_training_gap"": 1, ""active_projects"": 2}",2024-02-15T10:00:00+00:00
engagement-emp-59-9,emp-59,76,manager_review,stable,Mesure mensuelle d'engagement.,-1,low,"{""absences_30j"": 2, ""overdue_tasks"": 2, ""mandatory_training_gap"": 0, ""active_projects"": 3}",2024-03-15T10:00:00+00:00
engagement-emp-59-10,emp-59,78,manager_review,boost,Mesure mensuelle d'engagement.,2,low,"{""absences_30j"": 1, ""overdue_tasks"": 1, ""mandatory_training_gap"": 1, ""active_projects"": 2}",2024-04-15T10:00:00+00:00
engagement-emp-59-11,emp-59,77,survey,engaged,Mesure mensuelle d'engagement.,-1,low,"{""absences_30j"": 3, ""overdue_tasks"": 4, ""mandatory_training_gap"": 0, ""active_projects"": 1}",2024-05-15T10:00:00+00:00
engagement-emp-59-12,emp-59,77,manager_review,boost,Mesure mensuelle d'engagement.,0,low,"{""absences_30j"": 3, ""overdue_tasks"": 4, ""mandatory_training_gap"": 0, ""active_projects"": 3}",2024-06-15T10:00:00+00:00
engagement-emp-59-13,emp-59,80,manager_review,stable,Mesure mensuelle d'engagement.,3,low,"{""absences_30j"": 2, ""overdue_tasks"": 1, ""mandatory_training_gap"": 0, ""active_projects"": 3}",2024-07-15T10:00:00+00:00
engagement-emp-59-14,emp-59,81,manager_review,engaged,Mesure mensuelle d'engagement.,1,low,"{""absences_30j"": 2, ""overdue_tasks"": 4, ""mandatory_training_gap"": 0, ""active_projects"": 2}",2024-08-15T10:00:00+00:00
engagement-emp-59-15,emp-59,79,pulse,boost,Mesure mensuelle d'engagement.,-2,low,"{""absences_30j"": 3, ""overdue_tasks"": 4, ""mandatory_training_gap"": 1, ""active_projects"": 2}",2024-09-15T10:00:00+00:00
engagement-emp-59-16,emp-59,82,survey,engaged,Mesure mensuelle d'engagement.,3,low,"{""absences_30j"": 3, ""overdue_tasks"": 3, ""mandatory_training_gap"": 1, ""active_projects"": 2}",2024-10-15T10:00:00+00:00
engagement-emp-59-17,emp-59,85,manager_review,watch,Mesure mensuelle d'engagement.,3,low,"{""absences_30j"": 3, ""overdue_tasks"": 0, ""mandatory_training_gap"": 0, ""active_projects"": 2}",2024-11-15T10:00:00+00:00
engagement-emp-59-18,emp-59,81,pulse,stable,Mesure mensuelle d'engagement.,-4,low,"{""absences_30j"": 3, ""overdue_tasks"": 0, ""mandatory_training_gap"": 1, ""active_projects"": 1}",2024-12-15T10:00:00+00:00
engagement-emp-59-19,emp-59,78,survey,watch,Mesure mensuelle d'engagement.,-3,low,"{""absences_30j"": 3, ""overdue_tasks"": 2, ""mandatory_training_gap"": 0, ""active_projects"": 3}",2025-01-15T10:00:00+00:00
engagement-emp-59-20,emp-59,81,manager_review,engaged,Mesure mensuelle d'engagement.,3,low,"{""absences_30j"": 0, ""overdue_tasks"": 1, ""mandatory_training_gap"": 1, ""active_projects"": 1}",2025-02-15T10:00:00+00:00
engagement-emp-59-21,emp-59,82,manager_review,watch,Mesure mensuelle d'engagement.,1,low,"{""absences_30j"": 2, ""overdue_tasks"": 0, ""mandatory_training_gap"": 0, ""active_projects"": 2}",2025-03-15T10:00:00+00:00
engagement-emp-59-22,emp-59,84,pulse,stable,Mesure mensuelle d'engagement.,2,low,"{""absences_30j"": 2, ""overdue_tasks"": 1, ""mandatory_training_gap"": 0, ""active_projects"": 1}",2025-04-15T10:00:00+00:00
engagement-emp-59-23,emp-59,80,pulse,engaged,Mesure mensuelle d'engagement.,-4,low,"{""absences_30j"": 0, ""overdue_tasks"": 1, ""mandatory_training_gap"": 1, ""active_projects"": 1}",2025-05-15T10:00:00+00:00
engagement-emp-59-24,emp-59,79,pulse,boost,Mesure mensuelle d'engagement.,-1,low,"{""absences_30j"": 0, ""overdue_tasks"": 4, ""mandatory_training_gap"": 1, ""active_projects"": 3}",2025-06-15T10:00:00+00:00
engagement-emp-59-25,emp-59,75,survey,watch,Mesure mensuelle d'engagement.,-4,low,"{""absences_30j"": 2, ""overdue_tasks"": 3, ""mandatory_training_gap"": 0, ""active_projects"": 3}",2025-07-15T10:00:00+00:00
engagement-emp-59-26,emp-59,71,pulse,stable,Mesure mensuelle d'engagement.,-4,medium,"{""absences_30j"": 2, ""overdue_tasks"": 4, ""mandatory_training_gap"": 1, ""active_projects"": 3}",2025-08-15T10:00:00+00:00
engagement-emp-59-27,emp-59,71,pulse,boost,Mesure mensuelle d'engagement.,0,medium,"{""absences_30j"": 2, ""overdue_tasks"": 2, ""mandatory_training_gap"": 0, ""active_projects"": 2}",2025-09-15T10:00:00+00:00
engagement-emp-59-28,emp-59,70,survey,stable,Mesure mensuelle d'engagement.,-1,medium,"{""absences_30j"": 2, ""overdue_tasks"": 0, ""mandatory_training_gap"": 1, ""active_projects"": 1}",2025-10-15T10:00:00+00:00
engagement-emp-59-29,emp-59,71,pulse,watch,Mesure mensuelle d'engagement.,1,medium,"{""absences_30j"": 0, ""overdue_tasks"": 3, ""mandatory_training_gap"": 1, ""active_projects"": 3}",2025-11-15T10:00:00+00:00
engagement-emp-59-30,emp-59,70,pulse,stable,Mesure mensuelle d'engagement.,-1,medium,"{""absences_30j"": 3, ""overdue_tasks"": 3, ""mandatory_training_gap"": 1, ""active_projects"": 1}",2025-12-15T10:00:00+00:00
engagement-emp-59-31,emp-59,72,pulse,engaged,Mesure mensuelle d'engagement.,2,low,"{""absences_30j"": 1, ""overdue_tasks"": 3, ""mandatory_training_gap"": 1, ""active_projects"": 1}",2026-01-15T10:00:00+00:00
engagement-emp-59-32,emp-59,76,manager_review,watch,Mesure mensuelle d'engagement.,4,low,"{""absences_30j"": 3, ""overdue_tasks"": 0, ""mandatory_training_gap"": 1, ""active_projects"": 3}",2026-02-15T10:00:00+00:00
engagement-emp-59-33,emp-59,80,manager_review,boost,Mesure mensuelle d'engagement.,4,low,"{""absences_30j"": 2, ""overdue_tasks"": 2, ""mandatory_training_gap"": 1, ""active_projects"": 2}",2026-03-15T10:00:00+00:00
engagement-emp-59-34,emp-59,78,pulse,engaged,Mesure mensuelle d'engagement.,-2,low,"{""absences_30j"": 0, ""overdue_tasks"": 1, ""mandatory_training_gap"": 1, ""active_projects"": 1}",2026-04-15T10:00:00+00:00
engagement-emp-59-35,emp-59,82,pulse,engaged,Mesure mensuelle d'engagement.,4,low,"{""absences_30j"": 1, ""overdue_tasks"": 0, ""mandatory_training_gap"": 1, ""active_projects"": 1}",2026-05-15T10:00:00+00:00
engagement-emp-59-36,emp-59,86,pulse,stable,Mesure mensuelle d'engagement.,4,low,"{""absences_30j"": 2, ""overdue_tasks"": 2, ""mandatory_training_gap"": 1, ""active_projects"": 2}",2026-06-15T10:00:00+00:00
engagement-emp-60-0,emp-60,66,pulse,stable,Mesure mensuelle d'engagement.,0,medium,"{""absences_30j"": 1, ""overdue_tasks"": 4, ""mandatory_training_gap"": 0, ""active_projects"": 2}",2024-10-15T10:00:00+00:00
engagement-emp-60-1,emp-60,68,manager_review,stable,Mesure mensuelle d'engagement.,2,medium,"{""absences_30j"": 0, ""overdue_tasks"": 2, ""mandatory_training_gap"": 0, ""active_projects"": 2}",2024-11-15T10:00:00+00:00
engagement-emp-60-2,emp-60,69,manager_review,stable,Mesure mensuelle d'engagement.,1,medium,"{""absences_30j"": 1, ""overdue_tasks"": 2, ""mandatory_training_gap"": 0, ""active_projects"": 1}",2024-12-15T10:00:00+00:00
engagement-emp-60-3,emp-60,69,survey,watch,Mesure mensuelle d'engagement.,0,medium,"{""absences_30j"": 2, ""overdue_tasks"": 3, ""mandatory_training_gap"": 0, ""active_projects"": 1}",2025-01-15T10:00:00+00:00
engagement-emp-60-4,emp-60,68,survey,boost,Mesure mensuelle d'engagement.,-1,medium,"{""absences_30j"": 2, ""overdue_tasks"": 1, ""mandatory_training_gap"": 1, ""active_projects"": 2}",2025-02-15T10:00:00+00:00
engagement-emp-60-5,emp-60,69,survey,watch,Mesure mensuelle d'engagement.,1,medium,"{""absences_30j"": 1, ""overdue_tasks"": 3, ""mandatory_training_gap"": 1, ""active_projects"": 2}",2025-03-15T10:00:00+00:00
engagement-emp-60-6,emp-60,73,pulse,stable,Mesure mensuelle d'engagement.,4,low,"{""absences_30j"": 1, ""overdue_tasks"": 2, ""mandatory_training_gap"": 0, ""active_projects"": 1}",2025-04-15T10:00:00+00:00
engagement-emp-60-7,emp-60,77,manager_review,watch,Mesure mensuelle d'engagement.,4,low,"{""absences_30j"": 3, ""overdue_tasks"": 1, ""mandatory_training_gap"": 1, ""active_projects"": 1}",2025-05-15T10:00:00+00:00
engagement-emp-60-8,emp-60,73,pulse,watch,Mesure mensuelle d'engagement.,-4,low,"{""absences_30j"": 0, ""overdue_tasks"": 1, ""mandatory_training_gap"": 1, ""active_projects"": 2}",2025-06-15T10:00:00+00:00
engagement-emp-60-9,emp-60,76,survey,engaged,Mesure mensuelle d'engagement.,3,low,"{""absences_30j"": 1, ""overdue_tasks"": 3, ""mandatory_training_gap"": 1, ""active_projects"": 3}",2025-07-15T10:00:00+00:00
engagement-emp-60-10,emp-60,75,manager_review,boost,Mesure mensuelle d'engagement.,-1,low,"{""absences_30j"": 2, ""overdue_tasks"": 0, ""mandatory_training_gap"": 1, ""active_projects"": 2}",2025-08-15T10:00:00+00:00
engagement-emp-60-11,emp-60,79,survey,watch,Mesure mensuelle d'engagement.,4,low,"{""absences_30j"": 3, ""overdue_tasks"": 2, ""mandatory_training_gap"": 0, ""active_projects"": 1}",2025-09-15T10:00:00+00:00
engagement-emp-60-12,emp-60,80,manager_review,stable,Mesure mensuelle d'engagement.,1,low,"{""absences_30j"": 1, ""overdue_tasks"": 2, ""mandatory_training_gap"": 1, ""active_projects"": 3}",2025-10-15T10:00:00+00:00
engagement-emp-60-13,emp-60,81,pulse,boost,Mesure mensuelle d'engagement.,1,low,"{""absences_30j"": 3, ""overdue_tasks"": 3, ""mandatory_training_gap"": 0, ""active_projects"": 2}",2025-11-15T10:00:00+00:00
engagement-emp-60-14,emp-60,85,survey,stable,Mesure mensuelle d'engagement.,4,low,"{""absences_30j"": 0, ""overdue_tasks"": 4, ""mandatory_training_gap"": 1, ""active_projects"": 3}",2025-12-15T10:00:00+00:00
engagement-emp-60-15,emp-60,89,manager_review,boost,Mesure mensuelle d'engagement.,4,low,"{""absences_30j"": 0, ""overdue_tasks"": 0, ""mandatory_training_gap"": 1, ""active_projects"": 2}",2026-01-15T10:00:00+00:00
engagement-emp-60-16,emp-60,87,manager_review,boost,Mesure mensuelle d'engagement.,-2,low,"{""absences_30j"": 0, ""overdue_tasks"": 0, ""mandatory_training_gap"": 0, ""active_projects"": 1}",2026-02-15T10:00:00+00:00
engagement-emp-60-17,emp-60,91,manager_review,boost,Mesure mensuelle d'engagement.,4,low,"{""absences_30j"": 1, ""overdue_tasks"": 3, ""mandatory_training_gap"": 0, ""active_projects"": 2}",2026-03-15T10:00:00+00:00
engagement-emp-60-18,emp-60,93,pulse,engaged,Mesure mensuelle d'engagement.,2,low,"{""absences_30j"": 2, ""overdue_tasks"": 2, ""mandatory_training_gap"": 0, ""active_projects"": 2}",2026-04-15T10:00:00+00:00
engagement-emp-60-19,emp-60,91,survey,stable,Mesure mensuelle d'engagement.,-2,low,"{""absences_30j"": 1, ""overdue_tasks"": 1, ""mandatory_training_gap"": 0, ""active_projects"": 3}",2026-05-15T10:00:00+00:00
engagement-emp-60-20,emp-60,93,manager_review,boost,Mesure mensuelle d'engagement.,2,low,"{""absences_30j"": 2, ""overdue_tasks"": 4, ""mandatory_training_gap"": 0, ""active_projects"": 2}",2026-06-15T10:00:00+00:00
engagement-emp-61-0,emp-61,62,survey,watch,Mesure mensuelle d'engagement.,4,medium,"{""absences_30j"": 1, ""overdue_tasks"": 3, ""mandatory_training_gap"": 0, ""active_projects"": 3}",2023-07-15T10:00:00+00:00
engagement-emp-61-1,emp-61,58,manager_review,watch,Mesure mensuelle d'engagement.,-4,medium,"{""absences_30j"": 0, ""overdue_tasks"": 2, ""mandatory_training_gap"": 1, ""active_projects"": 3}",2023-08-15T10:00:00+00:00
engagement-emp-61-2,emp-61,56,pulse,boost,Mesure mensuelle d'engagement.,-2,medium,"{""absences_30j"": 3, ""overdue_tasks"": 4, ""mandatory_training_gap"": 1, ""active_projects"": 3}",2023-09-15T10:00:00+00:00
engagement-emp-61-3,emp-61,53,pulse,stable,Mesure mensuelle d'engagement.,-3,high,"{""absences_30j"": 2, ""overdue_tasks"": 0, ""mandatory_training_gap"": 1, ""active_projects"": 3}",2023-10-15T10:00:00+00:00
engagement-emp-61-4,emp-61,54,survey,boost,Mesure mensuelle d'engagement.,1,high,"{""absences_30j"": 0, ""overdue_tasks"": 1, ""mandatory_training_gap"": 0, ""active_projects"": 2}",2023-11-15T10:00:00+00:00
engagement-emp-61-5,emp-61,50,manager_review,engaged,Mesure mensuelle d'engagement.,-4,high,"{""absences_30j"": 2, ""overdue_tasks"": 2, ""mandatory_training_gap"": 1, ""active_projects"": 1}",2023-12-15T10:00:00+00:00
engagement-emp-61-6,emp-61,52,pulse,engaged,Mesure mensuelle d'engagement.,2,high,"{""absences_30j"": 1, ""overdue_tasks"": 4, ""mandatory_training_gap"": 0, ""active_projects"": 3}",2024-01-15T10:00:00+00:00
engagement-emp-61-7,emp-61,50,survey,boost,Mesure mensuelle d'engagement.,-2,high,"{""absences_30j"": 2, ""overdue_tasks"": 2, ""mandatory_training_gap"": 1, ""active_projects"": 1}",2024-02-15T10:00:00+00:00
engagement-emp-61-8,emp-61,54,survey,boost,Mesure mensuelle d'engagement.,4,high,"{""absences_30j"": 0, ""overdue_tasks"": 2, ""mandatory_training_gap"": 1, ""active_projects"": 1}",2024-03-15T10:00:00+00:00
engagement-emp-61-9,emp-61,56,manager_review,stable,Mesure mensuelle d'engagement.,2,medium,"{""absences_30j"": 0, ""overdue_tasks"": 0, ""mandatory_training_gap"": 1, ""active_projects"": 1}",2024-04-15T10:00:00+00:00
engagement-emp-61-10,emp-61,59,manager_review,watch,Mesure mensuelle d'engagement.,3,medium,"{""absences_30j"": 1, ""overdue_tasks"": 3, ""mandatory_training_gap"": 1, ""active_projects"": 3}",2024-05-15T10:00:00+00:00
engagement-emp-61-11,emp-61,55,manager_review,stable,Mesure mensuelle d'engagement.,-4,medium,"{""absences_30j"": 1, ""overdue_tasks"": 2, ""mandatory_training_gap"": 1, ""active_projects"": 2}",2024-06-15T10:00:00+00:00
engagement-emp-61-12,emp-61,55,survey,engaged,Mesure mensuelle d'engagement.,0,medium,"{""absences_30j"": 1, ""overdue_tasks"": 4, ""mandatory_training_gap"": 0, ""active_projects"": 2}",2024-07-15T10:00:00+00:00
engagement-emp-61-13,emp-61,53,survey,engaged,Mesure mensuelle d'engagement.,-2,high,"{""absences_30j"": 1, ""overdue_tasks"": 3, ""mandatory_training_gap"": 1, ""active_projects"": 2}",2024-08-15T10:00:00+00:00
engagement-emp-61-14,emp-61,51,pulse,engaged,Mesure mensuelle d'engagement.,-2,high,"{""absences_30j"": 1, ""overdue_tasks"": 3, ""mandatory_training_gap"": 0, ""active_projects"": 2}",2024-09-15T10:00:00+00:00
engagement-emp-61-15,emp-61,54,survey,watch,Mesure mensuelle d'engagement.,3,high,"{""absences_30j"": 0, ""overdue_tasks"": 4, ""mandatory_training_gap"": 0, ""active_projects"": 2}",2024-10-15T10:00:00+00:00
engagement-emp-61-16,emp-61,54,pulse,engaged,Mesure mensuelle d'engagement.,0,high,"{""absences_30j"": 1, ""overdue_tasks"": 4, ""mandatory_training_gap"": 1, ""active_projects"": 3}",2024-11-15T10:00:00+00:00
engagement-emp-61-17,emp-61,57,survey,stable,Mesure mensuelle d'engagement.,3,medium,"{""absences_30j"": 0, ""overdue_tasks"": 2, ""mandatory_training_gap"": 0, ""active_projects"": 3}",2024-12-15T10:00:00+00:00
engagement-emp-61-18,emp-61,53,survey,boost,Mesure mensuelle d'engagement.,-4,high,"{""absences_30j"": 1, ""overdue_tasks"": 4, ""mandatory_training_gap"": 1, ""active_projects"": 3}",2025-01-15T10:00:00+00:00
engagement-emp-61-19,emp-61,53,pulse,boost,Mesure mensuelle d'engagement.,0,high,"{""absences_30j"": 3, ""overdue_tasks"": 4, ""mandatory_training_gap"": 0, ""active_projects"": 2}",2025-02-15T10:00:00+00:00
engagement-emp-61-20,emp-61,57,manager_review,stable,Mesure mensuelle d'engagement.,4,medium,"{""absences_30j"": 3, ""overdue_tasks"": 3, ""mandatory_training_gap"": 0, ""active_projects"": 3}",2025-03-15T10:00:00+00:00
engagement-emp-61-21,emp-61,61,pulse,boost,Mesure mensuelle d'engagement.,4,medium,"{""absences_30j"": 1, ""overdue_tasks"": 4, ""mandatory_training_gap"": 0, ""active_projects"": 1}",2025-04-15T10:00:00+00:00
engagement-emp-61-22,emp-61,58,survey,engaged,Mesure mensuelle d'engagement.,-3,medium,"{""absences_30j"": 0, ""overdue_tasks"": 4, ""mandatory_training_gap"": 1, ""active_projects"": 1}",2025-05-15T10:00:00+00:00
engagement-emp-61-23,emp-61,56,pulse,boost,Mesure mensuelle d'engagement.,-2,medium,"{""absences_30j"": 1, ""overdue_tasks"": 1, ""mandatory_training_gap"": 1, ""active_projects"": 3}",2025-06-15T10:00:00+00:00
engagement-emp-61-24,emp-61,56,manager_review,watch,Mesure mensuelle d'engagement.,0,medium,"{""absences_30j"": 2, ""overdue_tasks"": 2, ""mandatory_training_gap"": 0, ""active_projects"": 2}",2025-07-15T10:00:00+00:00
engagement-emp-61-25,emp-61,60,manager_review,stable,Mesure mensuelle d'engagement.,4,medium,"{""absences_30j"": 1, ""overdue_tasks"": 2, ""mandatory_training_gap"": 1, ""active_projects"": 2}",2025-08-15T10:00:00+00:00
engagement-emp-61-26,emp-61,59,pulse,watch,Mesure mensuelle d'engagement.,-1,medium,"{""absences_30j"": 2, ""overdue_tasks"": 1, ""mandatory_training_gap"": 1, ""active_projects"": 3}",2025-09-15T10:00:00+00:00
engagement-emp-61-27,emp-61,62,manager_review,boost,Mesure mensuelle d'engagement.,3,medium,"{""absences_30j"": 2, ""overdue_tasks"": 1, ""mandatory_training_gap"": 0, ""active_projects"": 2}",2025-10-15T10:00:00+00:00
engagement-emp-61-28,emp-61,66,manager_review,watch,Mesure mensuelle d'engagement.,4,medium,"{""absences_30j"": 3, ""overdue_tasks"": 3, ""mandatory_training_gap"": 0, ""active_projects"": 1}",2025-11-15T10:00:00+00:00
engagement-emp-61-29,emp-61,68,manager_review,stable,Mesure mensuelle d'engagement.,2,medium,"{""absences_30j"": 2, ""overdue_tasks"": 4, ""mandatory_training_gap"": 1, ""active_projects"": 3}",2025-12-15T10:00:00+00:00
engagement-emp-61-30,emp-61,66,manager_review,boost,Mesure mensuelle d'engagement.,-2,medium,"{""absences_30j"": 2, ""overdue_tasks"": 4, ""mandatory_training_gap"": 1, ""active_projects"": 1}",2026-01-15T10:00:00+00:00
engagement-emp-61-31,emp-61,69,survey,stable,Mesure mensuelle d'engagement.,3,medium,"{""absences_30j"": 2, ""overdue_tasks"": 1, ""mandatory_training_gap"": 1, ""active_projects"": 1}",2026-02-15T10:00:00+00:00
engagement-emp-61-32,emp-61,71,survey,boost,Mesure mensuelle d'engagement.,2,medium,"{""absences_30j"": 2, ""overdue_tasks"": 4, ""mandatory_training_gap"": 0, ""active_projects"": 1}",2026-03-15T10:00:00+00:00
engagement-emp-61-33,emp-61,75,pulse,boost,Mesure mensuelle d'engagement.,4,low,"{""absences_30j"": 3, ""overdue_tasks"": 0, ""mandatory_training_gap"": 1, ""active_projects"": 1}",2026-04-15T10:00:00+00:00
engagement-emp-61-34,emp-61,77,pulse,engaged,Mesure mensuelle d'engagement.,2,low,"{""absences_30j"": 1, ""overdue_tasks"": 1, ""mandatory_training_gap"": 1, ""active_projects"": 2}",2026-05-15T10:00:00+00:00
engagement-emp-61-35,emp-61,77,survey,boost,Mesure mensuelle d'engagement.,0,low,"{""absences_30j"": 2, ""overdue_tasks"": 4, ""mandatory_training_gap"": 0, ""active_projects"": 3}",2026-06-15T10:00:00+00:00
engagement-emp-62-0,emp-62,74,pulse,stable,Mesure mensuelle d'engagement.,0,low,"{""absences_30j"": 3, ""overdue_tasks"": 0, ""mandatory_training_gap"": 1, ""active_projects"": 3}",2023-06-15T10:00:00+00:00
engagement-emp-62-1,emp-62,72,manager_review,watch,Mesure mensuelle d'engagement.,-2,low,"{""absences_30j"": 2, ""overdue_tasks"": 1, ""mandatory_training_gap"": 0, ""active_projects"": 2}",2023-07-15T10:00:00+00:00
engagement-emp-62-2,emp-62,76,pulse,engaged,Mesure mensuelle d'engagement.,4,low,"{""absences_30j"": 0, ""overdue_tasks"": 2, ""mandatory_training_gap"": 1, ""active_projects"": 2}",2023-08-15T10:00:00+00:00
engagement-emp-62-3,emp-62,78,pulse,engaged,Mesure mensuelle d'engagement.,2,low,"{""absences_30j"": 1, ""overdue_tasks"": 2, ""mandatory_training_gap"": 0, ""active_projects"": 3}",2023-09-15T10:00:00+00:00
engagement-emp-62-4,emp-62,79,manager_review,engaged,Mesure mensuelle d'engagement.,1,low,"{""absences_30j"": 3, ""overdue_tasks"": 4, ""mandatory_training_gap"": 0, ""active_projects"": 1}",2023-10-15T10:00:00+00:00
engagement-emp-62-5,emp-62,81,survey,stable,Mesure mensuelle d'engagement.,2,low,"{""absences_30j"": 2, ""overdue_tasks"": 4, ""mandatory_training_gap"": 1, ""active_projects"": 1}",2023-11-15T10:00:00+00:00
engagement-emp-62-6,emp-62,79,manager_review,boost,Mesure mensuelle d'engagement.,-2,low,"{""absences_30j"": 2, ""overdue_tasks"": 3, ""mandatory_training_gap"": 1, ""active_projects"": 2}",2023-12-15T10:00:00+00:00
engagement-emp-62-7,emp-62,83,survey,boost,Mesure mensuelle d'engagement.,4,low,"{""absences_30j"": 2, ""overdue_tasks"": 2, ""mandatory_training_gap"": 0, ""active_projects"": 3}",2024-01-15T10:00:00+00:00
engagement-emp-62-8,emp-62,85,survey,watch,Mesure mensuelle d'engagement.,2,low,"{""absences_30j"": 1, ""overdue_tasks"": 4, ""mandatory_training_gap"": 0, ""active_projects"": 3}",2024-02-15T10:00:00+00:00
engagement-emp-62-9,emp-62,83,manager_review,watch,Mesure mensuelle d'engagement.,-2,low,"{""absences_30j"": 0, ""overdue_tasks"": 1, ""mandatory_training_gap"": 1, ""active_projects"": 1}",2024-03-15T10:00:00+00:00
engagement-emp-62-10,emp-62,79,manager_review,engaged,Mesure mensuelle d'engagement.,-4,low,"{""absences_30j"": 1, ""overdue_tasks"": 0, ""mandatory_training_gap"": 1, ""active_projects"": 3}",2024-04-15T10:00:00+00:00
engagement-emp-62-11,emp-62,75,survey,stable,Mesure mensuelle d'engagement.,-4,low,"{""absences_30j"": 3, ""overdue_tasks"": 1, ""mandatory_training_gap"": 1, ""active_projects"": 3}",2024-05-15T10:00:00+00:00
engagement-emp-62-12,emp-62,74,pulse,engaged,Mesure mensuelle d'engagement.,-1,low,"{""absences_30j"": 2, ""overdue_tasks"": 4, ""mandatory_training_gap"": 0, ""active_projects"": 3}",2024-06-15T10:00:00+00:00
engagement-emp-62-13,emp-62,77,manager_review,watch,Mesure mensuelle d'engagement.,3,low,"{""absences_30j"": 2, ""overdue_tasks"": 0, ""mandatory_training_gap"": 0, ""active_projects"": 1}",2024-07-15T10:00:00+00:00
engagement-emp-62-14,emp-62,76,pulse,boost,Mesure mensuelle d'engagement.,-1,low,"{""absences_30j"": 1, ""overdue_tasks"": 1, ""mandatory_training_gap"": 0, ""active_projects"": 2}",2024-08-15T10:00:00+00:00
engagement-emp-62-15,emp-62,77,manager_review,engaged,Mesure mensuelle d'engagement.,1,low,"{""absences_30j"": 1, ""overdue_tasks"": 3, ""mandatory_training_gap"": 0, ""active_projects"": 3}",2024-09-15T10:00:00+00:00
engagement-emp-62-16,emp-62,74,manager_review,boost,Mesure mensuelle d'engagement.,-3,low,"{""absences_30j"": 1, ""overdue_tasks"": 0, ""mandatory_training_gap"": 0, ""active_projects"": 1}",2024-10-15T10:00:00+00:00
engagement-emp-62-17,emp-62,71,manager_review,stable,Mesure mensuelle d'engagement.,-3,medium,"{""absences_30j"": 2, ""overdue_tasks"": 3, ""mandatory_training_gap"": 1, ""active_projects"": 3}",2024-11-15T10:00:00+00:00
engagement-emp-62-18,emp-62,71,manager_review,boost,Mesure mensuelle d'engagement.,0,medium,"{""absences_30j"": 3, ""overdue_tasks"": 1, ""mandatory_training_gap"": 0, ""active_projects"": 2}",2024-12-15T10:00:00+00:00
engagement-emp-62-19,emp-62,70,pulse,engaged,Mesure mensuelle d'engagement.,-1,medium,"{""absences_30j"": 3, ""overdue_tasks"": 1, ""mandatory_training_gap"": 1, ""active_projects"": 1}",2025-01-15T10:00:00+00:00
engagement-emp-62-20,emp-62,69,manager_review,watch,Mesure mensuelle d'engagement.,-1,medium,"{""absences_30j"": 3, ""overdue_tasks"": 4, ""mandatory_training_gap"": 1, ""active_projects"": 1}",2025-02-15T10:00:00+00:00
engagement-emp-62-21,emp-62,71,pulse,engaged,Mesure mensuelle d'engagement.,2,medium,"{""absences_30j"": 0, ""overdue_tasks"": 0, ""mandatory_training_gap"": 1, ""active_projects"": 2}",2025-03-15T10:00:00+00:00
engagement-emp-62-22,emp-62,74,pulse,engaged,Mesure mensuelle d'engagement.,3,low,"{""absences_30j"": 1, ""overdue_tasks"": 0, ""mandatory_training_gap"": 1, ""active_projects"": 1}",2025-04-15T10:00:00+00:00
engagement-emp-62-23,emp-62,74,survey,stable,Mesure mensuelle d'engagement.,0,low,"{""absences_30j"": 2, ""overdue_tasks"": 0, ""mandatory_training_gap"": 0, ""active_projects"": 3}",2025-05-15T10:00:00+00:00
engagement-emp-62-24,emp-62,73,survey,stable,Mesure mensuelle d'engagement.,-1,low,"{""absences_30j"": 2, ""overdue_tasks"": 3, ""mandatory_training_gap"": 1, ""active_projects"": 3}",2025-06-15T10:00:00+00:00
engagement-emp-62-25,emp-62,76,pulse,watch,Mesure mensuelle d'engagement.,3,low,"{""absences_30j"": 0, ""overdue_tasks"": 1, ""mandatory_training_gap"": 0, ""active_projects"": 1}",2025-07-15T10:00:00+00:00
engagement-emp-62-26,emp-62,75,pulse,boost,Mesure mensuelle d'engagement.,-1,low,"{""absences_30j"": 3, ""overdue_tasks"": 2, ""mandatory_training_gap"": 0, ""active_projects"": 1}",2025-08-15T10:00:00+00:00
engagement-emp-62-27,emp-62,78,pulse,engaged,Mesure mensuelle d'engagement.,3,low,"{""absences_30j"": 0, ""overdue_tasks"": 2, ""mandatory_training_gap"": 1, ""active_projects"": 1}",2025-09-15T10:00:00+00:00
engagement-emp-62-28,emp-62,76,survey,watch,Mesure mensuelle d'engagement.,-2,low,"{""absences_30j"": 0, ""overdue_tasks"": 0, ""mandatory_training_gap"": 0, ""active_projects"": 2}",2025-10-15T10:00:00+00:00
engagement-emp-62-29,emp-62,76,manager_review,stable,Mesure mensuelle d'engagement.,0,low,"{""absences_30j"": 0, ""overdue_tasks"": 4, ""mandatory_training_gap"": 1, ""active_projects"": 2}",2025-11-15T10:00:00+00:00
engagement-emp-62-30,emp-62,78,pulse,boost,Mesure mensuelle d'engagement.,2,low,"{""absences_30j"": 0, ""overdue_tasks"": 3, ""mandatory_training_gap"": 1, ""active_projects"": 2}",2025-12-15T10:00:00+00:00
engagement-emp-62-31,emp-62,80,pulse,engaged,Mesure mensuelle d'engagement.,2,low,"{""absences_30j"": 1, ""overdue_tasks"": 2, ""mandatory_training_gap"": 0, ""active_projects"": 2}",2026-01-15T10:00:00+00:00
engagement-emp-62-32,emp-62,80,survey,boost,Mesure mensuelle d'engagement.,0,low,"{""absences_30j"": 3, ""overdue_tasks"": 0, ""mandatory_training_gap"": 0, ""active_projects"": 1}",2026-02-15T10:00:00+00:00
engagement-emp-62-33,emp-62,84,survey,watch,Mesure mensuelle d'engagement.,4,low,"{""absences_30j"": 3, ""overdue_tasks"": 4, ""mandatory_training_gap"": 0, ""active_projects"": 1}",2026-03-15T10:00:00+00:00
engagement-emp-62-34,emp-62,81,pulse,boost,Mesure mensuelle d'engagement.,-3,low,"{""absences_30j"": 2, ""overdue_tasks"": 1, ""mandatory_training_gap"": 1, ""active_projects"": 2}",2026-04-15T10:00:00+00:00
engagement-emp-62-35,emp-62,80,survey,stable,Mesure mensuelle d'engagement.,-1,low,"{""absences_30j"": 3, ""overdue_tasks"": 0, ""mandatory_training_gap"": 0, ""active_projects"": 3}",2026-05-15T10:00:00+00:00
engagement-emp-62-36,emp-62,78,pulse,engaged,Mesure mensuelle d'engagement.,-2,low,"{""absences_30j"": 0, ""overdue_tasks"": 0, ""mandatory_training_gap"": 1, ""active_projects"": 2}",2026-06-15T10:00:00+00:00
engagement-emp-63-0,emp-63,43,survey,watch,Mesure mensuelle d'engagement.,-2,high,"{""absences_30j"": 2, ""overdue_tasks"": 3, ""mandatory_training_gap"": 1, ""active_projects"": 2}",2025-06-15T10:00:00+00:00
engagement-emp-63-1,emp-63,44,pulse,engaged,Mesure mensuelle d'engagement.,1,high,"{""absences_30j"": 0, ""overdue_tasks"": 3, ""mandatory_training_gap"": 0, ""active_projects"": 3}",2025-07-15T10:00:00+00:00
engagement-emp-63-2,emp-63,47,survey,boost,Mesure mensuelle d'engagement.,3,high,"{""absences_30j"": 0, ""overdue_tasks"": 2, ""mandatory_training_gap"": 0, ""active_projects"": 3}",2025-08-15T10:00:00+00:00
engagement-emp-63-3,emp-63,46,survey,stable,Mesure mensuelle d'engagement.,-1,high,"{""absences_30j"": 1, ""overdue_tasks"": 1, ""mandatory_training_gap"": 0, ""active_projects"": 1}",2025-09-15T10:00:00+00:00
engagement-emp-63-4,emp-63,46,survey,watch,Mesure mensuelle d'engagement.,0,high,"{""absences_30j"": 2, ""overdue_tasks"": 3, ""mandatory_training_gap"": 0, ""active_projects"": 2}",2025-10-15T10:00:00+00:00
engagement-emp-63-5,emp-63,43,manager_review,engaged,Mesure mensuelle d'engagement.,-3,high,"{""absences_30j"": 3, ""overdue_tasks"": 3, ""mandatory_training_gap"": 0, ""active_projects"": 3}",2025-11-15T10:00:00+00:00
engagement-emp-63-6,emp-63,47,pulse,stable,Mesure mensuelle d'engagement.,4,high,"{""absences_30j"": 1, ""overdue_tasks"": 2, ""mandatory_training_gap"": 1, ""active_projects"": 1}",2025-12-15T10:00:00+00:00
engagement-emp-63-7,emp-63,47,survey,stable,Mesure mensuelle d'engagement.,0,high,"{""absences_30j"": 0, ""overdue_tasks"": 4, ""mandatory_training_gap"": 1, ""active_projects"": 3}",2026-01-15T10:00:00+00:00
engagement-emp-63-8,emp-63,49,manager_review,watch,Mesure mensuelle d'engagement.,2,high,"{""absences_30j"": 1, ""overdue_tasks"": 0, ""mandatory_training_gap"": 1, ""active_projects"": 1}",2026-02-15T10:00:00+00:00
engagement-emp-63-9,emp-63,53,manager_review,stable,Mesure mensuelle d'engagement.,4,high,"{""absences_30j"": 2, ""overdue_tasks"": 1, ""mandatory_training_gap"": 1, ""active_projects"": 1}",2026-03-15T10:00:00+00:00
engagement-emp-63-10,emp-63,49,survey,stable,Mesure mensuelle d'engagement.,-4,high,"{""absences_30j"": 2, ""overdue_tasks"": 1, ""mandatory_training_gap"": 1, ""active_projects"": 1}",2026-04-15T10:00:00+00:00
engagement-emp-63-11,emp-63,46,survey,engaged,Mesure mensuelle d'engagement.,-3,high,"{""absences_30j"": 0, ""overdue_tasks"": 3, ""mandatory_training_gap"": 1, ""active_projects"": 2}",2026-05-15T10:00:00+00:00
engagement-emp-63-12,emp-63,50,pulse,stable,Mesure mensuelle d'engagement.,4,high,"{""absences_30j"": 3, ""overdue_tasks"": 1, ""mandatory_training_gap"": 0, ""active_projects"": 2}",2026-06-15T10:00:00+00:00
engagement-emp-64-0,emp-64,85,manager_review,engaged,Mesure mensuelle d'engagement.,3,low,"{""absences_30j"": 1, ""overdue_tasks"": 3, ""mandatory_training_gap"": 0, ""active_projects"": 2}",2024-07-15T10:00:00+00:00
engagement-emp-64-1,emp-64,81,pulse,watch,Mesure mensuelle d'engagement.,-4,low,"{""absences_30j"": 3, ""overdue_tasks"": 3, ""mandatory_training_gap"": 0, ""active_projects"": 2}",2024-08-15T10:00:00+00:00
engagement-emp-64-2,emp-64,77,manager_review,engaged,Mesure mensuelle d'engagement.,-4,low,"{""absences_30j"": 3, ""overdue_tasks"": 3, ""mandatory_training_gap"": 0, ""active_projects"": 2}",2024-09-15T10:00:00+00:00
engagement-emp-64-3,emp-64,80,manager_review,stable,Mesure mensuelle d'engagement.,3,low,"{""absences_30j"": 1, ""overdue_tasks"": 3, ""mandatory_training_gap"": 0, ""active_projects"": 3}",2024-10-15T10:00:00+00:00
engagement-emp-64-4,emp-64,76,survey,watch,Mesure mensuelle d'engagement.,-4,low,"{""absences_30j"": 3, ""overdue_tasks"": 0, ""mandatory_training_gap"": 0, ""active_projects"": 2}",2024-11-15T10:00:00+00:00
engagement-emp-64-5,emp-64,79,pulse,watch,Mesure mensuelle d'engagement.,3,low,"{""absences_30j"": 3, ""overdue_tasks"": 4, ""mandatory_training_gap"": 0, ""active_projects"": 3}",2024-12-15T10:00:00+00:00
engagement-emp-64-6,emp-64,80,survey,watch,Mesure mensuelle d'engagement.,1,low,"{""absences_30j"": 3, ""overdue_tasks"": 3, ""mandatory_training_gap"": 0, ""active_projects"": 3}",2025-01-15T10:00:00+00:00
engagement-emp-64-7,emp-64,77,pulse,watch,Mesure mensuelle d'engagement.,-3,low,"{""absences_30j"": 3, ""overdue_tasks"": 0, ""mandatory_training_gap"": 0, ""active_projects"": 2}",2025-02-15T10:00:00+00:00
engagement-emp-64-8,emp-64,80,survey,stable,Mesure mensuelle d'engagement.,3,low,"{""absences_30j"": 1, ""overdue_tasks"": 3, ""mandatory_training_gap"": 1, ""active_projects"": 2}",2025-03-15T10:00:00+00:00
engagement-emp-64-9,emp-64,80,manager_review,engaged,Mesure mensuelle d'engagement.,0,low,"{""absences_30j"": 3, ""overdue_tasks"": 3, ""mandatory_training_gap"": 0, ""active_projects"": 2}",2025-04-15T10:00:00+00:00
engagement-emp-64-10,emp-64,78,manager_review,boost,Mesure mensuelle d'engagement.,-2,low,"{""absences_30j"": 3, ""overdue_tasks"": 0, ""mandatory_training_gap"": 0, ""active_projects"": 2}",2025-05-15T10:00:00+00:00
engagement-emp-64-11,emp-64,78,pulse,engaged,Mesure mensuelle d'engagement.,0,low,"{""absences_30j"": 2, ""overdue_tasks"": 0, ""mandatory_training_gap"": 0, ""active_projects"": 3}",2025-06-15T10:00:00+00:00
engagement-emp-64-12,emp-64,74,survey,watch,Mesure mensuelle d'engagement.,-4,low,"{""absences_30j"": 1, ""overdue_tasks"": 2, ""mandatory_training_gap"": 0, ""active_projects"": 2}",2025-07-15T10:00:00+00:00
engagement-emp-64-13,emp-64,70,survey,watch,Mesure mensuelle d'engagement.,-4,medium,"{""absences_30j"": 0, ""overdue_tasks"": 3, ""mandatory_training_gap"": 0, ""active_projects"": 3}",2025-08-15T10:00:00+00:00
engagement-emp-64-14,emp-64,72,pulse,engaged,Mesure mensuelle d'engagement.,2,low,"{""absences_30j"": 1, ""overdue_tasks"": 0, ""mandatory_training_gap"": 0, ""active_projects"": 1}",2025-09-15T10:00:00+00:00
engagement-emp-64-15,emp-64,76,survey,watch,Mesure mensuelle d'engagement.,4,low,"{""absences_30j"": 2, ""overdue_tasks"": 0, ""mandatory_training_gap"": 1, ""active_projects"": 1}",2025-10-15T10:00:00+00:00
engagement-emp-64-16,emp-64,72,pulse,watch,Mesure mensuelle d'engagement.,-4,low,"{""absences_30j"": 2, ""overdue_tasks"": 4, ""mandatory_training_gap"": 1, ""active_projects"": 3}",2025-11-15T10:00:00+00:00
engagement-emp-64-17,emp-64,75,manager_review,watch,Mesure mensuelle d'engagement.,3,low,"{""absences_30j"": 3, ""overdue_tasks"": 4, ""mandatory_training_gap"": 1, ""active_projects"": 2}",2025-12-15T10:00:00+00:00
engagement-emp-64-18,emp-64,78,survey,stable,Mesure mensuelle d'engagement.,3,low,"{""absences_30j"": 0, ""overdue_tasks"": 4, ""mandatory_training_gap"": 1, ""active_projects"": 2}",2026-01-15T10:00:00+00:00
engagement-emp-64-19,emp-64,77,manager_review,boost,Mesure mensuelle d'engagement.,-1,low,"{""absences_30j"": 1, ""overdue_tasks"": 1, ""mandatory_training_gap"": 0, ""active_projects"": 3}",2026-02-15T10:00:00+00:00
engagement-emp-64-20,emp-64,78,pulse,boost,Mesure mensuelle d'engagement.,1,low,"{""absences_30j"": 3, ""overdue_tasks"": 3, ""mandatory_training_gap"": 1, ""active_projects"": 2}",2026-03-15T10:00:00+00:00
engagement-emp-64-21,emp-64,79,pulse,stable,Mesure mensuelle d'engagement.,1,low,"{""absences_30j"": 3, ""overdue_tasks"": 3, ""mandatory_training_gap"": 1, ""active_projects"": 1}",2026-04-15T10:00:00+00:00
engagement-emp-64-22,emp-64,75,pulse,engaged,Mesure mensuelle d'engagement.,-4,low,"{""absences_30j"": 1, ""overdue_tasks"": 4, ""mandatory_training_gap"": 0, ""active_projects"": 1}",2026-05-15T10:00:00+00:00
engagement-emp-64-23,emp-64,74,pulse,boost,Mesure mensuelle d'engagement.,-1,low,"{""absences_30j"": 2, ""overdue_tasks"": 1, ""mandatory_training_gap"": 0, ""active_projects"": 2}",2026-06-15T10:00:00+00:00
engagement-emp-65-0,emp-65,83,manager_review,boost,Mesure mensuelle d'engagement.,0,low,"{""absences_30j"": 2, ""overdue_tasks"": 1, ""mandatory_training_gap"": 1, ""active_projects"": 2}",2023-09-15T10:00:00+00:00
engagement-emp-65-1,emp-65,86,pulse,engaged,Mesure mensuelle d'engagement.,3,low,"{""absences_30j"": 1, ""overdue_tasks"": 4, ""mandatory_training_gap"": 0, ""active_projects"": 3}",2023-10-15T10:00:00+00:00
engagement-emp-65-2,emp-65,86,survey,stable,Mesure mensuelle d'engagement.,0,low,"{""absences_30j"": 2, ""overdue_tasks"": 4, ""mandatory_training_gap"": 1, ""active_projects"": 2}",2023-11-15T10:00:00+00:00
engagement-emp-65-3,emp-65,87,survey,engaged,Mesure mensuelle d'engagement.,1,low,"{""absences_30j"": 1, ""overdue_tasks"": 3, ""mandatory_training_gap"": 1, ""active_projects"": 1}",2023-12-15T10:00:00+00:00
engagement-emp-65-4,emp-65,84,manager_review,watch,Mesure mensuelle d'engagement.,-3,low,"{""absences_30j"": 1, ""overdue_tasks"": 0, ""mandatory_training_gap"": 1, ""active_projects"": 3}",2024-01-15T10:00:00+00:00
engagement-emp-65-5,emp-65,84,pulse,stable,Mesure mensuelle d'engagement.,0,low,"{""absences_30j"": 2, ""overdue_tasks"": 0, ""mandatory_training_gap"": 0, ""active_projects"": 2}",2024-02-15T10:00:00+00:00
engagement-emp-65-6,emp-65,88,manager_review,engaged,Mesure mensuelle d'engagement.,4,low,"{""absences_30j"": 3, ""overdue_tasks"": 1, ""mandatory_training_gap"": 1, ""active_projects"": 3}",2024-03-15T10:00:00+00:00
engagement-emp-65-7,emp-65,91,manager_review,engaged,Mesure mensuelle d'engagement.,3,low,"{""absences_30j"": 3, ""overdue_tasks"": 3, ""mandatory_training_gap"": 1, ""active_projects"": 1}",2024-04-15T10:00:00+00:00
engagement-emp-65-8,emp-65,93,manager_review,watch,Mesure mensuelle d'engagement.,2,low,"{""absences_30j"": 1, ""overdue_tasks"": 2, ""mandatory_training_gap"": 1, ""active_projects"": 1}",2024-05-15T10:00:00+00:00
engagement-emp-65-9,emp-65,97,survey,boost,Mesure mensuelle d'engagement.,4,low,"{""absences_30j"": 1, ""overdue_tasks"": 0, ""mandatory_training_gap"": 0, ""active_projects"": 2}",2024-06-15T10:00:00+00:00
engagement-emp-65-10,emp-65,98,manager_review,engaged,Mesure mensuelle d'engagement.,1,low,"{""absences_30j"": 3, ""overdue_tasks"": 0, ""mandatory_training_gap"": 0, ""active_projects"": 3}",2024-07-15T10:00:00+00:00
engagement-emp-65-11,emp-65,98,manager_review,watch,Mesure mensuelle d'engagement.,0,low,"{""absences_30j"": 0, ""overdue_tasks"": 0, ""mandatory_training_gap"": 1, ""active_projects"": 2}",2024-08-15T10:00:00+00:00
engagement-emp-65-12,emp-65,98,pulse,boost,Mesure mensuelle d'engagement.,0,low,"{""absences_30j"": 2, ""overdue_tasks"": 2, ""mandatory_training_gap"": 1, ""active_projects"": 1}",2024-09-15T10:00:00+00:00
engagement-emp-65-13,emp-65,98,pulse,stable,Mesure mensuelle d'engagement.,0,low,"{""absences_30j"": 3, ""overdue_tasks"": 0, ""mandatory_training_gap"": 0, ""active_projects"": 3}",2024-10-15T10:00:00+00:00
engagement-emp-65-14,emp-65,96,survey,stable,Mesure mensuelle d'engagement.,-2,low,"{""absences_30j"": 2, ""overdue_tasks"": 4, ""mandatory_training_gap"": 0, ""active_projects"": 3}",2024-11-15T10:00:00+00:00
engagement-emp-65-15,emp-65,92,survey,stable,Mesure mensuelle d'engagement.,-4,low,"{""absences_30j"": 0, ""overdue_tasks"": 1, ""mandatory_training_gap"": 1, ""active_projects"": 2}",2024-12-15T10:00:00+00:00
engagement-emp-65-16,emp-65,95,pulse,stable,Mesure mensuelle d'engagement.,3,low,"{""absences_30j"": 3, ""overdue_tasks"": 1, ""mandatory_training_gap"": 1, ""active_projects"": 3}",2025-01-15T10:00:00+00:00
engagement-emp-65-17,emp-65,93,manager_review,boost,Mesure mensuelle d'engagement.,-2,low,"{""absences_30j"": 2, ""overdue_tasks"": 3, ""mandatory_training_gap"": 1, ""active_projects"": 2}",2025-02-15T10:00:00+00:00
engagement-emp-65-18,emp-65,89,manager_review,watch,Mesure mensuelle d'engagement.,-4,low,"{""absences_30j"": 2, ""overdue_tasks"": 0, ""mandatory_training_gap"": 0, ""active_projects"": 2}",2025-03-15T10:00:00+00:00
engagement-emp-65-19,emp-65,90,pulse,watch,Mesure mensuelle d'engagement.,1,low,"{""absences_30j"": 3, ""overdue_tasks"": 3, ""mandatory_training_gap"": 0, ""active_projects"": 1}",2025-04-15T10:00:00+00:00
engagement-emp-65-20,emp-65,89,survey,stable,Mesure mensuelle d'engagement.,-1,low,"{""absences_30j"": 3, ""overdue_tasks"": 3, ""mandatory_training_gap"": 1, ""active_projects"": 2}",2025-05-15T10:00:00+00:00
engagement-emp-65-21,emp-65,91,survey,engaged,Mesure mensuelle d'engagement.,2,low,"{""absences_30j"": 0, ""overdue_tasks"": 3, ""mandatory_training_gap"": 1, ""active_projects"": 3}",2025-06-15T10:00:00+00:00
engagement-emp-65-22,emp-65,93,pulse,boost,Mesure mensuelle d'engagement.,2,low,"{""absences_30j"": 1, ""overdue_tasks"": 3, ""mandatory_training_gap"": 1, ""active_projects"": 3}",2025-07-15T10:00:00+00:00
engagement-emp-65-23,emp-65,93,manager_review,engaged,Mesure mensuelle d'engagement.,0,low,"{""absences_30j"": 0, ""overdue_tasks"": 0, ""mandatory_training_gap"": 0, ""active_projects"": 3}",2025-08-15T10:00:00+00:00
engagement-emp-65-24,emp-65,96,manager_review,watch,Mesure mensuelle d'engagement.,3,low,"{""absences_30j"": 0, ""overdue_tasks"": 3, ""mandatory_training_gap"": 1, ""active_projects"": 1}",2025-09-15T10:00:00+00:00
engagement-emp-65-25,emp-65,95,manager_review,boost,Mesure mensuelle d'engagement.,-1,low,"{""absences_30j"": 1, ""overdue_tasks"": 2, ""mandatory_training_gap"": 1, ""active_projects"": 3}",2025-10-15T10:00:00+00:00
engagement-emp-65-26,emp-65,97,pulse,engaged,Mesure mensuelle d'engagement.,2,low,"{""absences_30j"": 1, ""overdue_tasks"": 0, ""mandatory_training_gap"": 0, ""active_projects"": 2}",2025-11-15T10:00:00+00:00
engagement-emp-65-27,emp-65,98,manager_review,engaged,Mesure mensuelle d'engagement.,1,low,"{""absences_30j"": 1, ""overdue_tasks"": 2, ""mandatory_training_gap"": 1, ""active_projects"": 1}",2025-12-15T10:00:00+00:00
engagement-emp-65-28,emp-65,98,pulse,watch,Mesure mensuelle d'engagement.,0,low,"{""absences_30j"": 2, ""overdue_tasks"": 3, ""mandatory_training_gap"": 1, ""active_projects"": 1}",2026-01-15T10:00:00+00:00
engagement-emp-65-29,emp-65,95,pulse,watch,Mesure mensuelle d'engagement.,-3,low,"{""absences_30j"": 2, ""overdue_tasks"": 4, ""mandatory_training_gap"": 1, ""active_projects"": 1}",2026-02-15T10:00:00+00:00
engagement-emp-65-30,emp-65,91,pulse,boost,Mesure mensuelle d'engagement.,-4,low,"{""absences_30j"": 0, ""overdue_tasks"": 1, ""mandatory_training_gap"": 0, ""active_projects"": 2}",2026-03-15T10:00:00+00:00
engagement-emp-65-31,emp-65,89,manager_review,stable,Mesure mensuelle d'engagement.,-2,low,"{""absences_30j"": 3, ""overdue_tasks"": 4, ""mandatory_training_gap"": 1, ""active_projects"": 2}",2026-04-15T10:00:00+00:00
engagement-emp-65-32,emp-65,91,pulse,stable,Mesure mensuelle d'engagement.,2,low,"{""absences_30j"": 3, ""overdue_tasks"": 2, ""mandatory_training_gap"": 1, ""active_projects"": 3}",2026-05-15T10:00:00+00:00
engagement-emp-65-33,emp-65,93,manager_review,engaged,Mesure mensuelle d'engagement.,2,low,"{""absences_30j"": 1, ""overdue_tasks"": 3, ""mandatory_training_gap"": 0, ""active_projects"": 2}",2026-06-15T10:00:00+00:00
engagement-emp-66-0,emp-66,83,pulse,watch,Mesure mensuelle d'engagement.,3,low,"{""absences_30j"": 3, ""overdue_tasks"": 4, ""mandatory_training_gap"": 1, ""active_projects"": 3}",2024-01-15T10:00:00+00:00
engagement-emp-66-1,emp-66,85,manager_review,engaged,Mesure mensuelle d'engagement.,2,low,"{""absences_30j"": 3, ""overdue_tasks"": 4, ""mandatory_training_gap"": 1, ""active_projects"": 1}",2024-02-15T10:00:00+00:00
engagement-emp-66-2,emp-66,83,survey,stable,Mesure mensuelle d'engagement.,-2,low,"{""absences_30j"": 2, ""overdue_tasks"": 2, ""mandatory_training_gap"": 0, ""active_projects"": 2}",2024-03-15T10:00:00+00:00
engagement-emp-66-3,emp-66,87,manager_review,watch,Mesure mensuelle d'engagement.,4,low,"{""absences_30j"": 1, ""overdue_tasks"": 4, ""mandatory_training_gap"": 1, ""active_projects"": 2}",2024-04-15T10:00:00+00:00
engagement-emp-66-4,emp-66,86,survey,watch,Mesure mensuelle d'engagement.,-1,low,"{""absences_30j"": 1, ""overdue_tasks"": 1, ""mandatory_training_gap"": 1, ""active_projects"": 1}",2024-05-15T10:00:00+00:00
engagement-emp-66-5,emp-66,90,manager_review,watch,Mesure mensuelle d'engagement.,4,low,"{""absences_30j"": 2, ""overdue_tasks"": 3, ""mandatory_training_gap"": 0, ""active_projects"": 2}",2024-06-15T10:00:00+00:00
engagement-emp-66-6,emp-66,92,manager_review,boost,Mesure mensuelle d'engagement.,2,low,"{""absences_30j"": 2, ""overdue_tasks"": 2, ""mandatory_training_gap"": 1, ""active_projects"": 3}",2024-07-15T10:00:00+00:00
engagement-emp-66-7,emp-66,96,manager_review,engaged,Mesure mensuelle d'engagement.,4,low,"{""absences_30j"": 0, ""overdue_tasks"": 0, ""mandatory_training_gap"": 1, ""active_projects"": 2}",2024-08-15T10:00:00+00:00
engagement-emp-66-8,emp-66,93,survey,watch,Mesure mensuelle d'engagement.,-3,low,"{""absences_30j"": 0, ""overdue_tasks"": 4, ""mandatory_training_gap"": 1, ""active_projects"": 3}",2024-09-15T10:00:00+00:00
engagement-emp-66-9,emp-66,92,survey,stable,Mesure mensuelle d'engagement.,-1,low,"{""absences_30j"": 0, ""overdue_tasks"": 3, ""mandatory_training_gap"": 0, ""active_projects"": 1}",2024-10-15T10:00:00+00:00
engagement-emp-66-10,emp-66,96,pulse,engaged,Mesure mensuelle d'engagement.,4,low,"{""absences_30j"": 0, ""overdue_tasks"": 2, ""mandatory_training_gap"": 0, ""active_projects"": 1}",2024-11-15T10:00:00+00:00
engagement-emp-66-11,emp-66,98,survey,watch,Mesure mensuelle d'engagement.,2,low,"{""absences_30j"": 3, ""overdue_tasks"": 4, ""mandatory_training_gap"": 0, ""active_projects"": 1}",2024-12-15T10:00:00+00:00
engagement-emp-66-12,emp-66,98,survey,watch,Mesure mensuelle d'engagement.,0,low,"{""absences_30j"": 3, ""overdue_tasks"": 0, ""mandatory_training_gap"": 0, ""active_projects"": 3}",2025-01-15T10:00:00+00:00
engagement-emp-66-13,emp-66,97,survey,boost,Mesure mensuelle d'engagement.,-1,low,"{""absences_30j"": 0, ""overdue_tasks"": 3, ""mandatory_training_gap"": 0, ""active_projects"": 2}",2025-02-15T10:00:00+00:00
engagement-emp-66-14,emp-66,98,survey,watch,Mesure mensuelle d'engagement.,1,low,"{""absences_30j"": 1, ""overdue_tasks"": 1, ""mandatory_training_gap"": 0, ""active_projects"": 1}",2025-03-15T10:00:00+00:00
engagement-emp-66-15,emp-66,98,survey,boost,Mesure mensuelle d'engagement.,0,low,"{""absences_30j"": 0, ""overdue_tasks"": 1, ""mandatory_training_gap"": 1, ""active_projects"": 1}",2025-04-15T10:00:00+00:00
engagement-emp-66-16,emp-66,98,survey,stable,Mesure mensuelle d'engagement.,0,low,"{""absences_30j"": 3, ""overdue_tasks"": 0, ""mandatory_training_gap"": 1, ""active_projects"": 2}",2025-05-15T10:00:00+00:00
engagement-emp-66-17,emp-66,98,survey,watch,Mesure mensuelle d'engagement.,0,low,"{""absences_30j"": 2, ""overdue_tasks"": 4, ""mandatory_training_gap"": 0, ""active_projects"": 3}",2025-06-15T10:00:00+00:00
engagement-emp-66-18,emp-66,95,manager_review,stable,Mesure mensuelle d'engagement.,-3,low,"{""absences_30j"": 3, ""overdue_tasks"": 1, ""mandatory_training_gap"": 0, ""active_projects"": 3}",2025-07-15T10:00:00+00:00
engagement-emp-66-19,emp-66,92,pulse,watch,Mesure mensuelle d'engagement.,-3,low,"{""absences_30j"": 0, ""overdue_tasks"": 1, ""mandatory_training_gap"": 1, ""active_projects"": 1}",2025-08-15T10:00:00+00:00
engagement-emp-66-20,emp-66,91,pulse,boost,Mesure mensuelle d'engagement.,-1,low,"{""absences_30j"": 1, ""overdue_tasks"": 0, ""mandatory_training_gap"": 0, ""active_projects"": 3}",2025-09-15T10:00:00+00:00
engagement-emp-66-21,emp-66,88,manager_review,watch,Mesure mensuelle d'engagement.,-3,low,"{""absences_30j"": 0, ""overdue_tasks"": 1, ""mandatory_training_gap"": 0, ""active_projects"": 3}",2025-10-15T10:00:00+00:00
engagement-emp-66-22,emp-66,92,pulse,boost,Mesure mensuelle d'engagement.,4,low,"{""absences_30j"": 2, ""overdue_tasks"": 2, ""mandatory_training_gap"": 0, ""active_projects"": 1}",2025-11-15T10:00:00+00:00
engagement-emp-66-23,emp-66,93,survey,stable,Mesure mensuelle d'engagement.,1,low,"{""absences_30j"": 3, ""overdue_tasks"": 2, ""mandatory_training_gap"": 1, ""active_projects"": 3}",2025-12-15T10:00:00+00:00
engagement-emp-66-24,emp-66,94,survey,boost,Mesure mensuelle d'engagement.,1,low,"{""absences_30j"": 0, ""overdue_tasks"": 1, ""mandatory_training_gap"": 0, ""active_projects"": 1}",2026-01-15T10:00:00+00:00
engagement-emp-66-25,emp-66,97,pulse,boost,Mesure mensuelle d'engagement.,3,low,"{""absences_30j"": 2, ""overdue_tasks"": 4, ""mandatory_training_gap"": 1, ""active_projects"": 1}",2026-02-15T10:00:00+00:00
engagement-emp-66-26,emp-66,97,survey,watch,Mesure mensuelle d'engagement.,0,low,"{""absences_30j"": 3, ""overdue_tasks"": 0, ""mandatory_training_gap"": 0, ""active_projects"": 1}",2026-03-15T10:00:00+00:00
engagement-emp-66-27,emp-66,93,manager_review,stable,Mesure mensuelle d'engagement.,-4,low,"{""absences_30j"": 0, ""overdue_tasks"": 1, ""mandatory_training_gap"": 0, ""active_projects"": 2}",2026-04-15T10:00:00+00:00
engagement-emp-66-28,emp-66,92,manager_review,engaged,Mesure mensuelle d'engagement.,-1,low,"{""absences_30j"": 0, ""overdue_tasks"": 0, ""mandatory_training_gap"": 0, ""active_projects"": 1}",2026-05-15T10:00:00+00:00
engagement-emp-66-29,emp-66,95,survey,boost,Mesure mensuelle d'engagement.,3,low,"{""absences_30j"": 2, ""overdue_tasks"": 3, ""mandatory_training_gap"": 0, ""active_projects"": 3}",2026-06-15T10:00:00+00:00
engagement-emp-67-0,emp-67,84,pulse,stable,Mesure mensuelle d'engagement.,2,low,"{""absences_30j"": 3, ""overdue_tasks"": 1, ""mandatory_training_gap"": 0, ""active_projects"": 1}",2023-06-15T10:00:00+00:00
engagement-emp-67-1,emp-67,82,survey,boost,Mesure mensuelle d'engagement.,-2,low,"{""absences_30j"": 2, ""overdue_tasks"": 0, ""mandatory_training_gap"": 1, ""active_projects"": 1}",2023-07-15T10:00:00+00:00
engagement-emp-67-2,emp-67,85,manager_review,boost,Mesure mensuelle d'engagement.,3,low,"{""absences_30j"": 3, ""overdue_tasks"": 1, ""mandatory_training_gap"": 0, ""active_projects"": 2}",2023-08-15T10:00:00+00:00
engagement-emp-67-3,emp-67,85,survey,boost,Mesure mensuelle d'engagement.,0,low,"{""absences_30j"": 1, ""overdue_tasks"": 1, ""mandatory_training_gap"": 0, ""active_projects"": 2}",2023-09-15T10:00:00+00:00
engagement-emp-67-4,emp-67,88,manager_review,engaged,Mesure mensuelle d'engagement.,3,low,"{""absences_30j"": 1, ""overdue_tasks"": 4, ""mandatory_training_gap"": 0, ""active_projects"": 3}",2023-10-15T10:00:00+00:00
engagement-emp-67-5,emp-67,88,manager_review,boost,Mesure mensuelle d'engagement.,0,low,"{""absences_30j"": 0, ""overdue_tasks"": 1, ""mandatory_training_gap"": 0, ""active_projects"": 3}",2023-11-15T10:00:00+00:00
engagement-emp-67-6,emp-67,87,manager_review,boost,Mesure mensuelle d'engagement.,-1,low,"{""absences_30j"": 3, ""overdue_tasks"": 0, ""mandatory_training_gap"": 1, ""active_projects"": 2}",2023-12-15T10:00:00+00:00
engagement-emp-67-7,emp-67,90,survey,engaged,Mesure mensuelle d'engagement.,3,low,"{""absences_30j"": 1, ""overdue_tasks"": 4, ""mandatory_training_gap"": 1, ""active_projects"": 1}",2024-01-15T10:00:00+00:00
engagement-emp-67-8,emp-67,87,manager_review,engaged,Mesure mensuelle d'engagement.,-3,low,"{""absences_30j"": 3, ""overdue_tasks"": 0, ""mandatory_training_gap"": 0, ""active_projects"": 1}",2024-02-15T10:00:00+00:00
engagement-emp-67-9,emp-67,90,survey,engaged,Mesure mensuelle d'engagement.,3,low,"{""absences_30j"": 1, ""overdue_tasks"": 4, ""mandatory_training_gap"": 1, ""active_projects"": 2}",2024-03-15T10:00:00+00:00
engagement-emp-67-10,emp-67,88,manager_review,engaged,Mesure mensuelle d'engagement.,-2,low,"{""absences_30j"": 2, ""overdue_tasks"": 1, ""mandatory_training_gap"": 0, ""active_projects"": 2}",2024-04-15T10:00:00+00:00
engagement-emp-67-11,emp-67,84,pulse,stable,Mesure mensuelle d'engagement.,-4,low,"{""absences_30j"": 2, ""overdue_tasks"": 0, ""mandatory_training_gap"": 1, ""active_projects"": 2}",2024-05-15T10:00:00+00:00
engagement-emp-67-12,emp-67,85,manager_review,stable,Mesure mensuelle d'engagement.,1,low,"{""absences_30j"": 1, ""overdue_tasks"": 0, ""mandatory_training_gap"": 1, ""active_projects"": 3}",2024-06-15T10:00:00+00:00
engagement-emp-67-13,emp-67,89,survey,stable,Mesure mensuelle d'engagement.,4,low,"{""absences_30j"": 3, ""overdue_tasks"": 4, ""mandatory_training_gap"": 0, ""active_projects"": 1}",2024-07-15T10:00:00+00:00
engagement-emp-67-14,emp-67,85,survey,stable,Mesure mensuelle d'engagement.,-4,low,"{""absences_30j"": 2, ""overdue_tasks"": 2, ""mandatory_training_gap"": 0, ""active_projects"": 2}",2024-08-15T10:00:00+00:00
engagement-emp-67-15,emp-67,89,pulse,engaged,Mesure mensuelle d'engagement.,4,low,"{""absences_30j"": 0, ""overdue_tasks"": 4, ""mandatory_training_gap"": 0, ""active_projects"": 2}",2024-09-15T10:00:00+00:00
engagement-emp-67-16,emp-67,92,pulse,watch,Mesure mensuelle d'engagement.,3,low,"{""absences_30j"": 3, ""overdue_tasks"": 3, ""mandatory_training_gap"": 0, ""active_projects"": 1}",2024-10-15T10:00:00+00:00
engagement-emp-67-17,emp-67,96,survey,engaged,Mesure mensuelle d'engagement.,4,low,"{""absences_30j"": 2, ""overdue_tasks"": 4, ""mandatory_training_gap"": 0, ""active_projects"": 1}",2024-11-15T10:00:00+00:00
engagement-emp-67-18,emp-67,98,manager_review,stable,Mesure mensuelle d'engagement.,2,low,"{""absences_30j"": 3, ""overdue_tasks"": 0, ""mandatory_training_gap"": 0, ""active_projects"": 3}",2024-12-15T10:00:00+00:00
engagement-emp-67-19,emp-67,98,survey,stable,Mesure mensuelle d'engagement.,0,low,"{""absences_30j"": 0, ""overdue_tasks"": 2, ""mandatory_training_gap"": 1, ""active_projects"": 1}",2025-01-15T10:00:00+00:00
engagement-emp-67-20,emp-67,98,manager_review,boost,Mesure mensuelle d'engagement.,0,low,"{""absences_30j"": 2, ""overdue_tasks"": 2, ""mandatory_training_gap"": 0, ""active_projects"": 1}",2025-02-15T10:00:00+00:00
engagement-emp-67-21,emp-67,97,pulse,engaged,Mesure mensuelle d'engagement.,-1,low,"{""absences_30j"": 3, ""overdue_tasks"": 2, ""mandatory_training_gap"": 0, ""active_projects"": 2}",2025-03-15T10:00:00+00:00
engagement-emp-67-22,emp-67,98,pulse,boost,Mesure mensuelle d'engagement.,1,low,"{""absences_30j"": 2, ""overdue_tasks"": 4, ""mandatory_training_gap"": 0, ""active_projects"": 3}",2025-04-15T10:00:00+00:00
engagement-emp-67-23,emp-67,98,survey,stable,Mesure mensuelle d'engagement.,0,low,"{""absences_30j"": 3, ""overdue_tasks"": 4, ""mandatory_training_gap"": 0, ""active_projects"": 3}",2025-05-15T10:00:00+00:00
engagement-emp-67-24,emp-67,94,manager_review,watch,Mesure mensuelle d'engagement.,-4,low,"{""absences_30j"": 1, ""overdue_tasks"": 4, ""mandatory_training_gap"": 0, ""active_projects"": 1}",2025-06-15T10:00:00+00:00
engagement-emp-67-25,emp-67,96,survey,stable,Mesure mensuelle d'engagement.,2,low,"{""absences_30j"": 2, ""overdue_tasks"": 4, ""mandatory_training_gap"": 0, ""active_projects"": 1}",2025-07-15T10:00:00+00:00
engagement-emp-67-26,emp-67,97,survey,boost,Mesure mensuelle d'engagement.,1,low,"{""absences_30j"": 1, ""overdue_tasks"": 4, ""mandatory_training_gap"": 1, ""active_projects"": 2}",2025-08-15T10:00:00+00:00
engagement-emp-67-27,emp-67,98,manager_review,engaged,Mesure mensuelle d'engagement.,1,low,"{""absences_30j"": 1, ""overdue_tasks"": 1, ""mandatory_training_gap"": 1, ""active_projects"": 2}",2025-09-15T10:00:00+00:00
engagement-emp-67-28,emp-67,98,pulse,engaged,Mesure mensuelle d'engagement.,0,low,"{""absences_30j"": 1, ""overdue_tasks"": 0, ""mandatory_training_gap"": 1, ""active_projects"": 3}",2025-10-15T10:00:00+00:00
engagement-emp-67-29,emp-67,98,manager_review,watch,Mesure mensuelle d'engagement.,0,low,"{""absences_30j"": 0, ""overdue_tasks"": 2, ""mandatory_training_gap"": 1, ""active_projects"": 2}",2025-11-15T10:00:00+00:00
engagement-emp-67-30,emp-67,94,pulse,watch,Mesure mensuelle d'engagement.,-4,low,"{""absences_30j"": 0, ""overdue_tasks"": 1, ""mandatory_training_gap"": 0, ""active_projects"": 1}",2025-12-15T10:00:00+00:00
engagement-emp-67-31,emp-67,90,manager_review,engaged,Mesure mensuelle d'engagement.,-4,low,"{""absences_30j"": 2, ""overdue_tasks"": 3, ""mandatory_training_gap"": 0, ""active_projects"": 3}",2026-01-15T10:00:00+00:00
engagement-emp-67-32,emp-67,90,pulse,watch,Mesure mensuelle d'engagement.,0,low,"{""absences_30j"": 2, ""overdue_tasks"": 2, ""mandatory_training_gap"": 0, ""active_projects"": 3}",2026-02-15T10:00:00+00:00
engagement-emp-67-33,emp-67,92,pulse,watch,Mesure mensuelle d'engagement.,2,low,"{""absences_30j"": 1, ""overdue_tasks"": 1, ""mandatory_training_gap"": 1, ""active_projects"": 1}",2026-03-15T10:00:00+00:00
engagement-emp-67-34,emp-67,95,manager_review,stable,Mesure mensuelle d'engagement.,3,low,"{""absences_30j"": 0, ""overdue_tasks"": 4, ""mandatory_training_gap"": 0, ""active_projects"": 3}",2026-04-15T10:00:00+00:00
engagement-emp-67-35,emp-67,91,survey,watch,Mesure mensuelle d'engagement.,-4,low,"{""absences_30j"": 0, ""overdue_tasks"": 3, ""mandatory_training_gap"": 1, ""active_projects"": 3}",2026-05-15T10:00:00+00:00
engagement-emp-67-36,emp-67,95,manager_review,boost,Mesure mensuelle d'engagement.,4,low,"{""absences_30j"": 0, ""overdue_tasks"": 0, ""mandatory_training_gap"": 1, ""active_projects"": 3}",2026-06-15T10:00:00+00:00
engagement-emp-68-0,emp-68,67,pulse,watch,Mesure mensuelle d'engagement.,1,medium,"{""absences_30j"": 1, ""overdue_tasks"": 1, ""mandatory_training_gap"": 0, ""active_projects"": 3}",2023-06-15T10:00:00+00:00
engagement-emp-68-1,emp-68,69,survey,watch,Mesure mensuelle d'engagement.,2,medium,"{""absences_30j"": 1, ""overdue_tasks"": 3, ""mandatory_training_gap"": 0, ""active_projects"": 3}",2023-07-15T10:00:00+00:00
engagement-emp-68-2,emp-68,67,survey,engaged,Mesure mensuelle d'engagement.,-2,medium,"{""absences_30j"": 2, ""overdue_tasks"": 4, ""mandatory_training_gap"": 1, ""active_projects"": 3}",2023-08-15T10:00:00+00:00
engagement-emp-68-3,emp-68,68,pulse,stable,Mesure mensuelle d'engagement.,1,medium,"{""absences_30j"": 3, ""overdue_tasks"": 2, ""mandatory_training_gap"": 0, ""active_projects"": 1}",2023-09-15T10:00:00+00:00
engagement-emp-68-4,emp-68,72,survey,boost,Mesure mensuelle d'engagement.,4,low,"{""absences_30j"": 3, ""overdue_tasks"": 0, ""mandatory_training_gap"": 0, ""active_projects"": 2}",2023-10-15T10:00:00+00:00
engagement-emp-68-5,emp-68,73,survey,engaged,Mesure mensuelle d'engagement.,1,low,"{""absences_30j"": 0, ""overdue_tasks"": 0, ""mandatory_training_gap"": 0, ""active_projects"": 3}",2023-11-15T10:00:00+00:00
engagement-emp-68-6,emp-68,73,survey,stable,Mesure mensuelle d'engagement.,0,low,"{""absences_30j"": 1, ""overdue_tasks"": 0, ""mandatory_training_gap"": 1, ""active_projects"": 2}",2023-12-15T10:00:00+00:00
engagement-emp-68-7,emp-68,71,manager_review,watch,Mesure mensuelle d'engagement.,-2,medium,"{""absences_30j"": 3, ""overdue_tasks"": 2, ""mandatory_training_gap"": 1, ""active_projects"": 2}",2024-01-15T10:00:00+00:00
engagement-emp-68-8,emp-68,68,manager_review,boost,Mesure mensuelle d'engagement.,-3,medium,"{""absences_30j"": 0, ""overdue_tasks"": 1, ""mandatory_training_gap"": 1, ""active_projects"": 3}",2024-02-15T10:00:00+00:00
engagement-emp-68-9,emp-68,71,pulse,watch,Mesure mensuelle d'engagement.,3,medium,"{""absences_30j"": 1, ""overdue_tasks"": 3, ""mandatory_training_gap"": 0, ""active_projects"": 2}",2024-03-15T10:00:00+00:00
engagement-emp-68-10,emp-68,71,manager_review,watch,Mesure mensuelle d'engagement.,0,medium,"{""absences_30j"": 3, ""overdue_tasks"": 1, ""mandatory_training_gap"": 1, ""active_projects"": 1}",2024-04-15T10:00:00+00:00
engagement-emp-68-11,emp-68,73,manager_review,engaged,Mesure mensuelle d'engagement.,2,low,"{""absences_30j"": 1, ""overdue_tasks"": 0, ""mandatory_training_gap"": 0, ""active_projects"": 2}",2024-05-15T10:00:00+00:00
engagement-emp-68-12,emp-68,77,manager_review,boost,Mesure mensuelle d'engagement.,4,low,"{""absences_30j"": 3, ""overdue_tasks"": 1, ""mandatory_training_gap"": 1, ""active_projects"": 1}",2024-06-15T10:00:00+00:00
engagement-emp-68-13,emp-68,78,survey,boost,Mesure mensuelle d'engagement.,1,low,"{""absences_30j"": 3, ""overdue_tasks"": 2, ""mandatory_training_gap"": 0, ""active_projects"": 2}",2024-07-15T10:00:00+00:00
engagement-emp-68-14,emp-68,75,manager_review,watch,Mesure mensuelle d'engagement.,-3,low,"{""absences_30j"": 0, ""overdue_tasks"": 1, ""mandatory_training_gap"": 0, ""active_projects"": 3}",2024-08-15T10:00:00+00:00
engagement-emp-68-15,emp-68,75,survey,boost,Mesure mensuelle d'engagement.,0,low,"{""absences_30j"": 0, ""overdue_tasks"": 1, ""mandatory_training_gap"": 0, ""active_projects"": 3}",2024-09-15T10:00:00+00:00
engagement-emp-68-16,emp-68,75,survey,boost,Mesure mensuelle d'engagement.,0,low,"{""absences_30j"": 0, ""overdue_tasks"": 0, ""mandatory_training_gap"": 0, ""active_projects"": 3}",2024-10-15T10:00:00+00:00
engagement-emp-68-17,emp-68,76,survey,engaged,Mesure mensuelle d'engagement.,1,low,"{""absences_30j"": 0, ""overdue_tasks"": 1, ""mandatory_training_gap"": 0, ""active_projects"": 1}",2024-11-15T10:00:00+00:00
engagement-emp-68-18,emp-68,75,survey,stable,Mesure mensuelle d'engagement.,-1,low,"{""absences_30j"": 3, ""overdue_tasks"": 1, ""mandatory_training_gap"": 0, ""active_projects"": 3}",2024-12-15T10:00:00+00:00
engagement-emp-68-19,emp-68,76,manager_review,stable,Mesure mensuelle d'engagement.,1,low,"{""absences_30j"": 3, ""overdue_tasks"": 2, ""mandatory_training_gap"": 1, ""active_projects"": 2}",2025-01-15T10:00:00+00:00
engagement-emp-68-20,emp-68,73,pulse,engaged,Mesure mensuelle d'engagement.,-3,low,"{""absences_30j"": 2, ""overdue_tasks"": 2, ""mandatory_training_gap"": 1, ""active_projects"": 3}",2025-02-15T10:00:00+00:00
engagement-emp-68-21,emp-68,74,manager_review,watch,Mesure mensuelle d'engagement.,1,low,"{""absences_30j"": 2, ""overdue_tasks"": 1, ""mandatory_training_gap"": 1, ""active_projects"": 2}",2025-03-15T10:00:00+00:00
engagement-emp-68-22,emp-68,73,survey,watch,Mesure mensuelle d'engagement.,-1,low,"{""absences_30j"": 3, ""overdue_tasks"": 2, ""mandatory_training_gap"": 1, ""active_projects"": 3}",2025-04-15T10:00:00+00:00
engagement-emp-68-23,emp-68,71,pulse,boost,Mesure mensuelle d'engagement.,-2,medium,"{""absences_30j"": 0, ""overdue_tasks"": 1, ""mandatory_training_gap"": 0, ""active_projects"": 2}",2025-05-15T10:00:00+00:00
engagement-emp-68-24,emp-68,70,survey,boost,Mesure mensuelle d'engagement.,-1,medium,"{""absences_30j"": 2, ""overdue_tasks"": 0, ""mandatory_training_gap"": 0, ""active_projects"": 3}",2025-06-15T10:00:00+00:00
engagement-emp-68-25,emp-68,71,survey,watch,Mesure mensuelle d'engagement.,1,medium,"{""absences_30j"": 0, ""overdue_tasks"": 0, ""mandatory_training_gap"": 1, ""active_projects"": 2}",2025-07-15T10:00:00+00:00
engagement-emp-68-26,emp-68,71,manager_review,watch,Mesure mensuelle d'engagement.,0,medium,"{""absences_30j"": 0, ""overdue_tasks"": 3, ""mandatory_training_gap"": 0, ""active_projects"": 2}",2025-08-15T10:00:00+00:00
engagement-emp-68-27,emp-68,67,manager_review,watch,Mesure mensuelle d'engagement.,-4,medium,"{""absences_30j"": 0, ""overdue_tasks"": 0, ""mandatory_training_gap"": 1, ""active_projects"": 2}",2025-09-15T10:00:00+00:00
engagement-emp-68-28,emp-68,64,pulse,watch,Mesure mensuelle d'engagement.,-3,medium,"{""absences_30j"": 1, ""overdue_tasks"": 1, ""mandatory_training_gap"": 1, ""active_projects"": 1}",2025-10-15T10:00:00+00:00
engagement-emp-68-29,emp-68,67,pulse,engaged,Mesure mensuelle d'engagement.,3,medium,"{""absences_30j"": 3, ""overdue_tasks"": 1, ""mandatory_training_gap"": 0, ""active_projects"": 3}",2025-11-15T10:00:00+00:00
engagement-emp-68-30,emp-68,65,manager_review,watch,Mesure mensuelle d'engagement.,-2,medium,"{""absences_30j"": 3, ""overdue_tasks"": 0, ""mandatory_training_gap"": 0, ""active_projects"": 1}",2025-12-15T10:00:00+00:00
engagement-emp-68-31,emp-68,66,manager_review,engaged,Mesure mensuelle d'engagement.,1,medium,"{""absences_30j"": 2, ""overdue_tasks"": 2, ""mandatory_training_gap"": 0, ""active_projects"": 1}",2026-01-15T10:00:00+00:00
engagement-emp-68-32,emp-68,62,pulse,boost,Mesure mensuelle d'engagement.,-4,medium,"{""absences_30j"": 1, ""overdue_tasks"": 4, ""mandatory_training_gap"": 0, ""active_projects"": 1}",2026-02-15T10:00:00+00:00
engagement-emp-68-33,emp-68,62,survey,boost,Mesure mensuelle d'engagement.,0,medium,"{""absences_30j"": 3, ""overdue_tasks"": 2, ""mandatory_training_gap"": 1, ""active_projects"": 2}",2026-03-15T10:00:00+00:00
engagement-emp-68-34,emp-68,63,pulse,stable,Mesure mensuelle d'engagement.,1,medium,"{""absences_30j"": 2, ""overdue_tasks"": 4, ""mandatory_training_gap"": 0, ""active_projects"": 3}",2026-04-15T10:00:00+00:00
engagement-emp-68-35,emp-68,63,pulse,watch,Mesure mensuelle d'engagement.,0,medium,"{""absences_30j"": 2, ""overdue_tasks"": 2, ""mandatory_training_gap"": 0, ""active_projects"": 2}",2026-05-15T10:00:00+00:00
engagement-emp-68-36,emp-68,60,manager_review,watch,Mesure mensuelle d'engagement.,-3,medium,"{""absences_30j"": 3, ""overdue_tasks"": 3, ""mandatory_training_gap"": 1, ""active_projects"": 2}",2026-06-15T10:00:00+00:00
engagement-emp-69-0,emp-69,68,survey,engaged,Mesure mensuelle d'engagement.,-1,medium,"{""absences_30j"": 1, ""overdue_tasks"": 2, ""mandatory_training_gap"": 1, ""active_projects"": 1}",2023-12-15T10:00:00+00:00
engagement-emp-69-1,emp-69,67,pulse,engaged,Mesure mensuelle d'engagement.,-1,medium,"{""absences_30j"": 1, ""overdue_tasks"": 4, ""mandatory_training_gap"": 1, ""active_projects"": 1}",2024-01-15T10:00:00+00:00
engagement-emp-69-2,emp-69,71,pulse,stable,Mesure mensuelle d'engagement.,4,medium,"{""absences_30j"": 0, ""overdue_tasks"": 3, ""mandatory_training_gap"": 1, ""active_projects"": 2}",2024-02-15T10:00:00+00:00
engagement-emp-69-3,emp-69,67,manager_review,boost,Mesure mensuelle d'engagement.,-4,medium,"{""absences_30j"": 0, ""overdue_tasks"": 1, ""mandatory_training_gap"": 0, ""active_projects"": 3}",2024-03-15T10:00:00+00:00
engagement-emp-69-4,emp-69,70,manager_review,watch,Mesure mensuelle d'engagement.,3,medium,"{""absences_30j"": 3, ""overdue_tasks"": 1, ""mandatory_training_gap"": 1, ""active_projects"": 3}",2024-04-15T10:00:00+00:00
engagement-emp-69-5,emp-69,70,pulse,stable,Mesure mensuelle d'engagement.,0,medium,"{""absences_30j"": 2, ""overdue_tasks"": 3, ""mandatory_training_gap"": 1, ""active_projects"": 1}",2024-05-15T10:00:00+00:00
engagement-emp-69-6,emp-69,67,pulse,engaged,Mesure mensuelle d'engagement.,-3,medium,"{""absences_30j"": 0, ""overdue_tasks"": 0, ""mandatory_training_gap"": 1, ""active_projects"": 1}",2024-06-15T10:00:00+00:00
engagement-emp-69-7,emp-69,68,pulse,stable,Mesure mensuelle d'engagement.,1,medium,"{""absences_30j"": 0, ""overdue_tasks"": 1, ""mandatory_training_gap"": 1, ""active_projects"": 2}",2024-07-15T10:00:00+00:00
engagement-emp-69-8,emp-69,66,survey,boost,Mesure mensuelle d'engagement.,-2,medium,"{""absences_30j"": 2, ""overdue_tasks"": 1, ""mandatory_training_gap"": 1, ""active_projects"": 2}",2024-08-15T10:00:00+00:00
engagement-emp-69-9,emp-69,64,pulse,stable,Mesure mensuelle d'engagement.,-2,medium,"{""absences_30j"": 3, ""overdue_tasks"": 4, ""mandatory_training_gap"": 0, ""active_projects"": 1}",2024-09-15T10:00:00+00:00
engagement-emp-69-10,emp-69,68,pulse,watch,Mesure mensuelle d'engagement.,4,medium,"{""absences_30j"": 2, ""overdue_tasks"": 2, ""mandatory_training_gap"": 0, ""active_projects"": 1}",2024-10-15T10:00:00+00:00
engagement-emp-69-11,emp-69,67,pulse,engaged,Mesure mensuelle d'engagement.,-1,medium,"{""absences_30j"": 3, ""overdue_tasks"": 3, ""mandatory_training_gap"": 0, ""active_projects"": 2}",2024-11-15T10:00:00+00:00
engagement-emp-69-12,emp-69,69,manager_review,boost,Mesure mensuelle d'engagement.,2,medium,"{""absences_30j"": 0, ""overdue_tasks"": 2, ""mandatory_training_gap"": 1, ""active_projects"": 3}",2024-12-15T10:00:00+00:00
engagement-emp-69-13,emp-69,73,manager_review,engaged,Mesure mensuelle d'engagement.,4,low,"{""absences_30j"": 3, ""overdue_tasks"": 2, ""mandatory_training_gap"": 0, ""active_projects"": 1}",2025-01-15T10:00:00+00:00
engagement-emp-69-14,emp-69,75,manager_review,engaged,Mesure mensuelle d'engagement.,2,low,"{""absences_30j"": 0, ""overdue_tasks"": 0, ""mandatory_training_gap"": 1, ""active_projects"": 1}",2025-02-15T10:00:00+00:00
engagement-emp-69-15,emp-69,76,survey,stable,Mesure mensuelle d'engagement.,1,low,"{""absences_30j"": 1, ""overdue_tasks"": 0, ""mandatory_training_gap"": 1, ""active_projects"": 3}",2025-03-15T10:00:00+00:00
engagement-emp-69-16,emp-69,72,survey,watch,Mesure mensuelle d'engagement.,-4,low,"{""absences_30j"": 3, ""overdue_tasks"": 2, ""mandatory_training_gap"": 0, ""active_projects"": 3}",2025-04-15T10:00:00+00:00
engagement-emp-69-17,emp-69,76,survey,stable,Mesure mensuelle d'engagement.,4,low,"{""absences_30j"": 0, ""overdue_tasks"": 0, ""mandatory_training_gap"": 1, ""active_projects"": 3}",2025-05-15T10:00:00+00:00
engagement-emp-69-18,emp-69,72,survey,engaged,Mesure mensuelle d'engagement.,-4,low,"{""absences_30j"": 0, ""overdue_tasks"": 3, ""mandatory_training_gap"": 1, ""active_projects"": 2}",2025-06-15T10:00:00+00:00
engagement-emp-69-19,emp-69,74,survey,stable,Mesure mensuelle d'engagement.,2,low,"{""absences_30j"": 1, ""overdue_tasks"": 2, ""mandatory_training_gap"": 0, ""active_projects"": 1}",2025-07-15T10:00:00+00:00
engagement-emp-69-20,emp-69,78,survey,stable,Mesure mensuelle d'engagement.,4,low,"{""absences_30j"": 1, ""overdue_tasks"": 1, ""mandatory_training_gap"": 0, ""active_projects"": 2}",2025-08-15T10:00:00+00:00
engagement-emp-69-21,emp-69,78,pulse,engaged,Mesure mensuelle d'engagement.,0,low,"{""absences_30j"": 1, ""overdue_tasks"": 2, ""mandatory_training_gap"": 1, ""active_projects"": 2}",2025-09-15T10:00:00+00:00
engagement-emp-69-22,emp-69,79,pulse,stable,Mesure mensuelle d'engagement.,1,low,"{""absences_30j"": 3, ""overdue_tasks"": 0, ""mandatory_training_gap"": 1, ""active_projects"": 3}",2025-10-15T10:00:00+00:00
engagement-emp-69-23,emp-69,80,pulse,engaged,Mesure mensuelle d'engagement.,1,low,"{""absences_30j"": 3, ""overdue_tasks"": 3, ""mandatory_training_gap"": 1, ""active_projects"": 2}",2025-11-15T10:00:00+00:00
engagement-emp-69-24,emp-69,78,pulse,boost,Mesure mensuelle d'engagement.,-2,low,"{""absences_30j"": 1, ""overdue_tasks"": 0, ""mandatory_training_gap"": 1, ""active_projects"": 3}",2025-12-15T10:00:00+00:00
engagement-emp-69-25,emp-69,80,survey,engaged,Mesure mensuelle d'engagement.,2,low,"{""absences_30j"": 1, ""overdue_tasks"": 2, ""mandatory_training_gap"": 0, ""active_projects"": 2}",2026-01-15T10:00:00+00:00
engagement-emp-69-26,emp-69,83,survey,stable,Mesure mensuelle d'engagement.,3,low,"{""absences_30j"": 0, ""overdue_tasks"": 1, ""mandatory_training_gap"": 0, ""active_projects"": 3}",2026-02-15T10:00:00+00:00
engagement-emp-69-27,emp-69,82,manager_review,engaged,Mesure mensuelle d'engagement.,-1,low,"{""absences_30j"": 0, ""overdue_tasks"": 3, ""mandatory_training_gap"": 0, ""active_projects"": 2}",2026-03-15T10:00:00+00:00
engagement-emp-69-28,emp-69,79,survey,watch,Mesure mensuelle d'engagement.,-3,low,"{""absences_30j"": 2, ""overdue_tasks"": 1, ""mandatory_training_gap"": 1, ""active_projects"": 2}",2026-04-15T10:00:00+00:00
engagement-emp-69-29,emp-69,81,manager_review,watch,Mesure mensuelle d'engagement.,2,low,"{""absences_30j"": 3, ""overdue_tasks"": 0, ""mandatory_training_gap"": 0, ""active_projects"": 2}",2026-05-15T10:00:00+00:00
engagement-emp-69-30,emp-69,79,pulse,engaged,Mesure mensuelle d'engagement.,-2,low,"{""absences_30j"": 2, ""overdue_tasks"": 1, ""mandatory_training_gap"": 0, ""active_projects"": 3}",2026-06-15T10:00:00+00:00
engagement-emp-70-0,emp-70,59,manager_review,stable,Mesure mensuelle d'engagement.,-4,medium,"{""absences_30j"": 1, ""overdue_tasks"": 3, ""mandatory_training_gap"": 0, ""active_projects"": 1}",2023-06-15T10:00:00+00:00
engagement-emp-70-1,emp-70,59,pulse,engaged,Mesure mensuelle d'engagement.,0,medium,"{""absences_30j"": 0, ""overdue_tasks"": 0, ""mandatory_training_gap"": 1, ""active_projects"": 1}",2023-07-15T10:00:00+00:00
engagement-emp-70-2,emp-70,59,survey,stable,Mesure mensuelle d'engagement.,0,medium,"{""absences_30j"": 0, ""overdue_tasks"": 1, ""mandatory_training_gap"": 1, ""active_projects"": 3}",2023-08-15T10:00:00+00:00
engagement-emp-70-3,emp-70,60,pulse,watch,Mesure mensuelle d'engagement.,1,medium,"{""absences_30j"": 0, ""overdue_tasks"": 1, ""mandatory_training_gap"": 1, ""active_projects"": 1}",2023-09-15T10:00:00+00:00
engagement-emp-70-4,emp-70,60,manager_review,watch,Mesure mensuelle d'engagement.,0,medium,"{""absences_30j"": 2, ""overdue_tasks"": 1, ""mandatory_training_gap"": 1, ""active_projects"": 2}",2023-10-15T10:00:00+00:00
engagement-emp-70-5,emp-70,58,pulse,engaged,Mesure mensuelle d'engagement.,-2,medium,"{""absences_30j"": 3, ""overdue_tasks"": 3, ""mandatory_training_gap"": 0, ""active_projects"": 1}",2023-11-15T10:00:00+00:00
engagement-emp-70-6,emp-70,58,manager_review,boost,Mesure mensuelle d'engagement.,0,medium,"{""absences_30j"": 1, ""overdue_tasks"": 4, ""mandatory_training_gap"": 1, ""active_projects"": 3}",2023-12-15T10:00:00+00:00
engagement-emp-70-7,emp-70,55,manager_review,engaged,Mesure mensuelle d'engagement.,-3,medium,"{""absences_30j"": 0, ""overdue_tasks"": 0, ""mandatory_training_gap"": 0, ""active_projects"": 2}",2024-01-15T10:00:00+00:00
engagement-emp-70-8,emp-70,58,pulse,watch,Mesure mensuelle d'engagement.,3,medium,"{""absences_30j"": 1, ""overdue_tasks"": 3, ""mandatory_training_gap"": 0, ""active_projects"": 2}",2024-02-15T10:00:00+00:00
engagement-emp-70-9,emp-70,55,survey,watch,Mesure mensuelle d'engagement.,-3,medium,"{""absences_30j"": 2, ""overdue_tasks"": 4, ""mandatory_training_gap"": 0, ""active_projects"": 1}",2024-03-15T10:00:00+00:00
engagement-emp-70-10,emp-70,59,pulse,stable,Mesure mensuelle d'engagement.,4,medium,"{""absences_30j"": 3, ""overdue_tasks"": 4, ""mandatory_training_gap"": 1, ""active_projects"": 1}",2024-04-15T10:00:00+00:00
engagement-emp-70-11,emp-70,60,manager_review,watch,Mesure mensuelle d'engagement.,1,medium,"{""absences_30j"": 0, ""overdue_tasks"": 3, ""mandatory_training_gap"": 1, ""active_projects"": 1}",2024-05-15T10:00:00+00:00
engagement-emp-70-12,emp-70,56,survey,boost,Mesure mensuelle d'engagement.,-4,medium,"{""absences_30j"": 2, ""overdue_tasks"": 1, ""mandatory_training_gap"": 1, ""active_projects"": 2}",2024-06-15T10:00:00+00:00
engagement-emp-70-13,emp-70,56,manager_review,engaged,Mesure mensuelle d'engagement.,0,medium,"{""absences_30j"": 0, ""overdue_tasks"": 2, ""mandatory_training_gap"": 0, ""active_projects"": 3}",2024-07-15T10:00:00+00:00
engagement-emp-70-14,emp-70,53,survey,engaged,Mesure mensuelle d'engagement.,-3,high,"{""absences_30j"": 2, ""overdue_tasks"": 2, ""mandatory_training_gap"": 1, ""active_projects"": 1}",2024-08-15T10:00:00+00:00
engagement-emp-70-15,emp-70,49,survey,watch,Mesure mensuelle d'engagement.,-4,high,"{""absences_30j"": 0, ""overdue_tasks"": 2, ""mandatory_training_gap"": 0, ""active_projects"": 1}",2024-09-15T10:00:00+00:00
engagement-emp-70-16,emp-70,49,survey,engaged,Mesure mensuelle d'engagement.,0,high,"{""absences_30j"": 1, ""overdue_tasks"": 1, ""mandatory_training_gap"": 0, ""active_projects"": 3}",2024-10-15T10:00:00+00:00
engagement-emp-70-17,emp-70,52,survey,engaged,Mesure mensuelle d'engagement.,3,high,"{""absences_30j"": 0, ""overdue_tasks"": 4, ""mandatory_training_gap"": 0, ""active_projects"": 1}",2024-11-15T10:00:00+00:00
engagement-emp-70-18,emp-70,55,survey,watch,Mesure mensuelle d'engagement.,3,medium,"{""absences_30j"": 0, ""overdue_tasks"": 4, ""mandatory_training_gap"": 0, ""active_projects"": 2}",2024-12-15T10:00:00+00:00
engagement-emp-70-19,emp-70,55,manager_review,engaged,Mesure mensuelle d'engagement.,0,medium,"{""absences_30j"": 3, ""overdue_tasks"": 4, ""mandatory_training_gap"": 1, ""active_projects"": 2}",2025-01-15T10:00:00+00:00
engagement-emp-70-20,emp-70,53,survey,engaged,Mesure mensuelle d'engagement.,-2,high,"{""absences_30j"": 1, ""overdue_tasks"": 0, ""mandatory_training_gap"": 1, ""active_projects"": 1}",2025-02-15T10:00:00+00:00
engagement-emp-70-21,emp-70,54,pulse,engaged,Mesure mensuelle d'engagement.,1,high,"{""absences_30j"": 0, ""overdue_tasks"": 2, ""mandatory_training_gap"": 0, ""active_projects"": 3}",2025-03-15T10:00:00+00:00
engagement-emp-70-22,emp-70,58,pulse,boost,Mesure mensuelle d'engagement.,4,medium,"{""absences_30j"": 2, ""overdue_tasks"": 3, ""mandatory_training_gap"": 0, ""active_projects"": 3}",2025-04-15T10:00:00+00:00
engagement-emp-70-23,emp-70,62,manager_review,boost,Mesure mensuelle d'engagement.,4,medium,"{""absences_30j"": 2, ""overdue_tasks"": 3, ""mandatory_training_gap"": 1, ""active_projects"": 1}",2025-05-15T10:00:00+00:00
engagement-emp-70-24,emp-70,66,manager_review,stable,Mesure mensuelle d'engagement.,4,medium,"{""absences_30j"": 0, ""overdue_tasks"": 1, ""mandatory_training_gap"": 1, ""active_projects"": 2}",2025-06-15T10:00:00+00:00
engagement-emp-70-25,emp-70,62,pulse,engaged,Mesure mensuelle d'engagement.,-4,medium,"{""absences_30j"": 2, ""overdue_tasks"": 1, ""mandatory_training_gap"": 1, ""active_projects"": 2}",2025-07-15T10:00:00+00:00
engagement-emp-70-26,emp-70,59,survey,boost,Mesure mensuelle d'engagement.,-3,medium,"{""absences_30j"": 3, ""overdue_tasks"": 2, ""mandatory_training_gap"": 0, ""active_projects"": 1}",2025-08-15T10:00:00+00:00
engagement-emp-70-27,emp-70,59,pulse,boost,Mesure mensuelle d'engagement.,0,medium,"{""absences_30j"": 2, ""overdue_tasks"": 0, ""mandatory_training_gap"": 0, ""active_projects"": 2}",2025-09-15T10:00:00+00:00
engagement-emp-70-28,emp-70,57,manager_review,boost,Mesure mensuelle d'engagement.,-2,medium,"{""absences_30j"": 1, ""overdue_tasks"": 1, ""mandatory_training_gap"": 0, ""active_projects"": 2}",2025-10-15T10:00:00+00:00
engagement-emp-70-29,emp-70,54,pulse,boost,Mesure mensuelle d'engagement.,-3,high,"{""absences_30j"": 2, ""overdue_tasks"": 3, ""mandatory_training_gap"": 0, ""active_projects"": 1}",2025-11-15T10:00:00+00:00
engagement-emp-70-30,emp-70,51,survey,watch,Mesure mensuelle d'engagement.,-3,high,"{""absences_30j"": 0, ""overdue_tasks"": 4, ""mandatory_training_gap"": 1, ""active_projects"": 2}",2025-12-15T10:00:00+00:00
engagement-emp-70-31,emp-70,47,manager_review,boost,Mesure mensuelle d'engagement.,-4,high,"{""absences_30j"": 3, ""overdue_tasks"": 3, ""mandatory_training_gap"": 1, ""active_projects"": 3}",2026-01-15T10:00:00+00:00
engagement-emp-70-32,emp-70,50,pulse,stable,Mesure mensuelle d'engagement.,3,high,"{""absences_30j"": 2, ""overdue_tasks"": 2, ""mandatory_training_gap"": 1, ""active_projects"": 1}",2026-02-15T10:00:00+00:00
engagement-emp-70-33,emp-70,48,pulse,boost,Mesure mensuelle d'engagement.,-2,high,"{""absences_30j"": 3, ""overdue_tasks"": 2, ""mandatory_training_gap"": 1, ""active_projects"": 2}",2026-03-15T10:00:00+00:00
engagement-emp-70-34,emp-70,49,manager_review,watch,Mesure mensuelle d'engagement.,1,high,"{""absences_30j"": 1, ""overdue_tasks"": 1, ""mandatory_training_gap"": 0, ""active_projects"": 1}",2026-04-15T10:00:00+00:00
engagement-emp-70-35,emp-70,45,pulse,boost,Mesure mensuelle d'engagement.,-4,high,"{""absences_30j"": 1, ""overdue_tasks"": 0, ""mandatory_training_gap"": 1, ""active_projects"": 3}",2026-05-15T10:00:00+00:00
engagement-emp-70-36,emp-70,45,manager_review,stable,Mesure mensuelle d'engagement.,0,high,"{""absences_30j"": 2, ""overdue_tasks"": 4, ""mandatory_training_gap"": 0, ""active_projects"": 3}",2026-06-15T10:00:00+00:00
engagement-emp-71-0,emp-71,61,manager_review,watch,Mesure mensuelle d'engagement.,0,medium,"{""absences_30j"": 2, ""overdue_tasks"": 2, ""mandatory_training_gap"": 0, ""active_projects"": 3}",2025-12-15T10:00:00+00:00
engagement-emp-71-1,emp-71,64,survey,boost,Mesure mensuelle d'engagement.,3,medium,"{""absences_30j"": 0, ""overdue_tasks"": 3, ""mandatory_training_gap"": 1, ""active_projects"": 1}",2026-01-15T10:00:00+00:00
engagement-emp-71-2,emp-71,65,pulse,stable,Mesure mensuelle d'engagement.,1,medium,"{""absences_30j"": 2, ""overdue_tasks"": 4, ""mandatory_training_gap"": 1, ""active_projects"": 1}",2026-02-15T10:00:00+00:00
engagement-emp-71-3,emp-71,64,manager_review,watch,Mesure mensuelle d'engagement.,-1,medium,"{""absences_30j"": 3, ""overdue_tasks"": 2, ""mandatory_training_gap"": 0, ""active_projects"": 1}",2026-03-15T10:00:00+00:00
engagement-emp-71-4,emp-71,62,manager_review,engaged,Mesure mensuelle d'engagement.,-2,medium,"{""absences_30j"": 1, ""overdue_tasks"": 3, ""mandatory_training_gap"": 1, ""active_projects"": 1}",2026-04-15T10:00:00+00:00
engagement-emp-71-5,emp-71,63,manager_review,engaged,Mesure mensuelle d'engagement.,1,medium,"{""absences_30j"": 1, ""overdue_tasks"": 4, ""mandatory_training_gap"": 0, ""active_projects"": 3}",2026-05-15T10:00:00+00:00
engagement-emp-71-6,emp-71,63,manager_review,boost,Mesure mensuelle d'engagement.,0,medium,"{""absences_30j"": 0, ""overdue_tasks"": 4, ""mandatory_training_gap"": 1, ""active_projects"": 2}",2026-06-15T10:00:00+00:00
engagement-emp-72-0,emp-72,69,pulse,watch,Mesure mensuelle d'engagement.,-2,medium,"{""absences_30j"": 0, ""overdue_tasks"": 4, ""mandatory_training_gap"": 0, ""active_projects"": 1}",2023-06-15T10:00:00+00:00
engagement-emp-72-1,emp-72,66,manager_review,stable,Mesure mensuelle d'engagement.,-3,medium,"{""absences_30j"": 0, ""overdue_tasks"": 0, ""mandatory_training_gap"": 1, ""active_projects"": 3}",2023-07-15T10:00:00+00:00
engagement-emp-72-2,emp-72,62,manager_review,watch,Mesure mensuelle d'engagement.,-4,medium,"{""absences_30j"": 1, ""overdue_tasks"": 3, ""mandatory_training_gap"": 0, ""active_projects"": 3}",2023-08-15T10:00:00+00:00
engagement-emp-72-3,emp-72,66,survey,boost,Mesure mensuelle d'engagement.,4,medium,"{""absences_30j"": 1, ""overdue_tasks"": 1, ""mandatory_training_gap"": 1, ""active_projects"": 2}",2023-09-15T10:00:00+00:00
engagement-emp-72-4,emp-72,64,manager_review,watch,Mesure mensuelle d'engagement.,-2,medium,"{""absences_30j"": 1, ""overdue_tasks"": 4, ""mandatory_training_gap"": 1, ""active_projects"": 1}",2023-10-15T10:00:00+00:00
engagement-emp-72-5,emp-72,66,manager_review,engaged,Mesure mensuelle d'engagement.,2,medium,"{""absences_30j"": 3, ""overdue_tasks"": 0, ""mandatory_training_gap"": 0, ""active_projects"": 2}",2023-11-15T10:00:00+00:00
engagement-emp-72-6,emp-72,63,survey,stable,Mesure mensuelle d'engagement.,-3,medium,"{""absences_30j"": 1, ""overdue_tasks"": 0, ""mandatory_training_gap"": 1, ""active_projects"": 1}",2023-12-15T10:00:00+00:00
engagement-emp-72-7,emp-72,67,pulse,engaged,Mesure mensuelle d'engagement.,4,medium,"{""absences_30j"": 0, ""overdue_tasks"": 4, ""mandatory_training_gap"": 0, ""active_projects"": 2}",2024-01-15T10:00:00+00:00
engagement-emp-72-8,emp-72,67,manager_review,watch,Mesure mensuelle d'engagement.,0,medium,"{""absences_30j"": 0, ""overdue_tasks"": 4, ""mandatory_training_gap"": 1, ""active_projects"": 1}",2024-02-15T10:00:00+00:00
engagement-emp-72-9,emp-72,67,pulse,engaged,Mesure mensuelle d'engagement.,0,medium,"{""absences_30j"": 1, ""overdue_tasks"": 1, ""mandatory_training_gap"": 0, ""active_projects"": 3}",2024-03-15T10:00:00+00:00
engagement-emp-72-10,emp-72,67,pulse,engaged,Mesure mensuelle d'engagement.,0,medium,"{""absences_30j"": 2, ""overdue_tasks"": 3, ""mandatory_training_gap"": 1, ""active_projects"": 1}",2024-04-15T10:00:00+00:00
engagement-emp-72-11,emp-72,67,survey,stable,Mesure mensuelle d'engagement.,0,medium,"{""absences_30j"": 3, ""overdue_tasks"": 2, ""mandatory_training_gap"": 1, ""active_projects"": 1}",2024-05-15T10:00:00+00:00
engagement-emp-72-12,emp-72,71,pulse,stable,Mesure mensuelle d'engagement.,4,medium,"{""absences_30j"": 1, ""overdue_tasks"": 0, ""mandatory_training_gap"": 0, ""active_projects"": 1}",2024-06-15T10:00:00+00:00
engagement-emp-72-13,emp-72,73,survey,boost,Mesure mensuelle d'engagement.,2,low,"{""absences_30j"": 0, ""overdue_tasks"": 0, ""mandatory_training_gap"": 1, ""active_projects"": 2}",2024-07-15T10:00:00+00:00
engagement-emp-72-14,emp-72,71,pulse,stable,Mesure mensuelle d'engagement.,-2,medium,"{""absences_30j"": 1, ""overdue_tasks"": 4, ""mandatory_training_gap"": 0, ""active_projects"": 2}",2024-08-15T10:00:00+00:00
engagement-emp-72-15,emp-72,67,survey,engaged,Mesure mensuelle d'engagement.,-4,medium,"{""absences_30j"": 1, ""overdue_tasks"": 3, ""mandatory_training_gap"": 1, ""active_projects"": 1}",2024-09-15T10:00:00+00:00
engagement-emp-72-16,emp-72,70,pulse,watch,Mesure mensuelle d'engagement.,3,medium,"{""absences_30j"": 1, ""overdue_tasks"": 3, ""mandatory_training_gap"": 1, ""active_projects"": 1}",2024-10-15T10:00:00+00:00
engagement-emp-72-17,emp-72,70,survey,stable,Mesure mensuelle d'engagement.,0,medium,"{""absences_30j"": 2, ""overdue_tasks"": 1, ""mandatory_training_gap"": 1, ""active_projects"": 2}",2024-11-15T10:00:00+00:00
engagement-emp-72-18,emp-72,72,pulse,watch,Mesure mensuelle d'engagement.,2,low,"{""absences_30j"": 3, ""overdue_tasks"": 4, ""mandatory_training_gap"": 1, ""active_projects"": 2}",2024-12-15T10:00:00+00:00
engagement-emp-72-19,emp-72,71,pulse,boost,Mesure mensuelle d'engagement.,-1,medium,"{""absences_30j"": 3, ""overdue_tasks"": 1, ""mandatory_training_gap"": 0, ""active_projects"": 3}",2025-01-15T10:00:00+00:00
engagement-emp-72-20,emp-72,71,survey,engaged,Mesure mensuelle d'engagement.,0,medium,"{""absences_30j"": 1, ""overdue_tasks"": 2, ""mandatory_training_gap"": 0, ""active_projects"": 1}",2025-02-15T10:00:00+00:00
engagement-emp-72-21,emp-72,68,manager_review,engaged,Mesure mensuelle d'engagement.,-3,medium,"{""absences_30j"": 1, ""overdue_tasks"": 0, ""mandatory_training_gap"": 0, ""active_projects"": 2}",2025-03-15T10:00:00+00:00
engagement-emp-72-22,emp-72,66,pulse,stable,Mesure mensuelle d'engagement.,-2,medium,"{""absences_30j"": 0, ""overdue_tasks"": 3, ""mandatory_training_gap"": 1, ""active_projects"": 1}",2025-04-15T10:00:00+00:00
engagement-emp-72-23,emp-72,65,manager_review,boost,Mesure mensuelle d'engagement.,-1,medium,"{""absences_30j"": 1, ""overdue_tasks"": 1, ""mandatory_training_gap"": 0, ""active_projects"": 1}",2025-05-15T10:00:00+00:00
engagement-emp-72-24,emp-72,65,manager_review,boost,Mesure mensuelle d'engagement.,0,medium,"{""absences_30j"": 1, ""overdue_tasks"": 3, ""mandatory_training_gap"": 1, ""active_projects"": 1}",2025-06-15T10:00:00+00:00
engagement-emp-72-25,emp-72,64,manager_review,engaged,Mesure mensuelle d'engagement.,-1,medium,"{""absences_30j"": 3, ""overdue_tasks"": 4, ""mandatory_training_gap"": 0, ""active_projects"": 2}",2025-07-15T10:00:00+00:00
engagement-emp-72-26,emp-72,68,manager_review,stable,Mesure mensuelle d'engagement.,4,medium,"{""absences_30j"": 2, ""overdue_tasks"": 3, ""mandatory_training_gap"": 0, ""active_projects"": 1}",2025-08-15T10:00:00+00:00
engagement-emp-72-27,emp-72,69,pulse,watch,Mesure mensuelle d'engagement.,1,medium,"{""absences_30j"": 3, ""overdue_tasks"": 2, ""mandatory_training_gap"": 0, ""active_projects"": 1}",2025-09-15T10:00:00+00:00
engagement-emp-72-28,emp-72,71,pulse,engaged,Mesure mensuelle d'engagement.,2,medium,"{""absences_30j"": 2, ""overdue_tasks"": 1, ""mandatory_training_gap"": 0, ""active_projects"": 3}",2025-10-15T10:00:00+00:00
engagement-emp-72-29,emp-72,70,survey,boost,Mesure mensuelle d'engagement.,-1,medium,"{""absences_30j"": 2, ""overdue_tasks"": 1, ""mandatory_training_gap"": 0, ""active_projects"": 3}",2025-11-15T10:00:00+00:00
engagement-emp-72-30,emp-72,68,survey,stable,Mesure mensuelle d'engagement.,-2,medium,"{""absences_30j"": 1, ""overdue_tasks"": 1, ""mandatory_training_gap"": 1, ""active_projects"": 3}",2025-12-15T10:00:00+00:00
engagement-emp-72-31,emp-72,66,pulse,stable,Mesure mensuelle d'engagement.,-2,medium,"{""absences_30j"": 2, ""overdue_tasks"": 4, ""mandatory_training_gap"": 1, ""active_projects"": 3}",2026-01-15T10:00:00+00:00
engagement-emp-72-32,emp-72,66,pulse,stable,Mesure mensuelle d'engagement.,0,medium,"{""absences_30j"": 2, ""overdue_tasks"": 4, ""mandatory_training_gap"": 1, ""active_projects"": 1}",2026-02-15T10:00:00+00:00
engagement-emp-72-33,emp-72,62,survey,engaged,Mesure mensuelle d'engagement.,-4,medium,"{""absences_30j"": 3, ""overdue_tasks"": 2, ""mandatory_training_gap"": 1, ""active_projects"": 2}",2026-03-15T10:00:00+00:00
engagement-emp-72-34,emp-72,66,survey,watch,Mesure mensuelle d'engagement.,4,medium,"{""absences_30j"": 3, ""overdue_tasks"": 2, ""mandatory_training_gap"": 0, ""active_projects"": 3}",2026-04-15T10:00:00+00:00
engagement-emp-72-35,emp-72,63,pulse,stable,Mesure mensuelle d'engagement.,-3,medium,"{""absences_30j"": 2, ""overdue_tasks"": 2, ""mandatory_training_gap"": 1, ""active_projects"": 1}",2026-05-15T10:00:00+00:00
engagement-emp-72-36,emp-72,66,survey,boost,Mesure mensuelle d'engagement.,3,medium,"{""absences_30j"": 0, ""overdue_tasks"": 0, ""mandatory_training_gap"": 0, ""active_projects"": 3}",2026-06-15T10:00:00+00:00
engagement-emp-73-0,emp-73,70,pulse,boost,Mesure mensuelle d'engagement.,4,medium,"{""absences_30j"": 2, ""overdue_tasks"": 0, ""mandatory_training_gap"": 1, ""active_projects"": 3}",2025-12-15T10:00:00+00:00
engagement-emp-73-1,emp-73,74,pulse,boost,Mesure mensuelle d'engagement.,4,low,"{""absences_30j"": 3, ""overdue_tasks"": 0, ""mandatory_training_gap"": 0, ""active_projects"": 3}",2026-01-15T10:00:00+00:00
engagement-emp-73-2,emp-73,73,manager_review,boost,Mesure mensuelle d'engagement.,-1,low,"{""absences_30j"": 0, ""overdue_tasks"": 4, ""mandatory_training_gap"": 0, ""active_projects"": 2}",2026-02-15T10:00:00+00:00
engagement-emp-73-3,emp-73,77,pulse,engaged,Mesure mensuelle d'engagement.,4,low,"{""absences_30j"": 3, ""overdue_tasks"": 2, ""mandatory_training_gap"": 0, ""active_projects"": 1}",2026-03-15T10:00:00+00:00
engagement-emp-73-4,emp-73,80,pulse,stable,Mesure mensuelle d'engagement.,3,low,"{""absences_30j"": 2, ""overdue_tasks"": 2, ""mandatory_training_gap"": 0, ""active_projects"": 2}",2026-04-15T10:00:00+00:00
engagement-emp-73-5,emp-73,84,survey,engaged,Mesure mensuelle d'engagement.,4,low,"{""absences_30j"": 3, ""overdue_tasks"": 3, ""mandatory_training_gap"": 1, ""active_projects"": 2}",2026-05-15T10:00:00+00:00
engagement-emp-73-6,emp-73,82,pulse,watch,Mesure mensuelle d'engagement.,-2,low,"{""absences_30j"": 2, ""overdue_tasks"": 2, ""mandatory_training_gap"": 1, ""active_projects"": 1}",2026-06-15T10:00:00+00:00
engagement-emp-74-0,emp-74,65,manager_review,boost,Mesure mensuelle d'engagement.,3,medium,"{""absences_30j"": 0, ""overdue_tasks"": 3, ""mandatory_training_gap"": 1, ""active_projects"": 1}",2023-12-15T10:00:00+00:00
engagement-emp-74-1,emp-74,64,survey,boost,Mesure mensuelle d'engagement.,-1,medium,"{""absences_30j"": 2, ""overdue_tasks"": 1, ""mandatory_training_gap"": 1, ""active_projects"": 2}",2024-01-15T10:00:00+00:00
engagement-emp-74-2,emp-74,61,manager_review,boost,Mesure mensuelle d'engagement.,-3,medium,"{""absences_30j"": 3, ""overdue_tasks"": 4, ""mandatory_training_gap"": 0, ""active_projects"": 3}",2024-02-15T10:00:00+00:00
engagement-emp-74-3,emp-74,60,manager_review,engaged,Mesure mensuelle d'engagement.,-1,medium,"{""absences_30j"": 2, ""overdue_tasks"": 4, ""mandatory_training_gap"": 1, ""active_projects"": 3}",2024-03-15T10:00:00+00:00
engagement-emp-74-4,emp-74,59,pulse,watch,Mesure mensuelle d'engagement.,-1,medium,"{""absences_30j"": 0, ""overdue_tasks"": 2, ""mandatory_training_gap"": 0, ""active_projects"": 3}",2024-04-15T10:00:00+00:00
engagement-emp-74-5,emp-74,63,pulse,watch,Mesure mensuelle d'engagement.,4,medium,"{""absences_30j"": 0, ""overdue_tasks"": 1, ""mandatory_training_gap"": 0, ""active_projects"": 3}",2024-05-15T10:00:00+00:00
engagement-emp-74-6,emp-74,64,survey,stable,Mesure mensuelle d'engagement.,1,medium,"{""absences_30j"": 1, ""overdue_tasks"": 0, ""mandatory_training_gap"": 1, ""active_projects"": 1}",2024-06-15T10:00:00+00:00
engagement-emp-74-7,emp-74,63,survey,engaged,Mesure mensuelle d'engagement.,-1,medium,"{""absences_30j"": 0, ""overdue_tasks"": 4, ""mandatory_training_gap"": 1, ""active_projects"": 1}",2024-07-15T10:00:00+00:00
engagement-emp-74-8,emp-74,64,manager_review,watch,Mesure mensuelle d'engagement.,1,medium,"{""absences_30j"": 1, ""overdue_tasks"": 4, ""mandatory_training_gap"": 1, ""active_projects"": 1}",2024-08-15T10:00:00+00:00
engagement-emp-74-9,emp-74,65,survey,boost,Mesure mensuelle d'engagement.,1,medium,"{""absences_30j"": 2, ""overdue_tasks"": 2, ""mandatory_training_gap"": 1, ""active_projects"": 1}",2024-09-15T10:00:00+00:00
engagement-emp-74-10,emp-74,68,pulse,boost,Mesure mensuelle d'engagement.,3,medium,"{""absences_30j"": 0, ""overdue_tasks"": 1, ""mandatory_training_gap"": 1, ""active_projects"": 1}",2024-10-15T10:00:00+00:00
engagement-emp-74-11,emp-74,71,pulse,engaged,Mesure mensuelle d'engagement.,3,medium,"{""absences_30j"": 0, ""overdue_tasks"": 3, ""mandatory_training_gap"": 1, ""active_projects"": 3}",2024-11-15T10:00:00+00:00
engagement-emp-74-12,emp-74,68,pulse,boost,Mesure mensuelle d'engagement.,-3,medium,"{""absences_30j"": 2, ""overdue_tasks"": 0, ""mandatory_training_gap"": 1, ""active_projects"": 1}",2024-12-15T10:00:00+00:00
engagement-emp-74-13,emp-74,64,manager_review,watch,Mesure mensuelle d'engagement.,-4,medium,"{""absences_30j"": 2, ""overdue_tasks"": 4, ""mandatory_training_gap"": 0, ""active_projects"": 2}",2025-01-15T10:00:00+00:00
engagement-emp-74-14,emp-74,64,manager_review,engaged,Mesure mensuelle d'engagement.,0,medium,"{""absences_30j"": 0, ""overdue_tasks"": 3, ""mandatory_training_gap"": 1, ""active_projects"": 1}",2025-02-15T10:00:00+00:00
engagement-emp-74-15,emp-74,63,pulse,boost,Mesure mensuelle d'engagement.,-1,medium,"{""absences_30j"": 0, ""overdue_tasks"": 0, ""mandatory_training_gap"": 0, ""active_projects"": 1}",2025-03-15T10:00:00+00:00
engagement-emp-74-16,emp-74,66,pulse,boost,Mesure mensuelle d'engagement.,3,medium,"{""absences_30j"": 3, ""overdue_tasks"": 3, ""mandatory_training_gap"": 1, ""active_projects"": 2}",2025-04-15T10:00:00+00:00
engagement-emp-74-17,emp-74,65,pulse,engaged,Mesure mensuelle d'engagement.,-1,medium,"{""absences_30j"": 0, ""overdue_tasks"": 2, ""mandatory_training_gap"": 1, ""active_projects"": 1}",2025-05-15T10:00:00+00:00
engagement-emp-74-18,emp-74,69,survey,boost,Mesure mensuelle d'engagement.,4,medium,"{""absences_30j"": 1, ""overdue_tasks"": 2, ""mandatory_training_gap"": 1, ""active_projects"": 2}",2025-06-15T10:00:00+00:00
engagement-emp-74-19,emp-74,68,survey,engaged,Mesure mensuelle d'engagement.,-1,medium,"{""absences_30j"": 1, ""overdue_tasks"": 0, ""mandatory_training_gap"": 0, ""active_projects"": 3}",2025-07-15T10:00:00+00:00
engagement-emp-74-20,emp-74,68,survey,engaged,Mesure mensuelle d'engagement.,0,medium,"{""absences_30j"": 0, ""overdue_tasks"": 3, ""mandatory_training_gap"": 1, ""active_projects"": 2}",2025-08-15T10:00:00+00:00
engagement-emp-74-21,emp-74,65,pulse,boost,Mesure mensuelle d'engagement.,-3,medium,"{""absences_30j"": 0, ""overdue_tasks"": 1, ""mandatory_training_gap"": 1, ""active_projects"": 2}",2025-09-15T10:00:00+00:00
engagement-emp-74-22,emp-74,65,pulse,stable,Mesure mensuelle d'engagement.,0,medium,"{""absences_30j"": 3, ""overdue_tasks"": 3, ""mandatory_training_gap"": 0, ""active_projects"": 3}",2025-10-15T10:00:00+00:00
engagement-emp-74-23,emp-74,61,pulse,boost,Mesure mensuelle d'engagement.,-4,medium,"{""absences_30j"": 1, ""overdue_tasks"": 3, ""mandatory_training_gap"": 1, ""active_projects"": 1}",2025-11-15T10:00:00+00:00
engagement-emp-74-24,emp-74,59,pulse,watch,Mesure mensuelle d'engagement.,-2,medium,"{""absences_30j"": 0, ""overdue_tasks"": 2, ""mandatory_training_gap"": 0, ""active_projects"": 2}",2025-12-15T10:00:00+00:00
engagement-emp-74-25,emp-74,57,manager_review,watch,Mesure mensuelle d'engagement.,-2,medium,"{""absences_30j"": 1, ""overdue_tasks"": 0, ""mandatory_training_gap"": 0, ""active_projects"": 3}",2026-01-15T10:00:00+00:00
engagement-emp-74-26,emp-74,53,survey,boost,Mesure mensuelle d'engagement.,-4,high,"{""absences_30j"": 1, ""overdue_tasks"": 3, ""mandatory_training_gap"": 1, ""active_projects"": 2}",2026-02-15T10:00:00+00:00
engagement-emp-74-27,emp-74,56,manager_review,watch,Mesure mensuelle d'engagement.,3,medium,"{""absences_30j"": 0, ""overdue_tasks"": 3, ""mandatory_training_gap"": 0, ""active_projects"": 3}",2026-03-15T10:00:00+00:00
engagement-emp-74-28,emp-74,53,survey,watch,Mesure mensuelle d'engagement.,-3,high,"{""absences_30j"": 2, ""overdue_tasks"": 2, ""mandatory_training_gap"": 1, ""active_projects"": 3}",2026-04-15T10:00:00+00:00
engagement-emp-74-29,emp-74,54,manager_review,boost,Mesure mensuelle d'engagement.,1,high,"{""absences_30j"": 2, ""overdue_tasks"": 3, ""mandatory_training_gap"": 1, ""active_projects"": 2}",2026-05-15T10:00:00+00:00
engagement-emp-74-30,emp-74,57,survey,watch,Mesure mensuelle d'engagement.,3,medium,"{""absences_30j"": 1, ""overdue_tasks"": 1, ""mandatory_training_gap"": 0, ""active_projects"": 2}",2026-06-15T10:00:00+00:00
engagement-emp-75-0,emp-75,82,survey,boost,Mesure mensuelle d'engagement.,2,low,"{""absences_30j"": 3, ""overdue_tasks"": 4, ""mandatory_training_gap"": 0, ""active_projects"": 2}",2023-06-15T10:00:00+00:00
engagement-emp-75-1,emp-75,81,manager_review,watch,Mesure mensuelle d'engagement.,-1,low,"{""absences_30j"": 2, ""overdue_tasks"": 3, ""mandatory_training_gap"": 0, ""active_projects"": 2}",2023-07-15T10:00:00+00:00
engagement-emp-75-2,emp-75,78,survey,watch,Mesure mensuelle d'engagement.,-3,low,"{""absences_30j"": 2, ""overdue_tasks"": 3, ""mandatory_training_gap"": 0, ""active_projects"": 3}",2023-08-15T10:00:00+00:00
engagement-emp-75-3,emp-75,76,pulse,boost,Mesure mensuelle d'engagement.,-2,low,"{""absences_30j"": 3, ""overdue_tasks"": 1, ""mandatory_training_gap"": 1, ""active_projects"": 3}",2023-09-15T10:00:00+00:00
engagement-emp-75-4,emp-75,76,survey,watch,Mesure mensuelle d'engagement.,0,low,"{""absences_30j"": 0, ""overdue_tasks"": 0, ""mandatory_training_gap"": 0, ""active_projects"": 1}",2023-10-15T10:00:00+00:00
engagement-emp-75-5,emp-75,72,manager_review,engaged,Mesure mensuelle d'engagement.,-4,low,"{""absences_30j"": 0, ""overdue_tasks"": 0, ""mandatory_training_gap"": 1, ""active_projects"": 2}",2023-11-15T10:00:00+00:00
engagement-emp-75-6,emp-75,68,survey,stable,Mesure mensuelle d'engagement.,-4,medium,"{""absences_30j"": 2, ""overdue_tasks"": 2, ""mandatory_training_gap"": 1, ""active_projects"": 2}",2023-12-15T10:00:00+00:00
engagement-emp-75-7,emp-75,66,manager_review,engaged,Mesure mensuelle d'engagement.,-2,medium,"{""absences_30j"": 1, ""overdue_tasks"": 2, ""mandatory_training_gap"": 1, ""active_projects"": 1}",2024-01-15T10:00:00+00:00
engagement-emp-75-8,emp-75,64,pulse,watch,Mesure mensuelle d'engagement.,-2,medium,"{""absences_30j"": 0, ""overdue_tasks"": 1, ""mandatory_training_gap"": 0, ""active_projects"": 2}",2024-02-15T10:00:00+00:00
engagement-emp-75-9,emp-75,65,survey,boost,Mesure mensuelle d'engagement.,1,medium,"{""absences_30j"": 2, ""overdue_tasks"": 1, ""mandatory_training_gap"": 0, ""active_projects"": 2}",2024-03-15T10:00:00+00:00
engagement-emp-75-10,emp-75,69,manager_review,stable,Mesure mensuelle d'engagement.,4,medium,"{""absences_30j"": 2, ""overdue_tasks"": 4, ""mandatory_training_gap"": 1, ""active_projects"": 2}",2024-04-15T10:00:00+00:00
engagement-emp-75-11,emp-75,67,pulse,watch,Mesure mensuelle d'engagement.,-2,medium,"{""absences_30j"": 1, ""overdue_tasks"": 1, ""mandatory_training_gap"": 0, ""active_projects"": 1}",2024-05-15T10:00:00+00:00
engagement-emp-75-12,emp-75,65,pulse,watch,Mesure mensuelle d'engagement.,-2,medium,"{""absences_30j"": 3, ""overdue_tasks"": 3, ""mandatory_training_gap"": 0, ""active_projects"": 3}",2024-06-15T10:00:00+00:00
engagement-emp-75-13,emp-75,69,manager_review,engaged,Mesure mensuelle d'engagement.,4,medium,"{""absences_30j"": 1, ""overdue_tasks"": 1, ""mandatory_training_gap"": 0, ""active_projects"": 2}",2024-07-15T10:00:00+00:00
engagement-emp-75-14,emp-75,68,manager_review,stable,Mesure mensuelle d'engagement.,-1,medium,"{""absences_30j"": 0, ""overdue_tasks"": 2, ""mandatory_training_gap"": 1, ""active_projects"": 3}",2024-08-15T10:00:00+00:00
engagement-emp-75-15,emp-75,67,survey,engaged,Mesure mensuelle d'engagement.,-1,medium,"{""absences_30j"": 2, ""overdue_tasks"": 4, ""mandatory_training_gap"": 1, ""active_projects"": 3}",2024-09-15T10:00:00+00:00
engagement-emp-75-16,emp-75,70,survey,boost,Mesure mensuelle d'engagement.,3,medium,"{""absences_30j"": 1, ""overdue_tasks"": 0, ""mandatory_training_gap"": 0, ""active_projects"": 3}",2024-10-15T10:00:00+00:00
engagement-emp-75-17,emp-75,69,manager_review,boost,Mesure mensuelle d'engagement.,-1,medium,"{""absences_30j"": 1, ""overdue_tasks"": 2, ""mandatory_training_gap"": 0, ""active_projects"": 2}",2024-11-15T10:00:00+00:00
engagement-emp-75-18,emp-75,73,pulse,boost,Mesure mensuelle d'engagement.,4,low,"{""absences_30j"": 1, ""overdue_tasks"": 3, ""mandatory_training_gap"": 0, ""active_projects"": 3}",2024-12-15T10:00:00+00:00
engagement-emp-75-19,emp-75,77,pulse,boost,Mesure mensuelle d'engagement.,4,low,"{""absences_30j"": 1, ""overdue_tasks"": 4, ""mandatory_training_gap"": 0, ""active_projects"": 3}",2025-01-15T10:00:00+00:00
engagement-emp-75-20,emp-75,78,survey,stable,Mesure mensuelle d'engagement.,1,low,"{""absences_30j"": 2, ""overdue_tasks"": 3, ""mandatory_training_gap"": 0, ""active_projects"": 3}",2025-02-15T10:00:00+00:00
engagement-emp-75-21,emp-75,77,manager_review,engaged,Mesure mensuelle d'engagement.,-1,low,"{""absences_30j"": 1, ""overdue_tasks"": 1, ""mandatory_training_gap"": 1, ""active_projects"": 3}",2025-03-15T10:00:00+00:00
engagement-emp-75-22,emp-75,80,manager_review,engaged,Mesure mensuelle d'engagement.,3,low,"{""absences_30j"": 3, ""overdue_tasks"": 2, ""mandatory_training_gap"": 0, ""active_projects"": 3}",2025-04-15T10:00:00+00:00
engagement-emp-75-23,emp-75,81,pulse,engaged,Mesure mensuelle d'engagement.,1,low,"{""absences_30j"": 3, ""overdue_tasks"": 0, ""mandatory_training_gap"": 0, ""active_projects"": 1}",2025-05-15T10:00:00+00:00
engagement-emp-75-24,emp-75,80,pulse,watch,Mesure mensuelle d'engagement.,-1,low,"{""absences_30j"": 1, ""overdue_tasks"": 3, ""mandatory_training_gap"": 0, ""active_projects"": 3}",2025-06-15T10:00:00+00:00
engagement-emp-75-25,emp-75,79,pulse,engaged,Mesure mensuelle d'engagement.,-1,low,"{""absences_30j"": 0, ""overdue_tasks"": 1, ""mandatory_training_gap"": 1, ""active_projects"": 1}",2025-07-15T10:00:00+00:00
engagement-emp-75-26,emp-75,79,pulse,stable,Mesure mensuelle d'engagement.,0,low,"{""absences_30j"": 0, ""overdue_tasks"": 1, ""mandatory_training_gap"": 0, ""active_projects"": 3}",2025-08-15T10:00:00+00:00
engagement-emp-75-27,emp-75,81,manager_review,engaged,Mesure mensuelle d'engagement.,2,low,"{""absences_30j"": 3, ""overdue_tasks"": 2, ""mandatory_training_gap"": 1, ""active_projects"": 2}",2025-09-15T10:00:00+00:00
engagement-emp-75-28,emp-75,83,manager_review,watch,Mesure mensuelle d'engagement.,2,low,"{""absences_30j"": 0, ""overdue_tasks"": 3, ""mandatory_training_gap"": 1, ""active_projects"": 1}",2025-10-15T10:00:00+00:00
engagement-emp-75-29,emp-75,81,manager_review,boost,Mesure mensuelle d'engagement.,-2,low,"{""absences_30j"": 0, ""overdue_tasks"": 4, ""mandatory_training_gap"": 1, ""active_projects"": 3}",2025-11-15T10:00:00+00:00
engagement-emp-75-30,emp-75,84,manager_review,stable,Mesure mensuelle d'engagement.,3,low,"{""absences_30j"": 2, ""overdue_tasks"": 0, ""mandatory_training_gap"": 1, ""active_projects"": 1}",2025-12-15T10:00:00+00:00
engagement-emp-75-31,emp-75,87,manager_review,boost,Mesure mensuelle d'engagement.,3,low,"{""absences_30j"": 2, ""overdue_tasks"": 0, ""mandatory_training_gap"": 1, ""active_projects"": 3}",2026-01-15T10:00:00+00:00
engagement-emp-75-32,emp-75,90,survey,stable,Mesure mensuelle d'engagement.,3,low,"{""absences_30j"": 3, ""overdue_tasks"": 0, ""mandatory_training_gap"": 0, ""active_projects"": 3}",2026-02-15T10:00:00+00:00
engagement-emp-75-33,emp-75,89,survey,boost,Mesure mensuelle d'engagement.,-1,low,"{""absences_30j"": 2, ""overdue_tasks"": 0, ""mandatory_training_gap"": 0, ""active_projects"": 2}",2026-03-15T10:00:00+00:00
engagement-emp-75-34,emp-75,86,survey,engaged,Mesure mensuelle d'engagement.,-3,low,"{""absences_30j"": 2, ""overdue_tasks"": 2, ""mandatory_training_gap"": 0, ""active_projects"": 1}",2026-04-15T10:00:00+00:00
engagement-emp-75-35,emp-75,83,manager_review,stable,Mesure mensuelle d'engagement.,-3,low,"{""absences_30j"": 1, ""overdue_tasks"": 0, ""mandatory_training_gap"": 1, ""active_projects"": 1}",2026-05-15T10:00:00+00:00
engagement-emp-75-36,emp-75,84,manager_review,watch,Mesure mensuelle d'engagement.,1,low,"{""absences_30j"": 3, ""overdue_tasks"": 2, ""mandatory_training_gap"": 0, ""active_projects"": 3}",2026-06-15T10:00:00+00:00
engagement-emp-76-0,emp-76,71,survey,boost,Mesure mensuelle d'engagement.,4,medium,"{""absences_30j"": 3, ""overdue_tasks"": 1, ""mandatory_training_gap"": 0, ""active_projects"": 2}",2023-06-15T10:00:00+00:00
engagement-emp-76-1,emp-76,67,manager_review,engaged,Mesure mensuelle d'engagement.,-4,medium,"{""absences_30j"": 3, ""overdue_tasks"": 3, ""mandatory_training_gap"": 0, ""active_projects"": 1}",2023-07-15T10:00:00+00:00
engagement-emp-76-2,emp-76,67,survey,watch,Mesure mensuelle d'engagement.,0,medium,"{""absences_30j"": 2, ""overdue_tasks"": 1, ""mandatory_training_gap"": 0, ""active_projects"": 1}",2023-08-15T10:00:00+00:00
engagement-emp-76-3,emp-76,68,survey,engaged,Mesure mensuelle d'engagement.,1,medium,"{""absences_30j"": 1, ""overdue_tasks"": 1, ""mandatory_training_gap"": 0, ""active_projects"": 2}",2023-09-15T10:00:00+00:00
engagement-emp-76-4,emp-76,72,pulse,stable,Mesure mensuelle d'engagement.,4,low,"{""absences_30j"": 2, ""overdue_tasks"": 2, ""mandatory_training_gap"": 0, ""active_projects"": 3}",2023-10-15T10:00:00+00:00
engagement-emp-76-5,emp-76,76,pulse,boost,Mesure mensuelle d'engagement.,4,low,"{""absences_30j"": 1, ""overdue_tasks"": 1, ""mandatory_training_gap"": 1, ""active_projects"": 3}",2023-11-15T10:00:00+00:00
engagement-emp-76-6,emp-76,75,pulse,stable,Mesure mensuelle d'engagement.,-1,low,"{""absences_30j"": 3, ""overdue_tasks"": 2, ""mandatory_training_gap"": 1, ""active_projects"": 3}",2023-12-15T10:00:00+00:00
engagement-emp-76-7,emp-76,76,pulse,boost,Mesure mensuelle d'engagement.,1,low,"{""absences_30j"": 2, ""overdue_tasks"": 0, ""mandatory_training_gap"": 0, ""active_projects"": 3}",2024-01-15T10:00:00+00:00
engagement-emp-76-8,emp-76,77,pulse,engaged,Mesure mensuelle d'engagement.,1,low,"{""absences_30j"": 3, ""overdue_tasks"": 1, ""mandatory_training_gap"": 1, ""active_projects"": 2}",2024-02-15T10:00:00+00:00
engagement-emp-76-9,emp-76,74,pulse,watch,Mesure mensuelle d'engagement.,-3,low,"{""absences_30j"": 0, ""overdue_tasks"": 2, ""mandatory_training_gap"": 1, ""active_projects"": 2}",2024-03-15T10:00:00+00:00
engagement-emp-76-10,emp-76,72,manager_review,watch,Mesure mensuelle d'engagement.,-2,low,"{""absences_30j"": 1, ""overdue_tasks"": 4, ""mandatory_training_gap"": 1, ""active_projects"": 2}",2024-04-15T10:00:00+00:00
engagement-emp-76-11,emp-76,75,survey,boost,Mesure mensuelle d'engagement.,3,low,"{""absences_30j"": 0, ""overdue_tasks"": 1, ""mandatory_training_gap"": 1, ""active_projects"": 3}",2024-05-15T10:00:00+00:00
engagement-emp-76-12,emp-76,71,survey,engaged,Mesure mensuelle d'engagement.,-4,medium,"{""absences_30j"": 2, ""overdue_tasks"": 3, ""mandatory_training_gap"": 0, ""active_projects"": 1}",2024-06-15T10:00:00+00:00
engagement-emp-76-13,emp-76,71,pulse,stable,Mesure mensuelle d'engagement.,0,medium,"{""absences_30j"": 2, ""overdue_tasks"": 2, ""mandatory_training_gap"": 1, ""active_projects"": 2}",2024-07-15T10:00:00+00:00
engagement-emp-76-14,emp-76,70,manager_review,engaged,Mesure mensuelle d'engagement.,-1,medium,"{""absences_30j"": 1, ""overdue_tasks"": 4, ""mandatory_training_gap"": 1, ""active_projects"": 1}",2024-08-15T10:00:00+00:00
engagement-emp-76-15,emp-76,67,manager_review,engaged,Mesure mensuelle d'engagement.,-3,medium,"{""absences_30j"": 2, ""overdue_tasks"": 1, ""mandatory_training_gap"": 1, ""active_projects"": 1}",2024-09-15T10:00:00+00:00
engagement-emp-76-16,emp-76,68,survey,engaged,Mesure mensuelle d'engagement.,1,medium,"{""absences_30j"": 1, ""overdue_tasks"": 4, ""mandatory_training_gap"": 1, ""active_projects"": 1}",2024-10-15T10:00:00+00:00
engagement-emp-76-17,emp-76,65,manager_review,watch,Mesure mensuelle d'engagement.,-3,medium,"{""absences_30j"": 1, ""overdue_tasks"": 1, ""mandatory_training_gap"": 0, ""active_projects"": 3}",2024-11-15T10:00:00+00:00
engagement-emp-76-18,emp-76,63,pulse,boost,Mesure mensuelle d'engagement.,-2,medium,"{""absences_30j"": 1, ""overdue_tasks"": 0, ""mandatory_training_gap"": 1, ""active_projects"": 3}",2024-12-15T10:00:00+00:00
engagement-emp-76-19,emp-76,60,survey,boost,Mesure mensuelle d'engagement.,-3,medium,"{""absences_30j"": 3, ""overdue_tasks"": 1, ""mandatory_training_gap"": 0, ""active_projects"": 3}",2025-01-15T10:00:00+00:00
engagement-emp-76-20,emp-76,57,pulse,engaged,Mesure mensuelle d'engagement.,-3,medium,"{""absences_30j"": 2, ""overdue_tasks"": 3, ""mandatory_training_gap"": 0, ""active_projects"": 1}",2025-02-15T10:00:00+00:00
engagement-emp-76-21,emp-76,56,survey,stable,Mesure mensuelle d'engagement.,-1,medium,"{""absences_30j"": 0, ""overdue_tasks"": 1, ""mandatory_training_gap"": 0, ""active_projects"": 3}",2025-03-15T10:00:00+00:00
engagement-emp-76-22,emp-76,58,manager_review,stable,Mesure mensuelle d'engagement.,2,medium,"{""absences_30j"": 3, ""overdue_tasks"": 3, ""mandatory_training_gap"": 0, ""active_projects"": 1}",2025-04-15T10:00:00+00:00
engagement-emp-76-23,emp-76,55,pulse,engaged,Mesure mensuelle d'engagement.,-3,medium,"{""absences_30j"": 2, ""overdue_tasks"": 2, ""mandatory_training_gap"": 0, ""active_projects"": 1}",2025-05-15T10:00:00+00:00
engagement-emp-76-24,emp-76,56,manager_review,stable,Mesure mensuelle d'engagement.,1,medium,"{""absences_30j"": 1, ""overdue_tasks"": 0, ""mandatory_training_gap"": 0, ""active_projects"": 2}",2025-06-15T10:00:00+00:00
engagement-emp-76-25,emp-76,59,manager_review,engaged,Mesure mensuelle d'engagement.,3,medium,"{""absences_30j"": 2, ""overdue_tasks"": 3, ""mandatory_training_gap"": 0, ""active_projects"": 3}",2025-07-15T10:00:00+00:00
engagement-emp-76-26,emp-76,62,manager_review,stable,Mesure mensuelle d'engagement.,3,medium,"{""absences_30j"": 2, ""overdue_tasks"": 1, ""mandatory_training_gap"": 0, ""active_projects"": 2}",2025-08-15T10:00:00+00:00
engagement-emp-76-27,emp-76,58,manager_review,boost,Mesure mensuelle d'engagement.,-4,medium,"{""absences_30j"": 1, ""overdue_tasks"": 4, ""mandatory_training_gap"": 0, ""active_projects"": 1}",2025-09-15T10:00:00+00:00
engagement-emp-76-28,emp-76,60,survey,stable,Mesure mensuelle d'engagement.,2,medium,"{""absences_30j"": 0, ""overdue_tasks"": 3, ""mandatory_training_gap"": 0, ""active_projects"": 2}",2025-10-15T10:00:00+00:00
engagement-emp-76-29,emp-76,60,survey,boost,Mesure mensuelle d'engagement.,0,medium,"{""absences_30j"": 0, ""overdue_tasks"": 4, ""mandatory_training_gap"": 0, ""active_projects"": 1}",2025-11-15T10:00:00+00:00
engagement-emp-76-30,emp-76,60,pulse,engaged,Mesure mensuelle d'engagement.,0,medium,"{""absences_30j"": 3, ""overdue_tasks"": 2, ""mandatory_training_gap"": 1, ""active_projects"": 3}",2025-12-15T10:00:00+00:00
engagement-emp-76-31,emp-76,62,manager_review,engaged,Mesure mensuelle d'engagement.,2,medium,"{""absences_30j"": 1, ""overdue_tasks"": 0, ""mandatory_training_gap"": 0, ""active_projects"": 1}",2026-01-15T10:00:00+00:00
engagement-emp-76-32,emp-76,66,pulse,engaged,Mesure mensuelle d'engagement.,4,medium,"{""absences_30j"": 3, ""overdue_tasks"": 2, ""mandatory_training_gap"": 0, ""active_projects"": 1}",2026-02-15T10:00:00+00:00
engagement-emp-76-33,emp-76,62,pulse,engaged,Mesure mensuelle d'engagement.,-4,medium,"{""absences_30j"": 0, ""overdue_tasks"": 4, ""mandatory_training_gap"": 0, ""active_projects"": 3}",2026-03-15T10:00:00+00:00
engagement-emp-76-34,emp-76,60,survey,engaged,Mesure mensuelle d'engagement.,-2,medium,"{""absences_30j"": 2, ""overdue_tasks"": 3, ""mandatory_training_gap"": 0, ""active_projects"": 1}",2026-04-15T10:00:00+00:00
engagement-emp-76-35,emp-76,56,pulse,watch,Mesure mensuelle d'engagement.,-4,medium,"{""absences_30j"": 1, ""overdue_tasks"": 4, ""mandatory_training_gap"": 0, ""active_projects"": 3}",2026-05-15T10:00:00+00:00
engagement-emp-76-36,emp-76,53,manager_review,boost,Mesure mensuelle d'engagement.,-3,high,"{""absences_30j"": 2, ""overdue_tasks"": 4, ""mandatory_training_gap"": 1, ""active_projects"": 3}",2026-06-15T10:00:00+00:00
engagement-emp-77-0,emp-77,62,pulse,stable,Mesure mensuelle d'engagement.,-3,medium,"{""absences_30j"": 2, ""overdue_tasks"": 0, ""mandatory_training_gap"": 1, ""active_projects"": 1}",2023-06-15T10:00:00+00:00
engagement-emp-77-1,emp-77,58,pulse,engaged,Mesure mensuelle d'engagement.,-4,medium,"{""absences_30j"": 0, ""overdue_tasks"": 4, ""mandatory_training_gap"": 1, ""active_projects"": 1}",2023-07-15T10:00:00+00:00
engagement-emp-77-2,emp-77,55,survey,boost,Mesure mensuelle d'engagement.,-3,medium,"{""absences_30j"": 2, ""overdue_tasks"": 3, ""mandatory_training_gap"": 0, ""active_projects"": 3}",2023-08-15T10:00:00+00:00
engagement-emp-77-3,emp-77,53,manager_review,watch,Mesure mensuelle d'engagement.,-2,high,"{""absences_30j"": 0, ""overdue_tasks"": 4, ""mandatory_training_gap"": 0, ""active_projects"": 3}",2023-09-15T10:00:00+00:00
engagement-emp-77-4,emp-77,49,survey,boost,Mesure mensuelle d'engagement.,-4,high,"{""absences_30j"": 0, ""overdue_tasks"": 3, ""mandatory_training_gap"": 0, ""active_projects"": 1}",2023-10-15T10:00:00+00:00
engagement-emp-77-5,emp-77,51,pulse,stable,Mesure mensuelle d'engagement.,2,high,"{""absences_30j"": 2, ""overdue_tasks"": 4, ""mandatory_training_gap"": 0, ""active_projects"": 2}",2023-11-15T10:00:00+00:00
engagement-emp-77-6,emp-77,52,manager_review,boost,Mesure mensuelle d'engagement.,1,high,"{""absences_30j"": 3, ""overdue_tasks"": 3, ""mandatory_training_gap"": 1, ""active_projects"": 3}",2023-12-15T10:00:00+00:00
engagement-emp-77-7,emp-77,53,manager_review,engaged,Mesure mensuelle d'engagement.,1,high,"{""absences_30j"": 2, ""overdue_tasks"": 0, ""mandatory_training_gap"": 0, ""active_projects"": 2}",2024-01-15T10:00:00+00:00
engagement-emp-77-8,emp-77,55,manager_review,boost,Mesure mensuelle d'engagement.,2,medium,"{""absences_30j"": 2, ""overdue_tasks"": 3, ""mandatory_training_gap"": 0, ""active_projects"": 3}",2024-02-15T10:00:00+00:00
engagement-emp-77-9,emp-77,58,pulse,stable,Mesure mensuelle d'engagement.,3,medium,"{""absences_30j"": 2, ""overdue_tasks"": 2, ""mandatory_training_gap"": 1, ""active_projects"": 2}",2024-03-15T10:00:00+00:00
engagement-emp-77-10,emp-77,57,survey,watch,Mesure mensuelle d'engagement.,-1,medium,"{""absences_30j"": 2, ""overdue_tasks"": 3, ""mandatory_training_gap"": 0, ""active_projects"": 3}",2024-04-15T10:00:00+00:00
engagement-emp-77-11,emp-77,57,manager_review,boost,Mesure mensuelle d'engagement.,0,medium,"{""absences_30j"": 0, ""overdue_tasks"": 2, ""mandatory_training_gap"": 1, ""active_projects"": 1}",2024-05-15T10:00:00+00:00
engagement-emp-77-12,emp-77,57,survey,stable,Mesure mensuelle d'engagement.,0,medium,"{""absences_30j"": 2, ""overdue_tasks"": 1, ""mandatory_training_gap"": 1, ""active_projects"": 3}",2024-06-15T10:00:00+00:00
engagement-emp-77-13,emp-77,58,survey,engaged,Mesure mensuelle d'engagement.,1,medium,"{""absences_30j"": 1, ""overdue_tasks"": 3, ""mandatory_training_gap"": 1, ""active_projects"": 2}",2024-07-15T10:00:00+00:00
engagement-emp-77-14,emp-77,57,manager_review,watch,Mesure mensuelle d'engagement.,-1,medium,"{""absences_30j"": 3, ""overdue_tasks"": 4, ""mandatory_training_gap"": 1, ""active_projects"": 2}",2024-08-15T10:00:00+00:00
engagement-emp-77-15,emp-77,58,manager_review,boost,Mesure mensuelle d'engagement.,1,medium,"{""absences_30j"": 3, ""overdue_tasks"": 0, ""mandatory_training_gap"": 0, ""active_projects"": 3}",2024-09-15T10:00:00+00:00
engagement-emp-77-16,emp-77,58,pulse,stable,Mesure mensuelle d'engagement.,0,medium,"{""absences_30j"": 3, ""overdue_tasks"": 3, ""mandatory_training_gap"": 0, ""active_projects"": 3}",2024-10-15T10:00:00+00:00
engagement-emp-77-17,emp-77,60,survey,engaged,Mesure mensuelle d'engagement.,2,medium,"{""absences_30j"": 3, ""overdue_tasks"": 1, ""mandatory_training_gap"": 0, ""active_projects"": 1}",2024-11-15T10:00:00+00:00
engagement-emp-77-18,emp-77,56,pulse,boost,Mesure mensuelle d'engagement.,-4,medium,"{""absences_30j"": 1, ""overdue_tasks"": 0, ""mandatory_training_gap"": 1, ""active_projects"": 1}",2024-12-15T10:00:00+00:00
engagement-emp-77-19,emp-77,55,survey,boost,Mesure mensuelle d'engagement.,-1,medium,"{""absences_30j"": 0, ""overdue_tasks"": 0, ""mandatory_training_gap"": 1, ""active_projects"": 1}",2025-01-15T10:00:00+00:00
engagement-emp-77-20,emp-77,58,survey,engaged,Mesure mensuelle d'engagement.,3,medium,"{""absences_30j"": 0, ""overdue_tasks"": 0, ""mandatory_training_gap"": 0, ""active_projects"": 1}",2025-02-15T10:00:00+00:00
engagement-emp-77-21,emp-77,62,survey,engaged,Mesure mensuelle d'engagement.,4,medium,"{""absences_30j"": 3, ""overdue_tasks"": 3, ""mandatory_training_gap"": 0, ""active_projects"": 2}",2025-03-15T10:00:00+00:00
engagement-emp-77-22,emp-77,61,pulse,engaged,Mesure mensuelle d'engagement.,-1,medium,"{""absences_30j"": 0, ""overdue_tasks"": 4, ""mandatory_training_gap"": 1, ""active_projects"": 1}",2025-04-15T10:00:00+00:00
engagement-emp-77-23,emp-77,64,manager_review,watch,Mesure mensuelle d'engagement.,3,medium,"{""absences_30j"": 2, ""overdue_tasks"": 3, ""mandatory_training_gap"": 1, ""active_projects"": 1}",2025-05-15T10:00:00+00:00
engagement-emp-77-24,emp-77,68,survey,watch,Mesure mensuelle d'engagement.,4,medium,"{""absences_30j"": 2, ""overdue_tasks"": 4, ""mandatory_training_gap"": 0, ""active_projects"": 2}",2025-06-15T10:00:00+00:00
engagement-emp-77-25,emp-77,72,manager_review,engaged,Mesure mensuelle d'engagement.,4,low,"{""absences_30j"": 3, ""overdue_tasks"": 3, ""mandatory_training_gap"": 0, ""active_projects"": 1}",2025-07-15T10:00:00+00:00
engagement-emp-77-26,emp-77,71,survey,stable,Mesure mensuelle d'engagement.,-1,medium,"{""absences_30j"": 1, ""overdue_tasks"": 2, ""mandatory_training_gap"": 0, ""active_projects"": 2}",2025-08-15T10:00:00+00:00
engagement-emp-77-27,emp-77,69,survey,engaged,Mesure mensuelle d'engagement.,-2,medium,"{""absences_30j"": 0, ""overdue_tasks"": 4, ""mandatory_training_gap"": 0, ""active_projects"": 2}",2025-09-15T10:00:00+00:00
engagement-emp-77-28,emp-77,73,pulse,stable,Mesure mensuelle d'engagement.,4,low,"{""absences_30j"": 1, ""overdue_tasks"": 0, ""mandatory_training_gap"": 0, ""active_projects"": 3}",2025-10-15T10:00:00+00:00
engagement-emp-77-29,emp-77,74,survey,engaged,Mesure mensuelle d'engagement.,1,low,"{""absences_30j"": 1, ""overdue_tasks"": 4, ""mandatory_training_gap"": 1, ""active_projects"": 2}",2025-11-15T10:00:00+00:00
engagement-emp-77-30,emp-77,77,pulse,engaged,Mesure mensuelle d'engagement.,3,low,"{""absences_30j"": 1, ""overdue_tasks"": 4, ""mandatory_training_gap"": 0, ""active_projects"": 1}",2025-12-15T10:00:00+00:00
engagement-emp-77-31,emp-77,79,manager_review,engaged,Mesure mensuelle d'engagement.,2,low,"{""absences_30j"": 1, ""overdue_tasks"": 1, ""mandatory_training_gap"": 0, ""active_projects"": 1}",2026-01-15T10:00:00+00:00
engagement-emp-77-32,emp-77,77,manager_review,engaged,Mesure mensuelle d'engagement.,-2,low,"{""absences_30j"": 1, ""overdue_tasks"": 4, ""mandatory_training_gap"": 1, ""active_projects"": 1}",2026-02-15T10:00:00+00:00
engagement-emp-77-33,emp-77,74,survey,boost,Mesure mensuelle d'engagement.,-3,low,"{""absences_30j"": 3, ""overdue_tasks"": 1, ""mandatory_training_gap"": 0, ""active_projects"": 3}",2026-03-15T10:00:00+00:00
engagement-emp-77-34,emp-77,75,manager_review,boost,Mesure mensuelle d'engagement.,1,low,"{""absences_30j"": 2, ""overdue_tasks"": 0, ""mandatory_training_gap"": 1, ""active_projects"": 1}",2026-04-15T10:00:00+00:00
engagement-emp-77-35,emp-77,74,survey,stable,Mesure mensuelle d'engagement.,-1,low,"{""absences_30j"": 3, ""overdue_tasks"": 2, ""mandatory_training_gap"": 0, ""active_projects"": 3}",2026-05-15T10:00:00+00:00
engagement-emp-77-36,emp-77,72,manager_review,engaged,Mesure mensuelle d'engagement.,-2,low,"{""absences_30j"": 1, ""overdue_tasks"": 4, ""mandatory_training_gap"": 1, ""active_projects"": 1}",2026-06-15T10:00:00+00:00
engagement-emp-78-0,emp-78,66,manager_review,engaged,Mesure mensuelle d'engagement.,3,medium,"{""absences_30j"": 3, ""overdue_tasks"": 0, ""mandatory_training_gap"": 1, ""active_projects"": 3}",2025-09-15T10:00:00+00:00
engagement-emp-78-1,emp-78,62,survey,stable,Mesure mensuelle d'engagement.,-4,medium,"{""absences_30j"": 2, ""overdue_tasks"": 4, ""mandatory_training_gap"": 0, ""active_projects"": 1}",2025-10-15T10:00:00+00:00
engagement-emp-78-2,emp-78,61,pulse,watch,Mesure mensuelle d'engagement.,-1,medium,"{""absences_30j"": 2, ""overdue_tasks"": 0, ""mandatory_training_gap"": 0, ""active_projects"": 2}",2025-11-15T10:00:00+00:00
engagement-emp-78-3,emp-78,64,manager_review,boost,Mesure mensuelle d'engagement.,3,medium,"{""absences_30j"": 2, ""overdue_tasks"": 4, ""mandatory_training_gap"": 0, ""active_projects"": 1}",2025-12-15T10:00:00+00:00
engagement-emp-78-4,emp-78,66,survey,engaged,Mesure mensuelle d'engagement.,2,medium,"{""absences_30j"": 0, ""overdue_tasks"": 4, ""mandatory_training_gap"": 1, ""active_projects"": 3}",2026-01-15T10:00:00+00:00
engagement-emp-78-5,emp-78,67,manager_review,watch,Mesure mensuelle d'engagement.,1,medium,"{""absences_30j"": 3, ""overdue_tasks"": 1, ""mandatory_training_gap"": 1, ""active_projects"": 1}",2026-02-15T10:00:00+00:00
engagement-emp-78-6,emp-78,68,manager_review,watch,Mesure mensuelle d'engagement.,1,medium,"{""absences_30j"": 0, ""overdue_tasks"": 4, ""mandatory_training_gap"": 1, ""active_projects"": 3}",2026-03-15T10:00:00+00:00
engagement-emp-78-7,emp-78,66,pulse,watch,Mesure mensuelle d'engagement.,-2,medium,"{""absences_30j"": 2, ""overdue_tasks"": 2, ""mandatory_training_gap"": 0, ""active_projects"": 2}",2026-04-15T10:00:00+00:00
engagement-emp-78-8,emp-78,64,survey,boost,Mesure mensuelle d'engagement.,-2,medium,"{""absences_30j"": 0, ""overdue_tasks"": 4, ""mandatory_training_gap"": 0, ""active_projects"": 3}",2026-05-15T10:00:00+00:00
engagement-emp-78-9,emp-78,62,survey,watch,Mesure mensuelle d'engagement.,-2,medium,"{""absences_30j"": 1, ""overdue_tasks"": 1, ""mandatory_training_gap"": 1, ""active_projects"": 2}",2026-06-15T10:00:00+00:00
engagement-emp-79-0,emp-79,76,survey,watch,Mesure mensuelle d'engagement.,4,low,"{""absences_30j"": 1, ""overdue_tasks"": 4, ""mandatory_training_gap"": 0, ""active_projects"": 3}",2025-08-15T10:00:00+00:00
engagement-emp-79-1,emp-79,77,manager_review,boost,Mesure mensuelle d'engagement.,1,low,"{""absences_30j"": 0, ""overdue_tasks"": 4, ""mandatory_training_gap"": 0, ""active_projects"": 2}",2025-09-15T10:00:00+00:00
engagement-emp-79-2,emp-79,81,survey,watch,Mesure mensuelle d'engagement.,4,low,"{""absences_30j"": 3, ""overdue_tasks"": 2, ""mandatory_training_gap"": 1, ""active_projects"": 2}",2025-10-15T10:00:00+00:00
engagement-emp-79-3,emp-79,78,survey,engaged,Mesure mensuelle d'engagement.,-3,low,"{""absences_30j"": 1, ""overdue_tasks"": 1, ""mandatory_training_gap"": 1, ""active_projects"": 1}",2025-11-15T10:00:00+00:00
engagement-emp-79-4,emp-79,82,survey,watch,Mesure mensuelle d'engagement.,4,low,"{""absences_30j"": 2, ""overdue_tasks"": 4, ""mandatory_training_gap"": 1, ""active_projects"": 3}",2025-12-15T10:00:00+00:00
engagement-emp-79-5,emp-79,86,manager_review,watch,Mesure mensuelle d'engagement.,4,low,"{""absences_30j"": 3, ""overdue_tasks"": 3, ""mandatory_training_gap"": 0, ""active_projects"": 3}",2026-01-15T10:00:00+00:00
engagement-emp-79-6,emp-79,82,pulse,stable,Mesure mensuelle d'engagement.,-4,low,"{""absences_30j"": 1, ""overdue_tasks"": 2, ""mandatory_training_gap"": 1, ""active_projects"": 2}",2026-02-15T10:00:00+00:00
engagement-emp-79-7,emp-79,83,survey,stable,Mesure mensuelle d'engagement.,1,low,"{""absences_30j"": 0, ""overdue_tasks"": 1, ""mandatory_training_gap"": 0, ""active_projects"": 2}",2026-03-15T10:00:00+00:00
engagement-emp-79-8,emp-79,85,pulse,engaged,Mesure mensuelle d'engagement.,2,low,"{""absences_30j"": 1, ""overdue_tasks"": 4, ""mandatory_training_gap"": 1, ""active_projects"": 1}",2026-04-15T10:00:00+00:00
engagement-emp-79-9,emp-79,85,pulse,boost,Mesure mensuelle d'engagement.,0,low,"{""absences_30j"": 3, ""overdue_tasks"": 0, ""mandatory_training_gap"": 1, ""active_projects"": 1}",2026-05-15T10:00:00+00:00
engagement-emp-79-10,emp-79,84,survey,engaged,Mesure mensuelle d'engagement.,-1,low,"{""absences_30j"": 3, ""overdue_tasks"": 4, ""mandatory_training_gap"": 1, ""active_projects"": 3}",2026-06-15T10:00:00+00:00
engagement-emp-80-0,emp-80,88,manager_review,boost,Mesure mensuelle d'engagement.,4,low,"{""absences_30j"": 0, ""overdue_tasks"": 4, ""mandatory_training_gap"": 1, ""active_projects"": 1}",2024-02-15T10:00:00+00:00
engagement-emp-80-1,emp-80,90,manager_review,watch,Mesure mensuelle d'engagement.,2,low,"{""absences_30j"": 2, ""overdue_tasks"": 1, ""mandatory_training_gap"": 1, ""active_projects"": 1}",2024-03-15T10:00:00+00:00
engagement-emp-80-2,emp-80,92,survey,stable,Mesure mensuelle d'engagement.,2,low,"{""absences_30j"": 3, ""overdue_tasks"": 1, ""mandatory_training_gap"": 1, ""active_projects"": 2}",2024-04-15T10:00:00+00:00
engagement-emp-80-3,emp-80,89,pulse,engaged,Mesure mensuelle d'engagement.,-3,low,"{""absences_30j"": 2, ""overdue_tasks"": 2, ""mandatory_training_gap"": 1, ""active_projects"": 1}",2024-05-15T10:00:00+00:00
engagement-emp-80-4,emp-80,88,pulse,stable,Mesure mensuelle d'engagement.,-1,low,"{""absences_30j"": 3, ""overdue_tasks"": 0, ""mandatory_training_gap"": 1, ""active_projects"": 1}",2024-06-15T10:00:00+00:00
engagement-emp-80-5,emp-80,91,pulse,stable,Mesure mensuelle d'engagement.,3,low,"{""absences_30j"": 0, ""overdue_tasks"": 1, ""mandatory_training_gap"": 0, ""active_projects"": 2}",2024-07-15T10:00:00+00:00
engagement-emp-80-6,emp-80,95,survey,watch,Mesure mensuelle d'engagement.,4,low,"{""absences_30j"": 3, ""overdue_tasks"": 1, ""mandatory_training_gap"": 0, ""active_projects"": 1}",2024-08-15T10:00:00+00:00
engagement-emp-80-7,emp-80,98,survey,watch,Mesure mensuelle d'engagement.,3,low,"{""absences_30j"": 1, ""overdue_tasks"": 1, ""mandatory_training_gap"": 0, ""active_projects"": 3}",2024-09-15T10:00:00+00:00
engagement-emp-80-8,emp-80,98,pulse,watch,Mesure mensuelle d'engagement.,0,low,"{""absences_30j"": 0, ""overdue_tasks"": 3, ""mandatory_training_gap"": 1, ""active_projects"": 3}",2024-10-15T10:00:00+00:00
engagement-emp-80-9,emp-80,98,survey,engaged,Mesure mensuelle d'engagement.,0,low,"{""absences_30j"": 3, ""overdue_tasks"": 0, ""mandatory_training_gap"": 0, ""active_projects"": 3}",2024-11-15T10:00:00+00:00
engagement-emp-80-10,emp-80,96,pulse,boost,Mesure mensuelle d'engagement.,-2,low,"{""absences_30j"": 2, ""overdue_tasks"": 0, ""mandatory_training_gap"": 0, ""active_projects"": 2}",2024-12-15T10:00:00+00:00
engagement-emp-80-11,emp-80,93,manager_review,engaged,Mesure mensuelle d'engagement.,-3,low,"{""absences_30j"": 2, ""overdue_tasks"": 0, ""mandatory_training_gap"": 1, ""active_projects"": 3}",2025-01-15T10:00:00+00:00
engagement-emp-80-12,emp-80,97,manager_review,watch,Mesure mensuelle d'engagement.,4,low,"{""absences_30j"": 1, ""overdue_tasks"": 3, ""mandatory_training_gap"": 0, ""active_projects"": 3}",2025-02-15T10:00:00+00:00
engagement-emp-80-13,emp-80,95,survey,engaged,Mesure mensuelle d'engagement.,-2,low,"{""absences_30j"": 2, ""overdue_tasks"": 3, ""mandatory_training_gap"": 0, ""active_projects"": 3}",2025-03-15T10:00:00+00:00
engagement-emp-80-14,emp-80,95,manager_review,watch,Mesure mensuelle d'engagement.,0,low,"{""absences_30j"": 2, ""overdue_tasks"": 4, ""mandatory_training_gap"": 1, ""active_projects"": 1}",2025-04-15T10:00:00+00:00
engagement-emp-80-15,emp-80,98,manager_review,boost,Mesure mensuelle d'engagement.,3,low,"{""absences_30j"": 0, ""overdue_tasks"": 4, ""mandatory_training_gap"": 0, ""active_projects"": 1}",2025-05-15T10:00:00+00:00
engagement-emp-80-16,emp-80,97,survey,watch,Mesure mensuelle d'engagement.,-1,low,"{""absences_30j"": 2, ""overdue_tasks"": 3, ""mandatory_training_gap"": 0, ""active_projects"": 3}",2025-06-15T10:00:00+00:00
engagement-emp-80-17,emp-80,94,manager_review,stable,Mesure mensuelle d'engagement.,-3,low,"{""absences_30j"": 2, ""overdue_tasks"": 1, ""mandatory_training_gap"": 0, ""active_projects"": 1}",2025-07-15T10:00:00+00:00
engagement-emp-80-18,emp-80,95,pulse,boost,Mesure mensuelle d'engagement.,1,low,"{""absences_30j"": 2, ""overdue_tasks"": 1, ""mandatory_training_gap"": 1, ""active_projects"": 3}",2025-08-15T10:00:00+00:00
engagement-emp-80-19,emp-80,91,survey,watch,Mesure mensuelle d'engagement.,-4,low,"{""absences_30j"": 0, ""overdue_tasks"": 1, ""mandatory_training_gap"": 1, ""active_projects"": 3}",2025-09-15T10:00:00+00:00
engagement-emp-80-20,emp-80,90,survey,watch,Mesure mensuelle d'engagement.,-1,low,"{""absences_30j"": 0, ""overdue_tasks"": 4, ""mandatory_training_gap"": 0, ""active_projects"": 3}",2025-10-15T10:00:00+00:00
engagement-emp-80-21,emp-80,90,manager_review,engaged,Mesure mensuelle d'engagement.,0,low,"{""absences_30j"": 1, ""overdue_tasks"": 3, ""mandatory_training_gap"": 1, ""active_projects"": 1}",2025-11-15T10:00:00+00:00
engagement-emp-80-22,emp-80,94,manager_review,engaged,Mesure mensuelle d'engagement.,4,low,"{""absences_30j"": 2, ""overdue_tasks"": 1, ""mandatory_training_gap"": 0, ""active_projects"": 1}",2025-12-15T10:00:00+00:00
engagement-emp-80-23,emp-80,93,pulse,engaged,Mesure mensuelle d'engagement.,-1,low,"{""absences_30j"": 2, ""overdue_tasks"": 1, ""mandatory_training_gap"": 1, ""active_projects"": 3}",2026-01-15T10:00:00+00:00
engagement-emp-80-24,emp-80,90,manager_review,boost,Mesure mensuelle d'engagement.,-3,low,"{""absences_30j"": 1, ""overdue_tasks"": 2, ""mandatory_training_gap"": 0, ""active_projects"": 1}",2026-02-15T10:00:00+00:00
engagement-emp-80-25,emp-80,88,manager_review,stable,Mesure mensuelle d'engagement.,-2,low,"{""absences_30j"": 0, ""overdue_tasks"": 4, ""mandatory_training_gap"": 1, ""active_projects"": 1}",2026-03-15T10:00:00+00:00
engagement-emp-80-26,emp-80,91,pulse,watch,Mesure mensuelle d'engagement.,3,low,"{""absences_30j"": 1, ""overdue_tasks"": 1, ""mandatory_training_gap"": 0, ""active_projects"": 2}",2026-04-15T10:00:00+00:00
engagement-emp-80-27,emp-80,93,pulse,watch,Mesure mensuelle d'engagement.,2,low,"{""absences_30j"": 2, ""overdue_tasks"": 0, ""mandatory_training_gap"": 1, ""active_projects"": 3}",2026-05-15T10:00:00+00:00
engagement-emp-80-28,emp-80,94,survey,stable,Mesure mensuelle d'engagement.,1,low,"{""absences_30j"": 3, ""overdue_tasks"": 4, ""mandatory_training_gap"": 1, ""active_projects"": 2}",2026-06-15T10:00:00+00:00
engagement-emp-81-0,emp-81,60,manager_review,watch,Mesure mensuelle d'engagement.,2,medium,"{""absences_30j"": 3, ""overdue_tasks"": 4, ""mandatory_training_gap"": 1, ""active_projects"": 1}",2023-06-15T10:00:00+00:00
engagement-emp-81-1,emp-81,60,pulse,watch,Mesure mensuelle d'engagement.,0,medium,"{""absences_30j"": 2, ""overdue_tasks"": 1, ""mandatory_training_gap"": 1, ""active_projects"": 1}",2023-07-15T10:00:00+00:00
engagement-emp-81-2,emp-81,58,pulse,watch,Mesure mensuelle d'engagement.,-2,medium,"{""absences_30j"": 3, ""overdue_tasks"": 1, ""mandatory_training_gap"": 0, ""active_projects"": 1}",2023-08-15T10:00:00+00:00
engagement-emp-81-3,emp-81,60,survey,boost,Mesure mensuelle d'engagement.,2,medium,"{""absences_30j"": 1, ""overdue_tasks"": 2, ""mandatory_training_gap"": 0, ""active_projects"": 1}",2023-09-15T10:00:00+00:00
engagement-emp-81-4,emp-81,61,survey,engaged,Mesure mensuelle d'engagement.,1,medium,"{""absences_30j"": 3, ""overdue_tasks"": 2, ""mandatory_training_gap"": 0, ""active_projects"": 3}",2023-10-15T10:00:00+00:00
engagement-emp-81-5,emp-81,57,survey,engaged,Mesure mensuelle d'engagement.,-4,medium,"{""absences_30j"": 1, ""overdue_tasks"": 0, ""mandatory_training_gap"": 1, ""active_projects"": 3}",2023-11-15T10:00:00+00:00
engagement-emp-81-6,emp-81,60,pulse,watch,Mesure mensuelle d'engagement.,3,medium,"{""absences_30j"": 2, ""overdue_tasks"": 0, ""mandatory_training_gap"": 1, ""active_projects"": 2}",2023-12-15T10:00:00+00:00
engagement-emp-81-7,emp-81,63,pulse,stable,Mesure mensuelle d'engagement.,3,medium,"{""absences_30j"": 3, ""overdue_tasks"": 0, ""mandatory_training_gap"": 0, ""active_projects"": 3}",2024-01-15T10:00:00+00:00
engagement-emp-81-8,emp-81,61,pulse,boost,Mesure mensuelle d'engagement.,-2,medium,"{""absences_30j"": 3, ""overdue_tasks"": 3, ""mandatory_training_gap"": 0, ""active_projects"": 2}",2024-02-15T10:00:00+00:00
engagement-emp-81-9,emp-81,57,manager_review,boost,Mesure mensuelle d'engagement.,-4,medium,"{""absences_30j"": 0, ""overdue_tasks"": 3, ""mandatory_training_gap"": 1, ""active_projects"": 1}",2024-03-15T10:00:00+00:00
engagement-emp-81-10,emp-81,56,manager_review,engaged,Mesure mensuelle d'engagement.,-1,medium,"{""absences_30j"": 2, ""overdue_tasks"": 2, ""mandatory_training_gap"": 1, ""active_projects"": 2}",2024-04-15T10:00:00+00:00
engagement-emp-81-11,emp-81,59,survey,engaged,Mesure mensuelle d'engagement.,3,medium,"{""absences_30j"": 3, ""overdue_tasks"": 1, ""mandatory_training_gap"": 0, ""active_projects"": 1}",2024-05-15T10:00:00+00:00
engagement-emp-81-12,emp-81,55,manager_review,engaged,Mesure mensuelle d'engagement.,-4,medium,"{""absences_30j"": 2, ""overdue_tasks"": 0, ""mandatory_training_gap"": 1, ""active_projects"": 2}",2024-06-15T10:00:00+00:00
engagement-emp-81-13,emp-81,53,manager_review,watch,Mesure mensuelle d'engagement.,-2,high,"{""absences_30j"": 0, ""overdue_tasks"": 4, ""mandatory_training_gap"": 0, ""active_projects"": 1}",2024-07-15T10:00:00+00:00
engagement-emp-81-14,emp-81,53,pulse,stable,Mesure mensuelle d'engagement.,0,high,"{""absences_30j"": 1, ""overdue_tasks"": 3, ""mandatory_training_gap"": 1, ""active_projects"": 3}",2024-08-15T10:00:00+00:00
engagement-emp-81-15,emp-81,56,survey,stable,Mesure mensuelle d'engagement.,3,medium,"{""absences_30j"": 3, ""overdue_tasks"": 0, ""mandatory_training_gap"": 1, ""active_projects"": 2}",2024-09-15T10:00:00+00:00
engagement-emp-81-16,emp-81,59,manager_review,watch,Mesure mensuelle d'engagement.,3,medium,"{""absences_30j"": 1, ""overdue_tasks"": 2, ""mandatory_training_gap"": 0, ""active_projects"": 3}",2024-10-15T10:00:00+00:00
engagement-emp-81-17,emp-81,58,manager_review,watch,Mesure mensuelle d'engagement.,-1,medium,"{""absences_30j"": 3, ""overdue_tasks"": 1, ""mandatory_training_gap"": 0, ""active_projects"": 3}",2024-11-15T10:00:00+00:00
engagement-emp-81-18,emp-81,60,pulse,boost,Mesure mensuelle d'engagement.,2,medium,"{""absences_30j"": 1, ""overdue_tasks"": 3, ""mandatory_training_gap"": 0, ""active_projects"": 2}",2024-12-15T10:00:00+00:00
engagement-emp-81-19,emp-81,58,survey,boost,Mesure mensuelle d'engagement.,-2,medium,"{""absences_30j"": 2, ""overdue_tasks"": 0, ""mandatory_training_gap"": 1, ""active_projects"": 1}",2025-01-15T10:00:00+00:00
engagement-emp-81-20,emp-81,56,survey,watch,Mesure mensuelle d'engagement.,-2,medium,"{""absences_30j"": 0, ""overdue_tasks"": 0, ""mandatory_training_gap"": 0, ""active_projects"": 1}",2025-02-15T10:00:00+00:00
engagement-emp-81-21,emp-81,58,pulse,watch,Mesure mensuelle d'engagement.,2,medium,"{""absences_30j"": 1, ""overdue_tasks"": 3, ""mandatory_training_gap"": 0, ""active_projects"": 2}",2025-03-15T10:00:00+00:00
engagement-emp-81-22,emp-81,55,pulse,stable,Mesure mensuelle d'engagement.,-3,medium,"{""absences_30j"": 0, ""overdue_tasks"": 2, ""mandatory_training_gap"": 1, ""active_projects"": 3}",2025-04-15T10:00:00+00:00
engagement-emp-81-23,emp-81,52,survey,engaged,Mesure mensuelle d'engagement.,-3,high,"{""absences_30j"": 1, ""overdue_tasks"": 4, ""mandatory_training_gap"": 1, ""active_projects"": 2}",2025-05-15T10:00:00+00:00
engagement-emp-81-24,emp-81,53,manager_review,stable,Mesure mensuelle d'engagement.,1,high,"{""absences_30j"": 1, ""overdue_tasks"": 2, ""mandatory_training_gap"": 0, ""active_projects"": 3}",2025-06-15T10:00:00+00:00
engagement-emp-81-25,emp-81,51,pulse,watch,Mesure mensuelle d'engagement.,-2,high,"{""absences_30j"": 2, ""overdue_tasks"": 4, ""mandatory_training_gap"": 0, ""active_projects"": 3}",2025-07-15T10:00:00+00:00
engagement-emp-81-26,emp-81,47,survey,watch,Mesure mensuelle d'engagement.,-4,high,"{""absences_30j"": 1, ""overdue_tasks"": 0, ""mandatory_training_gap"": 0, ""active_projects"": 1}",2025-08-15T10:00:00+00:00
engagement-emp-81-27,emp-81,43,pulse,watch,Mesure mensuelle d'engagement.,-4,high,"{""absences_30j"": 0, ""overdue_tasks"": 2, ""mandatory_training_gap"": 0, ""active_projects"": 2}",2025-09-15T10:00:00+00:00
engagement-emp-81-28,emp-81,40,pulse,stable,Mesure mensuelle d'engagement.,-3,high,"{""absences_30j"": 3, ""overdue_tasks"": 1, ""mandatory_training_gap"": 1, ""active_projects"": 2}",2025-10-15T10:00:00+00:00
engagement-emp-81-29,emp-81,39,pulse,boost,Mesure mensuelle d'engagement.,-1,high,"{""absences_30j"": 3, ""overdue_tasks"": 0, ""mandatory_training_gap"": 1, ""active_projects"": 1}",2025-11-15T10:00:00+00:00
engagement-emp-81-30,emp-81,36,pulse,watch,Mesure mensuelle d'engagement.,-3,high,"{""absences_30j"": 1, ""overdue_tasks"": 4, ""mandatory_training_gap"": 0, ""active_projects"": 1}",2025-12-15T10:00:00+00:00
engagement-emp-81-31,emp-81,40,manager_review,boost,Mesure mensuelle d'engagement.,4,high,"{""absences_30j"": 1, ""overdue_tasks"": 1, ""mandatory_training_gap"": 0, ""active_projects"": 3}",2026-01-15T10:00:00+00:00
engagement-emp-81-32,emp-81,41,survey,watch,Mesure mensuelle d'engagement.,1,high,"{""absences_30j"": 2, ""overdue_tasks"": 4, ""mandatory_training_gap"": 0, ""active_projects"": 3}",2026-02-15T10:00:00+00:00
engagement-emp-81-33,emp-81,42,pulse,boost,Mesure mensuelle d'engagement.,1,high,"{""absences_30j"": 2, ""overdue_tasks"": 3, ""mandatory_training_gap"": 1, ""active_projects"": 2}",2026-03-15T10:00:00+00:00
engagement-emp-81-34,emp-81,38,survey,stable,Mesure mensuelle d'engagement.,-4,high,"{""absences_30j"": 2, ""overdue_tasks"": 2, ""mandatory_training_gap"": 1, ""active_projects"": 2}",2026-04-15T10:00:00+00:00
engagement-emp-81-35,emp-81,36,pulse,watch,Mesure mensuelle d'engagement.,-2,high,"{""absences_30j"": 1, ""overdue_tasks"": 0, ""mandatory_training_gap"": 0, ""active_projects"": 1}",2026-05-15T10:00:00+00:00
engagement-emp-81-36,emp-81,39,manager_review,engaged,Mesure mensuelle d'engagement.,3,high,"{""absences_30j"": 1, ""overdue_tasks"": 0, ""mandatory_training_gap"": 0, ""active_projects"": 3}",2026-06-15T10:00:00+00:00
engagement-emp-82-0,emp-82,82,survey,engaged,Mesure mensuelle d'engagement.,-4,low,"{""absences_30j"": 0, ""overdue_tasks"": 0, ""mandatory_training_gap"": 0, ""active_projects"": 1}",2023-06-15T10:00:00+00:00
engagement-emp-82-1,emp-82,80,manager_review,engaged,Mesure mensuelle d'engagement.,-2,low,"{""absences_30j"": 0, ""overdue_tasks"": 1, ""mandatory_training_gap"": 0, ""active_projects"": 3}",2023-07-15T10:00:00+00:00
engagement-emp-82-2,emp-82,79,pulse,watch,Mesure mensuelle d'engagement.,-1,low,"{""absences_30j"": 2, ""overdue_tasks"": 3, ""mandatory_training_gap"": 1, ""active_projects"": 1}",2023-08-15T10:00:00+00:00
engagement-emp-82-3,emp-82,75,pulse,boost,Mesure mensuelle d'engagement.,-4,low,"{""absences_30j"": 2, ""overdue_tasks"": 4, ""mandatory_training_gap"": 0, ""active_projects"": 2}",2023-09-15T10:00:00+00:00
engagement-emp-82-4,emp-82,79,manager_review,engaged,Mesure mensuelle d'engagement.,4,low,"{""absences_30j"": 0, ""overdue_tasks"": 1, ""mandatory_training_gap"": 1, ""active_projects"": 1}",2023-10-15T10:00:00+00:00
engagement-emp-82-5,emp-82,79,pulse,stable,Mesure mensuelle d'engagement.,0,low,"{""absences_30j"": 3, ""overdue_tasks"": 0, ""mandatory_training_gap"": 1, ""active_projects"": 1}",2023-11-15T10:00:00+00:00
engagement-emp-82-6,emp-82,83,survey,stable,Mesure mensuelle d'engagement.,4,low,"{""absences_30j"": 3, ""overdue_tasks"": 2, ""mandatory_training_gap"": 1, ""active_projects"": 2}",2023-12-15T10:00:00+00:00
engagement-emp-82-7,emp-82,85,manager_review,boost,Mesure mensuelle d'engagement.,2,low,"{""absences_30j"": 1, ""overdue_tasks"": 3, ""mandatory_training_gap"": 1, ""active_projects"": 3}",2024-01-15T10:00:00+00:00
engagement-emp-82-8,emp-82,86,manager_review,boost,Mesure mensuelle d'engagement.,1,low,"{""absences_30j"": 1, ""overdue_tasks"": 3, ""mandatory_training_gap"": 0, ""active_projects"": 2}",2024-02-15T10:00:00+00:00
engagement-emp-82-9,emp-82,89,survey,boost,Mesure mensuelle d'engagement.,3,low,"{""absences_30j"": 1, ""overdue_tasks"": 4, ""mandatory_training_gap"": 0, ""active_projects"": 2}",2024-03-15T10:00:00+00:00
engagement-emp-82-10,emp-82,85,manager_review,boost,Mesure mensuelle d'engagement.,-4,low,"{""absences_30j"": 2, ""overdue_tasks"": 0, ""mandatory_training_gap"": 0, ""active_projects"": 1}",2024-04-15T10:00:00+00:00
engagement-emp-82-11,emp-82,87,pulse,watch,Mesure mensuelle d'engagement.,2,low,"{""absences_30j"": 1, ""overdue_tasks"": 4, ""mandatory_training_gap"": 0, ""active_projects"": 3}",2024-05-15T10:00:00+00:00
engagement-emp-82-12,emp-82,86,pulse,boost,Mesure mensuelle d'engagement.,-1,low,"{""absences_30j"": 0, ""overdue_tasks"": 1, ""mandatory_training_gap"": 1, ""active_projects"": 3}",2024-06-15T10:00:00+00:00
engagement-emp-82-13,emp-82,89,manager_review,engaged,Mesure mensuelle d'engagement.,3,low,"{""absences_30j"": 0, ""overdue_tasks"": 3, ""mandatory_training_gap"": 1, ""active_projects"": 3}",2024-07-15T10:00:00+00:00
engagement-emp-82-14,emp-82,85,survey,stable,Mesure mensuelle d'engagement.,-4,low,"{""absences_30j"": 1, ""overdue_tasks"": 2, ""mandatory_training_gap"": 1, ""active_projects"": 1}",2024-08-15T10:00:00+00:00
engagement-emp-82-15,emp-82,85,manager_review,watch,Mesure mensuelle d'engagement.,0,low,"{""absences_30j"": 0, ""overdue_tasks"": 4, ""mandatory_training_gap"": 1, ""active_projects"": 2}",2024-09-15T10:00:00+00:00
engagement-emp-82-16,emp-82,87,manager_review,stable,Mesure mensuelle d'engagement.,2,low,"{""absences_30j"": 1, ""overdue_tasks"": 1, ""mandatory_training_gap"": 0, ""active_projects"": 2}",2024-10-15T10:00:00+00:00
engagement-emp-82-17,emp-82,91,survey,watch,Mesure mensuelle d'engagement.,4,low,"{""absences_30j"": 2, ""overdue_tasks"": 1, ""mandatory_training_gap"": 0, ""active_projects"": 1}",2024-11-15T10:00:00+00:00
engagement-emp-82-18,emp-82,91,pulse,watch,Mesure mensuelle d'engagement.,0,low,"{""absences_30j"": 1, ""overdue_tasks"": 1, ""mandatory_training_gap"": 1, ""active_projects"": 2}",2024-12-15T10:00:00+00:00
engagement-emp-82-19,emp-82,95,manager_review,boost,Mesure mensuelle d'engagement.,4,low,"{""absences_30j"": 3, ""overdue_tasks"": 4, ""mandatory_training_gap"": 1, ""active_projects"": 1}",2025-01-15T10:00:00+00:00
engagement-emp-82-20,emp-82,91,manager_review,engaged,Mesure mensuelle d'engagement.,-4,low,"{""absences_30j"": 1, ""overdue_tasks"": 2, ""mandatory_training_gap"": 0, ""active_projects"": 2}",2025-02-15T10:00:00+00:00
engagement-emp-82-21,emp-82,88,survey,boost,Mesure mensuelle d'engagement.,-3,low,"{""absences_30j"": 1, ""overdue_tasks"": 1, ""mandatory_training_gap"": 1, ""active_projects"": 1}",2025-03-15T10:00:00+00:00
engagement-emp-82-22,emp-82,85,pulse,stable,Mesure mensuelle d'engagement.,-3,low,"{""absences_30j"": 3, ""overdue_tasks"": 2, ""mandatory_training_gap"": 0, ""active_projects"": 1}",2025-04-15T10:00:00+00:00
engagement-emp-82-23,emp-82,89,pulse,engaged,Mesure mensuelle d'engagement.,4,low,"{""absences_30j"": 0, ""overdue_tasks"": 2, ""mandatory_training_gap"": 1, ""active_projects"": 2}",2025-05-15T10:00:00+00:00
engagement-emp-82-24,emp-82,92,pulse,boost,Mesure mensuelle d'engagement.,3,low,"{""absences_30j"": 0, ""overdue_tasks"": 3, ""mandatory_training_gap"": 0, ""active_projects"": 3}",2025-06-15T10:00:00+00:00
engagement-emp-82-25,emp-82,93,pulse,boost,Mesure mensuelle d'engagement.,1,low,"{""absences_30j"": 2, ""overdue_tasks"": 1, ""mandatory_training_gap"": 0, ""active_projects"": 1}",2025-07-15T10:00:00+00:00
engagement-emp-82-26,emp-82,90,manager_review,boost,Mesure mensuelle d'engagement.,-3,low,"{""absences_30j"": 1, ""overdue_tasks"": 2, ""mandatory_training_gap"": 1, ""active_projects"": 1}",2025-08-15T10:00:00+00:00
engagement-emp-82-27,emp-82,89,manager_review,stable,Mesure mensuelle d'engagement.,-1,low,"{""absences_30j"": 3, ""overdue_tasks"": 2, ""mandatory_training_gap"": 0, ""active_projects"": 2}",2025-09-15T10:00:00+00:00
engagement-emp-82-28,emp-82,88,survey,boost,Mesure mensuelle d'engagement.,-1,low,"{""absences_30j"": 3, ""overdue_tasks"": 1, ""mandatory_training_gap"": 0, ""active_projects"": 3}",2025-10-15T10:00:00+00:00
engagement-emp-82-29,emp-82,89,pulse,engaged,Mesure mensuelle d'engagement.,1,low,"{""absences_30j"": 2, ""overdue_tasks"": 0, ""mandatory_training_gap"": 1, ""active_projects"": 3}",2025-11-15T10:00:00+00:00
engagement-emp-82-30,emp-82,87,manager_review,stable,Mesure mensuelle d'engagement.,-2,low,"{""absences_30j"": 3, ""overdue_tasks"": 3, ""mandatory_training_gap"": 1, ""active_projects"": 2}",2025-12-15T10:00:00+00:00
engagement-emp-82-31,emp-82,84,survey,watch,Mesure mensuelle d'engagement.,-3,low,"{""absences_30j"": 1, ""overdue_tasks"": 1, ""mandatory_training_gap"": 0, ""active_projects"": 3}",2026-01-15T10:00:00+00:00
engagement-emp-82-32,emp-82,85,survey,watch,Mesure mensuelle d'engagement.,1,low,"{""absences_30j"": 0, ""overdue_tasks"": 3, ""mandatory_training_gap"": 1, ""active_projects"": 1}",2026-02-15T10:00:00+00:00
engagement-emp-82-33,emp-82,82,pulse,stable,Mesure mensuelle d'engagement.,-3,low,"{""absences_30j"": 3, ""overdue_tasks"": 3, ""mandatory_training_gap"": 0, ""active_projects"": 3}",2026-03-15T10:00:00+00:00
engagement-emp-82-34,emp-82,78,survey,boost,Mesure mensuelle d'engagement.,-4,low,"{""absences_30j"": 2, ""overdue_tasks"": 1, ""mandatory_training_gap"": 1, ""active_projects"": 2}",2026-04-15T10:00:00+00:00
engagement-emp-82-35,emp-82,76,manager_review,stable,Mesure mensuelle d'engagement.,-2,low,"{""absences_30j"": 2, ""overdue_tasks"": 4, ""mandatory_training_gap"": 1, ""active_projects"": 2}",2026-05-15T10:00:00+00:00
engagement-emp-82-36,emp-82,78,pulse,watch,Mesure mensuelle d'engagement.,2,low,"{""absences_30j"": 3, ""overdue_tasks"": 3, ""mandatory_training_gap"": 0, ""active_projects"": 2}",2026-06-15T10:00:00+00:00
engagement-emp-83-0,emp-83,67,survey,stable,Mesure mensuelle d'engagement.,-3,medium,"{""absences_30j"": 3, ""overdue_tasks"": 1, ""mandatory_training_gap"": 0, ""active_projects"": 3}",2023-06-15T10:00:00+00:00
engagement-emp-83-1,emp-83,71,manager_review,watch,Mesure mensuelle d'engagement.,4,medium,"{""absences_30j"": 0, ""overdue_tasks"": 3, ""mandatory_training_gap"": 1, ""active_projects"": 2}",2023-07-15T10:00:00+00:00
engagement-emp-83-2,emp-83,69,manager_review,watch,Mesure mensuelle d'engagement.,-2,medium,"{""absences_30j"": 2, ""overdue_tasks"": 4, ""mandatory_training_gap"": 0, ""active_projects"": 2}",2023-08-15T10:00:00+00:00
engagement-emp-83-3,emp-83,72,survey,stable,Mesure mensuelle d'engagement.,3,low,"{""absences_30j"": 1, ""overdue_tasks"": 1, ""mandatory_training_gap"": 1, ""active_projects"": 2}",2023-09-15T10:00:00+00:00
engagement-emp-83-4,emp-83,73,manager_review,boost,Mesure mensuelle d'engagement.,1,low,"{""absences_30j"": 0, ""overdue_tasks"": 0, ""mandatory_training_gap"": 1, ""active_projects"": 2}",2023-10-15T10:00:00+00:00
engagement-emp-83-5,emp-83,74,manager_review,engaged,Mesure mensuelle d'engagement.,1,low,"{""absences_30j"": 3, ""overdue_tasks"": 4, ""mandatory_training_gap"": 1, ""active_projects"": 3}",2023-11-15T10:00:00+00:00
engagement-emp-83-6,emp-83,70,pulse,watch,Mesure mensuelle d'engagement.,-4,medium,"{""absences_30j"": 0, ""overdue_tasks"": 2, ""mandatory_training_gap"": 1, ""active_projects"": 2}",2023-12-15T10:00:00+00:00
engagement-emp-83-7,emp-83,73,manager_review,stable,Mesure mensuelle d'engagement.,3,low,"{""absences_30j"": 0, ""overdue_tasks"": 3, ""mandatory_training_gap"": 1, ""active_projects"": 1}",2024-01-15T10:00:00+00:00
engagement-emp-83-8,emp-83,72,manager_review,boost,Mesure mensuelle d'engagement.,-1,low,"{""absences_30j"": 3, ""overdue_tasks"": 0, ""mandatory_training_gap"": 0, ""active_projects"": 1}",2024-02-15T10:00:00+00:00
engagement-emp-83-9,emp-83,68,manager_review,engaged,Mesure mensuelle d'engagement.,-4,medium,"{""absences_30j"": 0, ""overdue_tasks"": 2, ""mandatory_training_gap"": 0, ""active_projects"": 1}",2024-03-15T10:00:00+00:00
engagement-emp-83-10,emp-83,69,manager_review,boost,Mesure mensuelle d'engagement.,1,medium,"{""absences_30j"": 0, ""overdue_tasks"": 0, ""mandatory_training_gap"": 0, ""active_projects"": 3}",2024-04-15T10:00:00+00:00
engagement-emp-83-11,emp-83,72,pulse,boost,Mesure mensuelle d'engagement.,3,low,"{""absences_30j"": 0, ""overdue_tasks"": 1, ""mandatory_training_gap"": 0, ""active_projects"": 2}",2024-05-15T10:00:00+00:00
engagement-emp-83-12,emp-83,69,manager_review,boost,Mesure mensuelle d'engagement.,-3,medium,"{""absences_30j"": 2, ""overdue_tasks"": 0, ""mandatory_training_gap"": 1, ""active_projects"": 3}",2024-06-15T10:00:00+00:00
engagement-emp-83-13,emp-83,68,manager_review,boost,Mesure mensuelle d'engagement.,-1,medium,"{""absences_30j"": 0, ""overdue_tasks"": 4, ""mandatory_training_gap"": 1, ""active_projects"": 1}",2024-07-15T10:00:00+00:00
engagement-emp-83-14,emp-83,67,manager_review,stable,Mesure mensuelle d'engagement.,-1,medium,"{""absences_30j"": 1, ""overdue_tasks"": 2, ""mandatory_training_gap"": 1, ""active_projects"": 3}",2024-08-15T10:00:00+00:00
engagement-emp-83-15,emp-83,64,manager_review,stable,Mesure mensuelle d'engagement.,-3,medium,"{""absences_30j"": 3, ""overdue_tasks"": 3, ""mandatory_training_gap"": 1, ""active_projects"": 2}",2024-09-15T10:00:00+00:00
engagement-emp-83-16,emp-83,68,manager_review,watch,Mesure mensuelle d'engagement.,4,medium,"{""absences_30j"": 1, ""overdue_tasks"": 1, ""mandatory_training_gap"": 0, ""active_projects"": 2}",2024-10-15T10:00:00+00:00
engagement-emp-83-17,emp-83,68,pulse,watch,Mesure mensuelle d'engagement.,0,medium,"{""absences_30j"": 2, ""overdue_tasks"": 3, ""mandatory_training_gap"": 0, ""active_projects"": 3}",2024-11-15T10:00:00+00:00
engagement-emp-83-18,emp-83,65,manager_review,engaged,Mesure mensuelle d'engagement.,-3,medium,"{""absences_30j"": 1, ""overdue_tasks"": 0, ""mandatory_training_gap"": 0, ""active_projects"": 3}",2024-12-15T10:00:00+00:00
engagement-emp-83-19,emp-83,61,survey,boost,Mesure mensuelle d'engagement.,-4,medium,"{""absences_30j"": 1, ""overdue_tasks"": 4, ""mandatory_training_gap"": 1, ""active_projects"": 2}",2025-01-15T10:00:00+00:00
engagement-emp-83-20,emp-83,64,manager_review,stable,Mesure mensuelle d'engagement.,3,medium,"{""absences_30j"": 3, ""overdue_tasks"": 1, ""mandatory_training_gap"": 0, ""active_projects"": 3}",2025-02-15T10:00:00+00:00
engagement-emp-83-21,emp-83,68,pulse,engaged,Mesure mensuelle d'engagement.,4,medium,"{""absences_30j"": 0, ""overdue_tasks"": 4, ""mandatory_training_gap"": 1, ""active_projects"": 3}",2025-03-15T10:00:00+00:00
engagement-emp-83-22,emp-83,72,pulse,engaged,Mesure mensuelle d'engagement.,4,low,"{""absences_30j"": 0, ""overdue_tasks"": 1, ""mandatory_training_gap"": 0, ""active_projects"": 2}",2025-04-15T10:00:00+00:00
engagement-emp-83-23,emp-83,69,pulse,watch,Mesure mensuelle d'engagement.,-3,medium,"{""absences_30j"": 0, ""overdue_tasks"": 4, ""mandatory_training_gap"": 1, ""active_projects"": 1}",2025-05-15T10:00:00+00:00
engagement-emp-83-24,emp-83,72,manager_review,boost,Mesure mensuelle d'engagement.,3,low,"{""absences_30j"": 1, ""overdue_tasks"": 0, ""mandatory_training_gap"": 1, ""active_projects"": 2}",2025-06-15T10:00:00+00:00
engagement-emp-83-25,emp-83,73,pulse,watch,Mesure mensuelle d'engagement.,1,low,"{""absences_30j"": 3, ""overdue_tasks"": 3, ""mandatory_training_gap"": 0, ""active_projects"": 2}",2025-07-15T10:00:00+00:00
engagement-emp-83-26,emp-83,74,survey,engaged,Mesure mensuelle d'engagement.,1,low,"{""absences_30j"": 1, ""overdue_tasks"": 2, ""mandatory_training_gap"": 0, ""active_projects"": 3}",2025-08-15T10:00:00+00:00
engagement-emp-83-27,emp-83,72,manager_review,stable,Mesure mensuelle d'engagement.,-2,low,"{""absences_30j"": 0, ""overdue_tasks"": 2, ""mandatory_training_gap"": 0, ""active_projects"": 2}",2025-09-15T10:00:00+00:00
engagement-emp-83-28,emp-83,74,survey,watch,Mesure mensuelle d'engagement.,2,low,"{""absences_30j"": 2, ""overdue_tasks"": 0, ""mandatory_training_gap"": 1, ""active_projects"": 2}",2025-10-15T10:00:00+00:00
engagement-emp-83-29,emp-83,74,survey,engaged,Mesure mensuelle d'engagement.,0,low,"{""absences_30j"": 0, ""overdue_tasks"": 2, ""mandatory_training_gap"": 0, ""active_projects"": 3}",2025-11-15T10:00:00+00:00
engagement-emp-83-30,emp-83,71,pulse,boost,Mesure mensuelle d'engagement.,-3,medium,"{""absences_30j"": 1, ""overdue_tasks"": 4, ""mandatory_training_gap"": 1, ""active_projects"": 3}",2025-12-15T10:00:00+00:00
engagement-emp-83-31,emp-83,68,pulse,stable,Mesure mensuelle d'engagement.,-3,medium,"{""absences_30j"": 3, ""overdue_tasks"": 4, ""mandatory_training_gap"": 1, ""active_projects"": 3}",2026-01-15T10:00:00+00:00
engagement-emp-83-32,emp-83,69,survey,stable,Mesure mensuelle d'engagement.,1,medium,"{""absences_30j"": 0, ""overdue_tasks"": 0, ""mandatory_training_gap"": 1, ""active_projects"": 2}",2026-02-15T10:00:00+00:00
engagement-emp-83-33,emp-83,73,survey,watch,Mesure mensuelle d'engagement.,4,low,"{""absences_30j"": 3, ""overdue_tasks"": 3, ""mandatory_training_gap"": 0, ""active_projects"": 2}",2026-03-15T10:00:00+00:00
engagement-emp-83-34,emp-83,70,pulse,boost,Mesure mensuelle d'engagement.,-3,medium,"{""absences_30j"": 0, ""overdue_tasks"": 3, ""mandatory_training_gap"": 0, ""active_projects"": 1}",2026-04-15T10:00:00+00:00
engagement-emp-83-35,emp-83,70,pulse,engaged,Mesure mensuelle d'engagement.,0,medium,"{""absences_30j"": 0, ""overdue_tasks"": 2, ""mandatory_training_gap"": 1, ""active_projects"": 1}",2026-05-15T10:00:00+00:00
engagement-emp-83-36,emp-83,69,manager_review,stable,Mesure mensuelle d'engagement.,-1,medium,"{""absences_30j"": 1, ""overdue_tasks"": 4, ""mandatory_training_gap"": 0, ""active_projects"": 1}",2026-06-15T10:00:00+00:00
engagement-emp-84-0,emp-84,67,survey,watch,Mesure mensuelle d'engagement.,4,medium,"{""absences_30j"": 1, ""overdue_tasks"": 0, ""mandatory_training_gap"": 0, ""active_projects"": 3}",2026-02-15T10:00:00+00:00
engagement-emp-84-1,emp-84,70,pulse,stable,Mesure mensuelle d'engagement.,3,medium,"{""absences_30j"": 0, ""overdue_tasks"": 2, ""mandatory_training_gap"": 0, ""active_projects"": 1}",2026-03-15T10:00:00+00:00
engagement-emp-84-2,emp-84,70,pulse,watch,Mesure mensuelle d'engagement.,0,medium,"{""absences_30j"": 0, ""overdue_tasks"": 4, ""mandatory_training_gap"": 1, ""active_projects"": 3}",2026-04-15T10:00:00+00:00
engagement-emp-84-3,emp-84,66,survey,boost,Mesure mensuelle d'engagement.,-4,medium,"{""absences_30j"": 3, ""overdue_tasks"": 4, ""mandatory_training_gap"": 1, ""active_projects"": 2}",2026-05-15T10:00:00+00:00
engagement-emp-84-4,emp-84,63,manager_review,engaged,Mesure mensuelle d'engagement.,-3,medium,"{""absences_30j"": 1, ""overdue_tasks"": 0, ""mandatory_training_gap"": 1, ""active_projects"": 3}",2026-06-15T10:00:00+00:00
engagement-emp-85-0,emp-85,51,pulse,watch,Mesure mensuelle d'engagement.,1,high,"{""absences_30j"": 0, ""overdue_tasks"": 0, ""mandatory_training_gap"": 1, ""active_projects"": 2}",2025-10-15T10:00:00+00:00
engagement-emp-85-1,emp-85,48,survey,engaged,Mesure mensuelle d'engagement.,-3,high,"{""absences_30j"": 3, ""overdue_tasks"": 3, ""mandatory_training_gap"": 0, ""active_projects"": 3}",2025-11-15T10:00:00+00:00
engagement-emp-85-2,emp-85,50,survey,boost,Mesure mensuelle d'engagement.,2,high,"{""absences_30j"": 2, ""overdue_tasks"": 3, ""mandatory_training_gap"": 0, ""active_projects"": 2}",2025-12-15T10:00:00+00:00
engagement-emp-85-3,emp-85,47,pulse,boost,Mesure mensuelle d'engagement.,-3,high,"{""absences_30j"": 3, ""overdue_tasks"": 2, ""mandatory_training_gap"": 0, ""active_projects"": 1}",2026-01-15T10:00:00+00:00
engagement-emp-85-4,emp-85,46,survey,boost,Mesure mensuelle d'engagement.,-1,high,"{""absences_30j"": 2, ""overdue_tasks"": 4, ""mandatory_training_gap"": 1, ""active_projects"": 1}",2026-02-15T10:00:00+00:00
engagement-emp-85-5,emp-85,46,pulse,watch,Mesure mensuelle d'engagement.,0,high,"{""absences_30j"": 0, ""overdue_tasks"": 3, ""mandatory_training_gap"": 0, ""active_projects"": 2}",2026-03-15T10:00:00+00:00
engagement-emp-85-6,emp-85,45,pulse,stable,Mesure mensuelle d'engagement.,-1,high,"{""absences_30j"": 2, ""overdue_tasks"": 3, ""mandatory_training_gap"": 1, ""active_projects"": 1}",2026-04-15T10:00:00+00:00
engagement-emp-85-7,emp-85,45,pulse,engaged,Mesure mensuelle d'engagement.,0,high,"{""absences_30j"": 3, ""overdue_tasks"": 3, ""mandatory_training_gap"": 0, ""active_projects"": 2}",2026-05-15T10:00:00+00:00
engagement-emp-85-8,emp-85,48,survey,boost,Mesure mensuelle d'engagement.,3,high,"{""absences_30j"": 2, ""overdue_tasks"": 4, ""mandatory_training_gap"": 1, ""active_projects"": 1}",2026-06-15T10:00:00+00:00
engagement-emp-86-0,emp-86,72,pulse,stable,Mesure mensuelle d'engagement.,1,low,"{""absences_30j"": 3, ""overdue_tasks"": 2, ""mandatory_training_gap"": 0, ""active_projects"": 1}",2023-06-15T10:00:00+00:00
engagement-emp-86-1,emp-86,75,pulse,stable,Mesure mensuelle d'engagement.,3,low,"{""absences_30j"": 3, ""overdue_tasks"": 3, ""mandatory_training_gap"": 0, ""active_projects"": 2}",2023-07-15T10:00:00+00:00
engagement-emp-86-2,emp-86,71,survey,boost,Mesure mensuelle d'engagement.,-4,medium,"{""absences_30j"": 1, ""overdue_tasks"": 4, ""mandatory_training_gap"": 1, ""active_projects"": 2}",2023-08-15T10:00:00+00:00
engagement-emp-86-3,emp-86,68,survey,engaged,Mesure mensuelle d'engagement.,-3,medium,"{""absences_30j"": 1, ""overdue_tasks"": 4, ""mandatory_training_gap"": 0, ""active_projects"": 1}",2023-09-15T10:00:00+00:00
engagement-emp-86-4,emp-86,68,manager_review,watch,Mesure mensuelle d'engagement.,0,medium,"{""absences_30j"": 2, ""overdue_tasks"": 4, ""mandatory_training_gap"": 0, ""active_projects"": 3}",2023-10-15T10:00:00+00:00
engagement-emp-86-5,emp-86,69,survey,stable,Mesure mensuelle d'engagement.,1,medium,"{""absences_30j"": 1, ""overdue_tasks"": 3, ""mandatory_training_gap"": 1, ""active_projects"": 1}",2023-11-15T10:00:00+00:00
engagement-emp-86-6,emp-86,69,pulse,watch,Mesure mensuelle d'engagement.,0,medium,"{""absences_30j"": 2, ""overdue_tasks"": 1, ""mandatory_training_gap"": 0, ""active_projects"": 3}",2023-12-15T10:00:00+00:00
engagement-emp-86-7,emp-86,67,manager_review,stable,Mesure mensuelle d'engagement.,-2,medium,"{""absences_30j"": 2, ""overdue_tasks"": 2, ""mandatory_training_gap"": 1, ""active_projects"": 1}",2024-01-15T10:00:00+00:00
engagement-emp-86-8,emp-86,64,pulse,stable,Mesure mensuelle d'engagement.,-3,medium,"{""absences_30j"": 3, ""overdue_tasks"": 1, ""mandatory_training_gap"": 0, ""active_projects"": 3}",2024-02-15T10:00:00+00:00
engagement-emp-86-9,emp-86,68,survey,engaged,Mesure mensuelle d'engagement.,4,medium,"{""absences_30j"": 2, ""overdue_tasks"": 3, ""mandatory_training_gap"": 0, ""active_projects"": 1}",2024-03-15T10:00:00+00:00
engagement-emp-86-10,emp-86,65,survey,stable,Mesure mensuelle d'engagement.,-3,medium,"{""absences_30j"": 3, ""overdue_tasks"": 2, ""mandatory_training_gap"": 0, ""active_projects"": 1}",2024-04-15T10:00:00+00:00
engagement-emp-86-11,emp-86,61,pulse,stable,Mesure mensuelle d'engagement.,-4,medium,"{""absences_30j"": 2, ""overdue_tasks"": 3, ""mandatory_training_gap"": 0, ""active_projects"": 1}",2024-05-15T10:00:00+00:00
engagement-emp-86-12,emp-86,58,pulse,boost,Mesure mensuelle d'engagement.,-3,medium,"{""absences_30j"": 2, ""overdue_tasks"": 4, ""mandatory_training_gap"": 1, ""active_projects"": 2}",2024-06-15T10:00:00+00:00
engagement-emp-86-13,emp-86,56,manager_review,engaged,Mesure mensuelle d'engagement.,-2,medium,"{""absences_30j"": 0, ""overdue_tasks"": 0, ""mandatory_training_gap"": 1, ""active_projects"": 3}",2024-07-15T10:00:00+00:00
engagement-emp-86-14,emp-86,53,survey,boost,Mesure mensuelle d'engagement.,-3,high,"{""absences_30j"": 2, ""overdue_tasks"": 2, ""mandatory_training_gap"": 0, ""active_projects"": 3}",2024-08-15T10:00:00+00:00
engagement-emp-86-15,emp-86,57,manager_review,stable,Mesure mensuelle d'engagement.,4,medium,"{""absences_30j"": 0, ""overdue_tasks"": 2, ""mandatory_training_gap"": 1, ""active_projects"": 2}",2024-09-15T10:00:00+00:00
engagement-emp-86-16,emp-86,55,manager_review,watch,Mesure mensuelle d'engagement.,-2,medium,"{""absences_30j"": 0, ""overdue_tasks"": 1, ""mandatory_training_gap"": 0, ""active_projects"": 1}",2024-10-15T10:00:00+00:00
engagement-emp-86-17,emp-86,56,pulse,engaged,Mesure mensuelle d'engagement.,1,medium,"{""absences_30j"": 1, ""overdue_tasks"": 1, ""mandatory_training_gap"": 0, ""active_projects"": 2}",2024-11-15T10:00:00+00:00
engagement-emp-86-18,emp-86,53,pulse,boost,Mesure mensuelle d'engagement.,-3,high,"{""absences_30j"": 2, ""overdue_tasks"": 4, ""mandatory_training_gap"": 0, ""active_projects"": 1}",2024-12-15T10:00:00+00:00
engagement-emp-86-19,emp-86,57,pulse,watch,Mesure mensuelle d'engagement.,4,medium,"{""absences_30j"": 0, ""overdue_tasks"": 3, ""mandatory_training_gap"": 0, ""active_projects"": 3}",2025-01-15T10:00:00+00:00
engagement-emp-86-20,emp-86,56,pulse,boost,Mesure mensuelle d'engagement.,-1,medium,"{""absences_30j"": 2, ""overdue_tasks"": 4, ""mandatory_training_gap"": 0, ""active_projects"": 2}",2025-02-15T10:00:00+00:00
engagement-emp-86-21,emp-86,58,manager_review,watch,Mesure mensuelle d'engagement.,2,medium,"{""absences_30j"": 3, ""overdue_tasks"": 4, ""mandatory_training_gap"": 1, ""active_projects"": 3}",2025-03-15T10:00:00+00:00
engagement-emp-86-22,emp-86,58,survey,boost,Mesure mensuelle d'engagement.,0,medium,"{""absences_30j"": 2, ""overdue_tasks"": 2, ""mandatory_training_gap"": 1, ""active_projects"": 3}",2025-04-15T10:00:00+00:00
engagement-emp-86-23,emp-86,62,pulse,boost,Mesure mensuelle d'engagement.,4,medium,"{""absences_30j"": 1, ""overdue_tasks"": 4, ""mandatory_training_gap"": 1, ""active_projects"": 3}",2025-05-15T10:00:00+00:00
engagement-emp-86-24,emp-86,64,pulse,engaged,Mesure mensuelle d'engagement.,2,medium,"{""absences_30j"": 3, ""overdue_tasks"": 1, ""mandatory_training_gap"": 1, ""active_projects"": 2}",2025-06-15T10:00:00+00:00
engagement-emp-86-25,emp-86,63,manager_review,boost,Mesure mensuelle d'engagement.,-1,medium,"{""absences_30j"": 2, ""overdue_tasks"": 0, ""mandatory_training_gap"": 1, ""active_projects"": 2}",2025-07-15T10:00:00+00:00
engagement-emp-86-26,emp-86,64,manager_review,watch,Mesure mensuelle d'engagement.,1,medium,"{""absences_30j"": 0, ""overdue_tasks"": 4, ""mandatory_training_gap"": 0, ""active_projects"": 1}",2025-08-15T10:00:00+00:00
engagement-emp-86-27,emp-86,62,survey,engaged,Mesure mensuelle d'engagement.,-2,medium,"{""absences_30j"": 2, ""overdue_tasks"": 4, ""mandatory_training_gap"": 0, ""active_projects"": 2}",2025-09-15T10:00:00+00:00
engagement-emp-86-28,emp-86,60,manager_review,stable,Mesure mensuelle d'engagement.,-2,medium,"{""absences_30j"": 3, ""overdue_tasks"": 0, ""mandatory_training_gap"": 1, ""active_projects"": 3}",2025-10-15T10:00:00+00:00
engagement-emp-86-29,emp-86,61,pulse,stable,Mesure mensuelle d'engagement.,1,medium,"{""absences_30j"": 1, ""overdue_tasks"": 1, ""mandatory_training_gap"": 1, ""active_projects"": 2}",2025-11-15T10:00:00+00:00
engagement-emp-86-30,emp-86,58,manager_review,engaged,Mesure mensuelle d'engagement.,-3,medium,"{""absences_30j"": 2, ""overdue_tasks"": 1, ""mandatory_training_gap"": 0, ""active_projects"": 3}",2025-12-15T10:00:00+00:00
engagement-emp-86-31,emp-86,61,pulse,watch,Mesure mensuelle d'engagement.,3,medium,"{""absences_30j"": 3, ""overdue_tasks"": 2, ""mandatory_training_gap"": 0, ""active_projects"": 1}",2026-01-15T10:00:00+00:00
engagement-emp-86-32,emp-86,57,pulse,engaged,Mesure mensuelle d'engagement.,-4,medium,"{""absences_30j"": 0, ""overdue_tasks"": 4, ""mandatory_training_gap"": 0, ""active_projects"": 1}",2026-02-15T10:00:00+00:00
engagement-emp-86-33,emp-86,58,pulse,engaged,Mesure mensuelle d'engagement.,1,medium,"{""absences_30j"": 2, ""overdue_tasks"": 4, ""mandatory_training_gap"": 0, ""active_projects"": 2}",2026-03-15T10:00:00+00:00
engagement-emp-86-34,emp-86,55,manager_review,watch,Mesure mensuelle d'engagement.,-3,medium,"{""absences_30j"": 1, ""overdue_tasks"": 4, ""mandatory_training_gap"": 0, ""active_projects"": 2}",2026-04-15T10:00:00+00:00
engagement-emp-86-35,emp-86,54,survey,watch,Mesure mensuelle d'engagement.,-1,high,"{""absences_30j"": 1, ""overdue_tasks"": 2, ""mandatory_training_gap"": 0, ""active_projects"": 3}",2026-05-15T10:00:00+00:00
engagement-emp-86-36,emp-86,50,survey,engaged,Mesure mensuelle d'engagement.,-4,high,"{""absences_30j"": 0, ""overdue_tasks"": 3, ""mandatory_training_gap"": 0, ""active_projects"": 2}",2026-06-15T10:00:00+00:00
engagement-emp-87-0,emp-87,74,manager_review,watch,Mesure mensuelle d'engagement.,2,low,"{""absences_30j"": 2, ""overdue_tasks"": 4, ""mandatory_training_gap"": 1, ""active_projects"": 2}",2025-09-15T10:00:00+00:00
engagement-emp-87-1,emp-87,78,pulse,engaged,Mesure mensuelle d'engagement.,4,low,"{""absences_30j"": 1, ""overdue_tasks"": 0, ""mandatory_training_gap"": 1, ""active_projects"": 2}",2025-10-15T10:00:00+00:00
engagement-emp-87-2,emp-87,76,survey,watch,Mesure mensuelle d'engagement.,-2,low,"{""absences_30j"": 1, ""overdue_tasks"": 4, ""mandatory_training_gap"": 0, ""active_projects"": 1}",2025-11-15T10:00:00+00:00
engagement-emp-87-3,emp-87,72,survey,boost,Mesure mensuelle d'engagement.,-4,low,"{""absences_30j"": 1, ""overdue_tasks"": 2, ""mandatory_training_gap"": 1, ""active_projects"": 1}",2025-12-15T10:00:00+00:00
engagement-emp-87-4,emp-87,73,pulse,stable,Mesure mensuelle d'engagement.,1,low,"{""absences_30j"": 2, ""overdue_tasks"": 3, ""mandatory_training_gap"": 1, ""active_projects"": 2}",2026-01-15T10:00:00+00:00
engagement-emp-87-5,emp-87,74,survey,stable,Mesure mensuelle d'engagement.,1,low,"{""absences_30j"": 0, ""overdue_tasks"": 4, ""mandatory_training_gap"": 0, ""active_projects"": 2}",2026-02-15T10:00:00+00:00
engagement-emp-87-6,emp-87,78,manager_review,watch,Mesure mensuelle d'engagement.,4,low,"{""absences_30j"": 2, ""overdue_tasks"": 1, ""mandatory_training_gap"": 1, ""active_projects"": 2}",2026-03-15T10:00:00+00:00
engagement-emp-87-7,emp-87,79,survey,boost,Mesure mensuelle d'engagement.,1,low,"{""absences_30j"": 3, ""overdue_tasks"": 1, ""mandatory_training_gap"": 0, ""active_projects"": 1}",2026-04-15T10:00:00+00:00
engagement-emp-87-8,emp-87,79,survey,engaged,Mesure mensuelle d'engagement.,0,low,"{""absences_30j"": 2, ""overdue_tasks"": 3, ""mandatory_training_gap"": 0, ""active_projects"": 3}",2026-05-15T10:00:00+00:00
engagement-emp-87-9,emp-87,77,manager_review,stable,Mesure mensuelle d'engagement.,-2,low,"{""absences_30j"": 3, ""overdue_tasks"": 3, ""mandatory_training_gap"": 1, ""active_projects"": 1}",2026-06-15T10:00:00+00:00
engagement-emp-88-0,emp-88,64,survey,engaged,Mesure mensuelle d'engagement.,-1,medium,"{""absences_30j"": 1, ""overdue_tasks"": 0, ""mandatory_training_gap"": 1, ""active_projects"": 2}",2023-06-15T10:00:00+00:00
engagement-emp-88-1,emp-88,62,survey,engaged,Mesure mensuelle d'engagement.,-2,medium,"{""absences_30j"": 2, ""overdue_tasks"": 3, ""mandatory_training_gap"": 1, ""active_projects"": 2}",2023-07-15T10:00:00+00:00
engagement-emp-88-2,emp-88,63,manager_review,watch,Mesure mensuelle d'engagement.,1,medium,"{""absences_30j"": 2, ""overdue_tasks"": 2, ""mandatory_training_gap"": 1, ""active_projects"": 1}",2023-08-15T10:00:00+00:00
engagement-emp-88-3,emp-88,62,pulse,stable,Mesure mensuelle d'engagement.,-1,medium,"{""absences_30j"": 0, ""overdue_tasks"": 4, ""mandatory_training_gap"": 0, ""active_projects"": 1}",2023-09-15T10:00:00+00:00
engagement-emp-88-4,emp-88,66,pulse,stable,Mesure mensuelle d'engagement.,4,medium,"{""absences_30j"": 1, ""overdue_tasks"": 2, ""mandatory_training_gap"": 0, ""active_projects"": 3}",2023-10-15T10:00:00+00:00
engagement-emp-88-5,emp-88,65,manager_review,watch,Mesure mensuelle d'engagement.,-1,medium,"{""absences_30j"": 3, ""overdue_tasks"": 0, ""mandatory_training_gap"": 1, ""active_projects"": 1}",2023-11-15T10:00:00+00:00
engagement-emp-88-6,emp-88,63,survey,stable,Mesure mensuelle d'engagement.,-2,medium,"{""absences_30j"": 2, ""overdue_tasks"": 0, ""mandatory_training_gap"": 0, ""active_projects"": 1}",2023-12-15T10:00:00+00:00
engagement-emp-88-7,emp-88,59,survey,watch,Mesure mensuelle d'engagement.,-4,medium,"{""absences_30j"": 0, ""overdue_tasks"": 0, ""mandatory_training_gap"": 1, ""active_projects"": 1}",2024-01-15T10:00:00+00:00
engagement-emp-88-8,emp-88,63,pulse,boost,Mesure mensuelle d'engagement.,4,medium,"{""absences_30j"": 0, ""overdue_tasks"": 0, ""mandatory_training_gap"": 1, ""active_projects"": 2}",2024-02-15T10:00:00+00:00
engagement-emp-88-9,emp-88,60,survey,engaged,Mesure mensuelle d'engagement.,-3,medium,"{""absences_30j"": 3, ""overdue_tasks"": 2, ""mandatory_training_gap"": 0, ""active_projects"": 3}",2024-03-15T10:00:00+00:00
engagement-emp-88-10,emp-88,59,pulse,engaged,Mesure mensuelle d'engagement.,-1,medium,"{""absences_30j"": 2, ""overdue_tasks"": 1, ""mandatory_training_gap"": 1, ""active_projects"": 3}",2024-04-15T10:00:00+00:00
engagement-emp-88-11,emp-88,62,manager_review,watch,Mesure mensuelle d'engagement.,3,medium,"{""absences_30j"": 0, ""overdue_tasks"": 2, ""mandatory_training_gap"": 0, ""active_projects"": 1}",2024-05-15T10:00:00+00:00
engagement-emp-88-12,emp-88,64,survey,watch,Mesure mensuelle d'engagement.,2,medium,"{""absences_30j"": 0, ""overdue_tasks"": 3, ""mandatory_training_gap"": 1, ""active_projects"": 3}",2024-06-15T10:00:00+00:00
engagement-emp-88-13,emp-88,67,manager_review,stable,Mesure mensuelle d'engagement.,3,medium,"{""absences_30j"": 3, ""overdue_tasks"": 4, ""mandatory_training_gap"": 0, ""active_projects"": 1}",2024-07-15T10:00:00+00:00
engagement-emp-88-14,emp-88,66,survey,watch,Mesure mensuelle d'engagement.,-1,medium,"{""absences_30j"": 2, ""overdue_tasks"": 1, ""mandatory_training_gap"": 1, ""active_projects"": 1}",2024-08-15T10:00:00+00:00
engagement-emp-88-15,emp-88,68,pulse,stable,Mesure mensuelle d'engagement.,2,medium,"{""absences_30j"": 2, ""overdue_tasks"": 4, ""mandatory_training_gap"": 0, ""active_projects"": 2}",2024-09-15T10:00:00+00:00
engagement-emp-88-16,emp-88,66,pulse,stable,Mesure mensuelle d'engagement.,-2,medium,"{""absences_30j"": 1, ""overdue_tasks"": 3, ""mandatory_training_gap"": 0, ""active_projects"": 2}",2024-10-15T10:00:00+00:00
engagement-emp-88-17,emp-88,69,manager_review,stable,Mesure mensuelle d'engagement.,3,medium,"{""absences_30j"": 3, ""overdue_tasks"": 3, ""mandatory_training_gap"": 0, ""active_projects"": 3}",2024-11-15T10:00:00+00:00
engagement-emp-88-18,emp-88,65,pulse,engaged,Mesure mensuelle d'engagement.,-4,medium,"{""absences_30j"": 2, ""overdue_tasks"": 2, ""mandatory_training_gap"": 0, ""active_projects"": 3}",2024-12-15T10:00:00+00:00
engagement-emp-88-19,emp-88,69,pulse,engaged,Mesure mensuelle d'engagement.,4,medium,"{""absences_30j"": 2, ""overdue_tasks"": 4, ""mandatory_training_gap"": 1, ""active_projects"": 1}",2025-01-15T10:00:00+00:00
engagement-emp-88-20,emp-88,68,pulse,engaged,Mesure mensuelle d'engagement.,-1,medium,"{""absences_30j"": 2, ""overdue_tasks"": 2, ""mandatory_training_gap"": 1, ""active_projects"": 1}",2025-02-15T10:00:00+00:00
engagement-emp-88-21,emp-88,66,manager_review,boost,Mesure mensuelle d'engagement.,-2,medium,"{""absences_30j"": 1, ""overdue_tasks"": 1, ""mandatory_training_gap"": 0, ""active_projects"": 1}",2025-03-15T10:00:00+00:00
engagement-emp-88-22,emp-88,64,pulse,watch,Mesure mensuelle d'engagement.,-2,medium,"{""absences_30j"": 3, ""overdue_tasks"": 2, ""mandatory_training_gap"": 0, ""active_projects"": 3}",2025-04-15T10:00:00+00:00
engagement-emp-88-23,emp-88,62,pulse,engaged,Mesure mensuelle d'engagement.,-2,medium,"{""absences_30j"": 2, ""overdue_tasks"": 0, ""mandatory_training_gap"": 1, ""active_projects"": 3}",2025-05-15T10:00:00+00:00
engagement-emp-88-24,emp-88,66,manager_review,watch,Mesure mensuelle d'engagement.,4,medium,"{""absences_30j"": 2, ""overdue_tasks"": 2, ""mandatory_training_gap"": 0, ""active_projects"": 3}",2025-06-15T10:00:00+00:00
engagement-emp-88-25,emp-88,62,pulse,stable,Mesure mensuelle d'engagement.,-4,medium,"{""absences_30j"": 3, ""overdue_tasks"": 2, ""mandatory_training_gap"": 0, ""active_projects"": 2}",2025-07-15T10:00:00+00:00
engagement-emp-88-26,emp-88,63,survey,stable,Mesure mensuelle d'engagement.,1,medium,"{""absences_30j"": 1, ""overdue_tasks"": 3, ""mandatory_training_gap"": 0, ""active_projects"": 1}",2025-08-15T10:00:00+00:00
engagement-emp-88-27,emp-88,60,pulse,watch,Mesure mensuelle d'engagement.,-3,medium,"{""absences_30j"": 2, ""overdue_tasks"": 3, ""mandatory_training_gap"": 1, ""active_projects"": 3}",2025-09-15T10:00:00+00:00
engagement-emp-88-28,emp-88,56,pulse,boost,Mesure mensuelle d'engagement.,-4,medium,"{""absences_30j"": 1, ""overdue_tasks"": 0, ""mandatory_training_gap"": 0, ""active_projects"": 2}",2025-10-15T10:00:00+00:00
engagement-emp-88-29,emp-88,57,pulse,boost,Mesure mensuelle d'engagement.,1,medium,"{""absences_30j"": 3, ""overdue_tasks"": 2, ""mandatory_training_gap"": 0, ""active_projects"": 3}",2025-11-15T10:00:00+00:00
engagement-emp-88-30,emp-88,61,survey,stable,Mesure mensuelle d'engagement.,4,medium,"{""absences_30j"": 2, ""overdue_tasks"": 4, ""mandatory_training_gap"": 0, ""active_projects"": 1}",2025-12-15T10:00:00+00:00
engagement-emp-88-31,emp-88,58,survey,stable,Mesure mensuelle d'engagement.,-3,medium,"{""absences_30j"": 0, ""overdue_tasks"": 3, ""mandatory_training_gap"": 1, ""active_projects"": 1}",2026-01-15T10:00:00+00:00
engagement-emp-88-32,emp-88,62,manager_review,boost,Mesure mensuelle d'engagement.,4,medium,"{""absences_30j"": 0, ""overdue_tasks"": 0, ""mandatory_training_gap"": 1, ""active_projects"": 2}",2026-02-15T10:00:00+00:00
engagement-emp-88-33,emp-88,63,survey,boost,Mesure mensuelle d'engagement.,1,medium,"{""absences_30j"": 2, ""overdue_tasks"": 1, ""mandatory_training_gap"": 1, ""active_projects"": 1}",2026-03-15T10:00:00+00:00
engagement-emp-88-34,emp-88,61,survey,watch,Mesure mensuelle d'engagement.,-2,medium,"{""absences_30j"": 3, ""overdue_tasks"": 3, ""mandatory_training_gap"": 1, ""active_projects"": 3}",2026-04-15T10:00:00+00:00
engagement-emp-88-35,emp-88,63,pulse,engaged,Mesure mensuelle d'engagement.,2,medium,"{""absences_30j"": 2, ""overdue_tasks"": 3, ""mandatory_training_gap"": 1, ""active_projects"": 3}",2026-05-15T10:00:00+00:00
engagement-emp-88-36,emp-88,64,manager_review,stable,Mesure mensuelle d'engagement.,1,medium,"{""absences_30j"": 2, ""overdue_tasks"": 3, ""mandatory_training_gap"": 1, ""active_projects"": 1}",2026-06-15T10:00:00+00:00
engagement-emp-89-0,emp-89,86,survey,stable,Mesure mensuelle d'engagement.,-1,low,"{""absences_30j"": 0, ""overdue_tasks"": 1, ""mandatory_training_gap"": 0, ""active_projects"": 2}",2024-09-15T10:00:00+00:00
engagement-emp-89-1,emp-89,82,manager_review,stable,Mesure mensuelle d'engagement.,-4,low,"{""absences_30j"": 3, ""overdue_tasks"": 1, ""mandatory_training_gap"": 0, ""active_projects"": 2}",2024-10-15T10:00:00+00:00
engagement-emp-89-2,emp-89,79,manager_review,watch,Mesure mensuelle d'engagement.,-3,low,"{""absences_30j"": 3, ""overdue_tasks"": 2, ""mandatory_training_gap"": 0, ""active_projects"": 3}",2024-11-15T10:00:00+00:00
engagement-emp-89-3,emp-89,78,survey,engaged,Mesure mensuelle d'engagement.,-1,low,"{""absences_30j"": 1, ""overdue_tasks"": 3, ""mandatory_training_gap"": 1, ""active_projects"": 1}",2024-12-15T10:00:00+00:00
engagement-emp-89-4,emp-89,82,manager_review,engaged,Mesure mensuelle d'engagement.,4,low,"{""absences_30j"": 0, ""overdue_tasks"": 2, ""mandatory_training_gap"": 1, ""active_projects"": 3}",2025-01-15T10:00:00+00:00
engagement-emp-89-5,emp-89,78,manager_review,engaged,Mesure mensuelle d'engagement.,-4,low,"{""absences_30j"": 3, ""overdue_tasks"": 2, ""mandatory_training_gap"": 1, ""active_projects"": 3}",2025-02-15T10:00:00+00:00
engagement-emp-89-6,emp-89,79,manager_review,engaged,Mesure mensuelle d'engagement.,1,low,"{""absences_30j"": 0, ""overdue_tasks"": 0, ""mandatory_training_gap"": 1, ""active_projects"": 1}",2025-03-15T10:00:00+00:00
engagement-emp-89-7,emp-89,80,manager_review,boost,Mesure mensuelle d'engagement.,1,low,"{""absences_30j"": 3, ""overdue_tasks"": 1, ""mandatory_training_gap"": 1, ""active_projects"": 3}",2025-04-15T10:00:00+00:00
engagement-emp-89-8,emp-89,77,pulse,boost,Mesure mensuelle d'engagement.,-3,low,"{""absences_30j"": 1, ""overdue_tasks"": 4, ""mandatory_training_gap"": 0, ""active_projects"": 3}",2025-05-15T10:00:00+00:00
engagement-emp-89-9,emp-89,73,pulse,watch,Mesure mensuelle d'engagement.,-4,low,"{""absences_30j"": 3, ""overdue_tasks"": 1, ""mandatory_training_gap"": 1, ""active_projects"": 3}",2025-06-15T10:00:00+00:00
engagement-emp-89-10,emp-89,75,survey,stable,Mesure mensuelle d'engagement.,2,low,"{""absences_30j"": 1, ""overdue_tasks"": 0, ""mandatory_training_gap"": 0, ""active_projects"": 1}",2025-07-15T10:00:00+00:00
engagement-emp-89-11,emp-89,72,manager_review,stable,Mesure mensuelle d'engagement.,-3,low,"{""absences_30j"": 3, ""overdue_tasks"": 1, ""mandatory_training_gap"": 0, ""active_projects"": 1}",2025-08-15T10:00:00+00:00
engagement-emp-89-12,emp-89,73,manager_review,watch,Mesure mensuelle d'engagement.,1,low,"{""absences_30j"": 2, ""overdue_tasks"": 0, ""mandatory_training_gap"": 0, ""active_projects"": 3}",2025-09-15T10:00:00+00:00
engagement-emp-89-13,emp-89,74,survey,engaged,Mesure mensuelle d'engagement.,1,low,"{""absences_30j"": 3, ""overdue_tasks"": 4, ""mandatory_training_gap"": 1, ""active_projects"": 1}",2025-10-15T10:00:00+00:00
engagement-emp-89-14,emp-89,70,pulse,engaged,Mesure mensuelle d'engagement.,-4,medium,"{""absences_30j"": 0, ""overdue_tasks"": 1, ""mandatory_training_gap"": 1, ""active_projects"": 3}",2025-11-15T10:00:00+00:00
engagement-emp-89-15,emp-89,72,pulse,boost,Mesure mensuelle d'engagement.,2,low,"{""absences_30j"": 3, ""overdue_tasks"": 4, ""mandatory_training_gap"": 0, ""active_projects"": 2}",2025-12-15T10:00:00+00:00
engagement-emp-89-16,emp-89,71,pulse,boost,Mesure mensuelle d'engagement.,-1,medium,"{""absences_30j"": 3, ""overdue_tasks"": 2, ""mandatory_training_gap"": 0, ""active_projects"": 2}",2026-01-15T10:00:00+00:00
engagement-emp-89-17,emp-89,69,survey,engaged,Mesure mensuelle d'engagement.,-2,medium,"{""absences_30j"": 1, ""overdue_tasks"": 3, ""mandatory_training_gap"": 0, ""active_projects"": 1}",2026-02-15T10:00:00+00:00
engagement-emp-89-18,emp-89,69,pulse,boost,Mesure mensuelle d'engagement.,0,medium,"{""absences_30j"": 2, ""overdue_tasks"": 2, ""mandatory_training_gap"": 0, ""active_projects"": 1}",2026-03-15T10:00:00+00:00
engagement-emp-89-19,emp-89,66,pulse,stable,Mesure mensuelle d'engagement.,-3,medium,"{""absences_30j"": 0, ""overdue_tasks"": 1, ""mandatory_training_gap"": 0, ""active_projects"": 3}",2026-04-15T10:00:00+00:00
engagement-emp-89-20,emp-89,63,manager_review,boost,Mesure mensuelle d'engagement.,-3,medium,"{""absences_30j"": 2, ""overdue_tasks"": 2, ""mandatory_training_gap"": 1, ""active_projects"": 1}",2026-05-15T10:00:00+00:00
engagement-emp-89-21,emp-89,65,survey,stable,Mesure mensuelle d'engagement.,2,medium,"{""absences_30j"": 0, ""overdue_tasks"": 2, ""mandatory_training_gap"": 1, ""active_projects"": 2}",2026-06-15T10:00:00+00:00
engagement-emp-90-0,emp-90,50,manager_review,engaged,Mesure mensuelle d'engagement.,-4,high,"{""absences_30j"": 1, ""overdue_tasks"": 0, ""mandatory_training_gap"": 1, ""active_projects"": 1}",2025-11-15T10:00:00+00:00
engagement-emp-90-1,emp-90,52,survey,stable,Mesure mensuelle d'engagement.,2,high,"{""absences_30j"": 0, ""overdue_tasks"": 0, ""mandatory_training_gap"": 1, ""active_projects"": 1}",2025-12-15T10:00:00+00:00
engagement-emp-90-2,emp-90,48,manager_review,stable,Mesure mensuelle d'engagement.,-4,high,"{""absences_30j"": 2, ""overdue_tasks"": 4, ""mandatory_training_gap"": 1, ""active_projects"": 3}",2026-01-15T10:00:00+00:00
engagement-emp-90-3,emp-90,46,survey,boost,Mesure mensuelle d'engagement.,-2,high,"{""absences_30j"": 2, ""overdue_tasks"": 2, ""mandatory_training_gap"": 1, ""active_projects"": 2}",2026-02-15T10:00:00+00:00
engagement-emp-90-4,emp-90,44,pulse,boost,Mesure mensuelle d'engagement.,-2,high,"{""absences_30j"": 1, ""overdue_tasks"": 3, ""mandatory_training_gap"": 1, ""active_projects"": 1}",2026-03-15T10:00:00+00:00
engagement-emp-90-5,emp-90,40,survey,boost,Mesure mensuelle d'engagement.,-4,high,"{""absences_30j"": 0, ""overdue_tasks"": 4, ""mandatory_training_gap"": 1, ""active_projects"": 1}",2026-04-15T10:00:00+00:00
engagement-emp-90-6,emp-90,40,survey,boost,Mesure mensuelle d'engagement.,0,high,"{""absences_30j"": 1, ""overdue_tasks"": 0, ""mandatory_training_gap"": 1, ""active_projects"": 2}",2026-05-15T10:00:00+00:00
engagement-emp-90-7,emp-90,39,survey,watch,Mesure mensuelle d'engagement.,-1,high,"{""absences_30j"": 0, ""overdue_tasks"": 2, ""mandatory_training_gap"": 0, ""active_projects"": 3}",2026-06-15T10:00:00+00:00
engagement-emp-91-0,emp-91,82,manager_review,stable,Mesure mensuelle d'engagement.,-4,low,"{""absences_30j"": 0, ""overdue_tasks"": 3, ""mandatory_training_gap"": 0, ""active_projects"": 3}",2023-06-15T10:00:00+00:00
engagement-emp-91-1,emp-91,85,pulse,boost,Mesure mensuelle d'engagement.,3,low,"{""absences_30j"": 1, ""overdue_tasks"": 0, ""mandatory_training_gap"": 1, ""active_projects"": 3}",2023-07-15T10:00:00+00:00
engagement-emp-91-2,emp-91,86,survey,engaged,Mesure mensuelle d'engagement.,1,low,"{""absences_30j"": 0, ""overdue_tasks"": 0, ""mandatory_training_gap"": 1, ""active_projects"": 2}",2023-08-15T10:00:00+00:00
engagement-emp-91-3,emp-91,87,manager_review,boost,Mesure mensuelle d'engagement.,1,low,"{""absences_30j"": 2, ""overdue_tasks"": 3, ""mandatory_training_gap"": 0, ""active_projects"": 1}",2023-09-15T10:00:00+00:00
engagement-emp-91-4,emp-91,89,survey,engaged,Mesure mensuelle d'engagement.,2,low,"{""absences_30j"": 0, ""overdue_tasks"": 0, ""mandatory_training_gap"": 0, ""active_projects"": 3}",2023-10-15T10:00:00+00:00
engagement-emp-91-5,emp-91,87,manager_review,watch,Mesure mensuelle d'engagement.,-2,low,"{""absences_30j"": 2, ""overdue_tasks"": 0, ""mandatory_training_gap"": 1, ""active_projects"": 2}",2023-11-15T10:00:00+00:00
engagement-emp-91-6,emp-91,86,manager_review,boost,Mesure mensuelle d'engagement.,-1,low,"{""absences_30j"": 2, ""overdue_tasks"": 4, ""mandatory_training_gap"": 0, ""active_projects"": 2}",2023-12-15T10:00:00+00:00
engagement-emp-91-7,emp-91,84,pulse,engaged,Mesure mensuelle d'engagement.,-2,low,"{""absences_30j"": 2, ""overdue_tasks"": 0, ""mandatory_training_gap"": 0, ""active_projects"": 3}",2024-01-15T10:00:00+00:00
engagement-emp-91-8,emp-91,80,manager_review,stable,Mesure mensuelle d'engagement.,-4,low,"{""absences_30j"": 1, ""overdue_tasks"": 4, ""mandatory_training_gap"": 0, ""active_projects"": 2}",2024-02-15T10:00:00+00:00
engagement-emp-91-9,emp-91,78,manager_review,boost,Mesure mensuelle d'engagement.,-2,low,"{""absences_30j"": 2, ""overdue_tasks"": 1, ""mandatory_training_gap"": 0, ""active_projects"": 3}",2024-03-15T10:00:00+00:00
engagement-emp-91-10,emp-91,80,pulse,stable,Mesure mensuelle d'engagement.,2,low,"{""absences_30j"": 3, ""overdue_tasks"": 4, ""mandatory_training_gap"": 0, ""active_projects"": 1}",2024-04-15T10:00:00+00:00
engagement-emp-91-11,emp-91,79,pulse,stable,Mesure mensuelle d'engagement.,-1,low,"{""absences_30j"": 0, ""overdue_tasks"": 2, ""mandatory_training_gap"": 0, ""active_projects"": 2}",2024-05-15T10:00:00+00:00
engagement-emp-91-12,emp-91,78,survey,boost,Mesure mensuelle d'engagement.,-1,low,"{""absences_30j"": 1, ""overdue_tasks"": 1, ""mandatory_training_gap"": 0, ""active_projects"": 3}",2024-06-15T10:00:00+00:00
engagement-emp-91-13,emp-91,76,manager_review,engaged,Mesure mensuelle d'engagement.,-2,low,"{""absences_30j"": 3, ""overdue_tasks"": 0, ""mandatory_training_gap"": 0, ""active_projects"": 2}",2024-07-15T10:00:00+00:00
engagement-emp-91-14,emp-91,80,survey,boost,Mesure mensuelle d'engagement.,4,low,"{""absences_30j"": 2, ""overdue_tasks"": 0, ""mandatory_training_gap"": 0, ""active_projects"": 3}",2024-08-15T10:00:00+00:00
engagement-emp-91-15,emp-91,76,pulse,engaged,Mesure mensuelle d'engagement.,-4,low,"{""absences_30j"": 1, ""overdue_tasks"": 0, ""mandatory_training_gap"": 1, ""active_projects"": 1}",2024-09-15T10:00:00+00:00
engagement-emp-91-16,emp-91,79,manager_review,boost,Mesure mensuelle d'engagement.,3,low,"{""absences_30j"": 1, ""overdue_tasks"": 1, ""mandatory_training_gap"": 0, ""active_projects"": 1}",2024-10-15T10:00:00+00:00
engagement-emp-91-17,emp-91,80,survey,watch,Mesure mensuelle d'engagement.,1,low,"{""absences_30j"": 0, ""overdue_tasks"": 1, ""mandatory_training_gap"": 1, ""active_projects"": 2}",2024-11-15T10:00:00+00:00
engagement-emp-91-18,emp-91,78,survey,stable,Mesure mensuelle d'engagement.,-2,low,"{""absences_30j"": 1, ""overdue_tasks"": 0, ""mandatory_training_gap"": 1, ""active_projects"": 3}",2024-12-15T10:00:00+00:00
engagement-emp-91-19,emp-91,78,manager_review,boost,Mesure mensuelle d'engagement.,0,low,"{""absences_30j"": 3, ""overdue_tasks"": 2, ""mandatory_training_gap"": 1, ""active_projects"": 1}",2025-01-15T10:00:00+00:00
engagement-emp-91-20,emp-91,82,survey,stable,Mesure mensuelle d'engagement.,4,low,"{""absences_30j"": 1, ""overdue_tasks"": 2, ""mandatory_training_gap"": 1, ""active_projects"": 1}",2025-02-15T10:00:00+00:00
engagement-emp-91-21,emp-91,82,pulse,stable,Mesure mensuelle d'engagement.,0,low,"{""absences_30j"": 3, ""overdue_tasks"": 0, ""mandatory_training_gap"": 0, ""active_projects"": 1}",2025-03-15T10:00:00+00:00
engagement-emp-91-22,emp-91,80,manager_review,watch,Mesure mensuelle d'engagement.,-2,low,"{""absences_30j"": 3, ""overdue_tasks"": 3, ""mandatory_training_gap"": 0, ""active_projects"": 1}",2025-04-15T10:00:00+00:00
engagement-emp-91-23,emp-91,81,pulse,engaged,Mesure mensuelle d'engagement.,1,low,"{""absences_30j"": 2, ""overdue_tasks"": 0, ""mandatory_training_gap"": 1, ""active_projects"": 1}",2025-05-15T10:00:00+00:00
engagement-emp-91-24,emp-91,84,manager_review,engaged,Mesure mensuelle d'engagement.,3,low,"{""absences_30j"": 1, ""overdue_tasks"": 4, ""mandatory_training_gap"": 1, ""active_projects"": 2}",2025-06-15T10:00:00+00:00
engagement-emp-91-25,emp-91,88,manager_review,boost,Mesure mensuelle d'engagement.,4,low,"{""absences_30j"": 0, ""overdue_tasks"": 4, ""mandatory_training_gap"": 1, ""active_projects"": 1}",2025-07-15T10:00:00+00:00
engagement-emp-91-26,emp-91,88,pulse,watch,Mesure mensuelle d'engagement.,0,low,"{""absences_30j"": 3, ""overdue_tasks"": 2, ""mandatory_training_gap"": 1, ""active_projects"": 1}",2025-08-15T10:00:00+00:00
engagement-emp-91-27,emp-91,84,manager_review,stable,Mesure mensuelle d'engagement.,-4,low,"{""absences_30j"": 0, ""overdue_tasks"": 1, ""mandatory_training_gap"": 0, ""active_projects"": 3}",2025-09-15T10:00:00+00:00
engagement-emp-91-28,emp-91,81,survey,watch,Mesure mensuelle d'engagement.,-3,low,"{""absences_30j"": 2, ""overdue_tasks"": 4, ""mandatory_training_gap"": 0, ""active_projects"": 1}",2025-10-15T10:00:00+00:00
engagement-emp-91-29,emp-91,85,pulse,engaged,Mesure mensuelle d'engagement.,4,low,"{""absences_30j"": 0, ""overdue_tasks"": 3, ""mandatory_training_gap"": 0, ""active_projects"": 3}",2025-11-15T10:00:00+00:00
engagement-emp-91-30,emp-91,81,survey,watch,Mesure mensuelle d'engagement.,-4,low,"{""absences_30j"": 2, ""overdue_tasks"": 4, ""mandatory_training_gap"": 0, ""active_projects"": 2}",2025-12-15T10:00:00+00:00
engagement-emp-91-31,emp-91,83,pulse,boost,Mesure mensuelle d'engagement.,2,low,"{""absences_30j"": 0, ""overdue_tasks"": 3, ""mandatory_training_gap"": 1, ""active_projects"": 3}",2026-01-15T10:00:00+00:00
engagement-emp-91-32,emp-91,87,manager_review,stable,Mesure mensuelle d'engagement.,4,low,"{""absences_30j"": 0, ""overdue_tasks"": 1, ""mandatory_training_gap"": 0, ""active_projects"": 1}",2026-02-15T10:00:00+00:00
engagement-emp-91-33,emp-91,87,pulse,stable,Mesure mensuelle d'engagement.,0,low,"{""absences_30j"": 1, ""overdue_tasks"": 0, ""mandatory_training_gap"": 1, ""active_projects"": 1}",2026-03-15T10:00:00+00:00
engagement-emp-91-34,emp-91,87,survey,stable,Mesure mensuelle d'engagement.,0,low,"{""absences_30j"": 1, ""overdue_tasks"": 4, ""mandatory_training_gap"": 1, ""active_projects"": 3}",2026-04-15T10:00:00+00:00
engagement-emp-91-35,emp-91,85,manager_review,watch,Mesure mensuelle d'engagement.,-2,low,"{""absences_30j"": 0, ""overdue_tasks"": 3, ""mandatory_training_gap"": 1, ""active_projects"": 1}",2026-05-15T10:00:00+00:00
engagement-emp-91-36,emp-91,85,manager_review,boost,Mesure mensuelle d'engagement.,0,low,"{""absences_30j"": 2, ""overdue_tasks"": 1, ""mandatory_training_gap"": 0, ""active_projects"": 2}",2026-06-15T10:00:00+00:00
engagement-emp-92-0,emp-92,75,survey,boost,Mesure mensuelle d'engagement.,-3,low,"{""absences_30j"": 0, ""overdue_tasks"": 1, ""mandatory_training_gap"": 0, ""active_projects"": 1}",2023-06-15T10:00:00+00:00
engagement-emp-92-1,emp-92,73,pulse,engaged,Mesure mensuelle d'engagement.,-2,low,"{""absences_30j"": 1, ""overdue_tasks"": 3, ""mandatory_training_gap"": 0, ""active_projects"": 2}",2023-07-15T10:00:00+00:00
engagement-emp-92-2,emp-92,71,manager_review,engaged,Mesure mensuelle d'engagement.,-2,medium,"{""absences_30j"": 0, ""overdue_tasks"": 0, ""mandatory_training_gap"": 0, ""active_projects"": 2}",2023-08-15T10:00:00+00:00
engagement-emp-92-3,emp-92,73,manager_review,watch,Mesure mensuelle d'engagement.,2,low,"{""absences_30j"": 0, ""overdue_tasks"": 4, ""mandatory_training_gap"": 1, ""active_projects"": 1}",2023-09-15T10:00:00+00:00
engagement-emp-92-4,emp-92,74,pulse,boost,Mesure mensuelle d'engagement.,1,low,"{""absences_30j"": 2, ""overdue_tasks"": 1, ""mandatory_training_gap"": 0, ""active_projects"": 3}",2023-10-15T10:00:00+00:00
engagement-emp-92-5,emp-92,70,pulse,stable,Mesure mensuelle d'engagement.,-4,medium,"{""absences_30j"": 0, ""overdue_tasks"": 0, ""mandatory_training_gap"": 1, ""active_projects"": 3}",2023-11-15T10:00:00+00:00
engagement-emp-92-6,emp-92,72,survey,engaged,Mesure mensuelle d'engagement.,2,low,"{""absences_30j"": 3, ""overdue_tasks"": 3, ""mandatory_training_gap"": 0, ""active_projects"": 1}",2023-12-15T10:00:00+00:00
engagement-emp-92-7,emp-92,70,manager_review,engaged,Mesure mensuelle d'engagement.,-2,medium,"{""absences_30j"": 2, ""overdue_tasks"": 0, ""mandatory_training_gap"": 1, ""active_projects"": 1}",2024-01-15T10:00:00+00:00
engagement-emp-92-8,emp-92,73,survey,stable,Mesure mensuelle d'engagement.,3,low,"{""absences_30j"": 0, ""overdue_tasks"": 0, ""mandatory_training_gap"": 1, ""active_projects"": 2}",2024-02-15T10:00:00+00:00
engagement-emp-92-9,emp-92,73,manager_review,watch,Mesure mensuelle d'engagement.,0,low,"{""absences_30j"": 3, ""overdue_tasks"": 2, ""mandatory_training_gap"": 0, ""active_projects"": 3}",2024-03-15T10:00:00+00:00
engagement-emp-92-10,emp-92,77,pulse,stable,Mesure mensuelle d'engagement.,4,low,"{""absences_30j"": 2, ""overdue_tasks"": 1, ""mandatory_training_gap"": 0, ""active_projects"": 3}",2024-04-15T10:00:00+00:00
engagement-emp-92-11,emp-92,80,pulse,boost,Mesure mensuelle d'engagement.,3,low,"{""absences_30j"": 1, ""overdue_tasks"": 0, ""mandatory_training_gap"": 1, ""active_projects"": 2}",2024-05-15T10:00:00+00:00
engagement-emp-92-12,emp-92,81,manager_review,stable,Mesure mensuelle d'engagement.,1,low,"{""absences_30j"": 1, ""overdue_tasks"": 4, ""mandatory_training_gap"": 0, ""active_projects"": 3}",2024-06-15T10:00:00+00:00
engagement-emp-92-13,emp-92,82,manager_review,watch,Mesure mensuelle d'engagement.,1,low,"{""absences_30j"": 0, ""overdue_tasks"": 0, ""mandatory_training_gap"": 1, ""active_projects"": 3}",2024-07-15T10:00:00+00:00
engagement-emp-92-14,emp-92,82,pulse,boost,Mesure mensuelle d'engagement.,0,low,"{""absences_30j"": 2, ""overdue_tasks"": 4, ""mandatory_training_gap"": 1, ""active_projects"": 2}",2024-08-15T10:00:00+00:00
engagement-emp-92-15,emp-92,82,survey,boost,Mesure mensuelle d'engagement.,0,low,"{""absences_30j"": 1, ""overdue_tasks"": 3, ""mandatory_training_gap"": 0, ""active_projects"": 1}",2024-09-15T10:00:00+00:00
engagement-emp-92-16,emp-92,79,pulse,engaged,Mesure mensuelle d'engagement.,-3,low,"{""absences_30j"": 1, ""overdue_tasks"": 2, ""mandatory_training_gap"": 1, ""active_projects"": 3}",2024-10-15T10:00:00+00:00
engagement-emp-92-17,emp-92,81,survey,boost,Mesure mensuelle d'engagement.,2,low,"{""absences_30j"": 2, ""overdue_tasks"": 0, ""mandatory_training_gap"": 1, ""active_projects"": 2}",2024-11-15T10:00:00+00:00
engagement-emp-92-18,emp-92,83,pulse,watch,Mesure mensuelle d'engagement.,2,low,"{""absences_30j"": 0, ""overdue_tasks"": 3, ""mandatory_training_gap"": 1, ""active_projects"": 1}",2024-12-15T10:00:00+00:00
engagement-emp-92-19,emp-92,81,pulse,boost,Mesure mensuelle d'engagement.,-2,low,"{""absences_30j"": 0, ""overdue_tasks"": 2, ""mandatory_training_gap"": 1, ""active_projects"": 3}",2025-01-15T10:00:00+00:00
engagement-emp-92-20,emp-92,83,pulse,watch,Mesure mensuelle d'engagement.,2,low,"{""absences_30j"": 3, ""overdue_tasks"": 3, ""mandatory_training_gap"": 0, ""active_projects"": 3}",2025-02-15T10:00:00+00:00
engagement-emp-92-21,emp-92,87,manager_review,boost,Mesure mensuelle d'engagement.,4,low,"{""absences_30j"": 1, ""overdue_tasks"": 1, ""mandatory_training_gap"": 0, ""active_projects"": 3}",2025-03-15T10:00:00+00:00
engagement-emp-92-22,emp-92,84,manager_review,boost,Mesure mensuelle d'engagement.,-3,low,"{""absences_30j"": 0, ""overdue_tasks"": 1, ""mandatory_training_gap"": 0, ""active_projects"": 3}",2025-04-15T10:00:00+00:00
engagement-emp-92-23,emp-92,80,survey,engaged,Mesure mensuelle d'engagement.,-4,low,"{""absences_30j"": 1, ""overdue_tasks"": 4, ""mandatory_training_gap"": 0, ""active_projects"": 3}",2025-05-15T10:00:00+00:00
engagement-emp-92-24,emp-92,78,survey,boost,Mesure mensuelle d'engagement.,-2,low,"{""absences_30j"": 1, ""overdue_tasks"": 1, ""mandatory_training_gap"": 0, ""active_projects"": 1}",2025-06-15T10:00:00+00:00
engagement-emp-92-25,emp-92,74,pulse,engaged,Mesure mensuelle d'engagement.,-4,low,"{""absences_30j"": 2, ""overdue_tasks"": 2, ""mandatory_training_gap"": 0, ""active_projects"": 3}",2025-07-15T10:00:00+00:00
engagement-emp-92-26,emp-92,74,survey,engaged,Mesure mensuelle d'engagement.,0,low,"{""absences_30j"": 1, ""overdue_tasks"": 3, ""mandatory_training_gap"": 1, ""active_projects"": 3}",2025-08-15T10:00:00+00:00
engagement-emp-92-27,emp-92,77,pulse,boost,Mesure mensuelle d'engagement.,3,low,"{""absences_30j"": 3, ""overdue_tasks"": 1, ""mandatory_training_gap"": 1, ""active_projects"": 3}",2025-09-15T10:00:00+00:00
engagement-emp-92-28,emp-92,78,pulse,watch,Mesure mensuelle d'engagement.,1,low,"{""absences_30j"": 3, ""overdue_tasks"": 2, ""mandatory_training_gap"": 1, ""active_projects"": 3}",2025-10-15T10:00:00+00:00
engagement-emp-92-29,emp-92,74,pulse,stable,Mesure mensuelle d'engagement.,-4,low,"{""absences_30j"": 3, ""overdue_tasks"": 2, ""mandatory_training_gap"": 0, ""active_projects"": 3}",2025-11-15T10:00:00+00:00
engagement-emp-92-30,emp-92,70,pulse,watch,Mesure mensuelle d'engagement.,-4,medium,"{""absences_30j"": 0, ""overdue_tasks"": 2, ""mandatory_training_gap"": 0, ""active_projects"": 2}",2025-12-15T10:00:00+00:00
engagement-emp-92-31,emp-92,67,survey,engaged,Mesure mensuelle d'engagement.,-3,medium,"{""absences_30j"": 0, ""overdue_tasks"": 1, ""mandatory_training_gap"": 1, ""active_projects"": 3}",2026-01-15T10:00:00+00:00
engagement-emp-92-32,emp-92,71,survey,boost,Mesure mensuelle d'engagement.,4,medium,"{""absences_30j"": 1, ""overdue_tasks"": 1, ""mandatory_training_gap"": 0, ""active_projects"": 3}",2026-02-15T10:00:00+00:00
engagement-emp-92-33,emp-92,67,pulse,boost,Mesure mensuelle d'engagement.,-4,medium,"{""absences_30j"": 3, ""overdue_tasks"": 4, ""mandatory_training_gap"": 1, ""active_projects"": 1}",2026-03-15T10:00:00+00:00
engagement-emp-92-34,emp-92,64,manager_review,watch,Mesure mensuelle d'engagement.,-3,medium,"{""absences_30j"": 3, ""overdue_tasks"": 0, ""mandatory_training_gap"": 1, ""active_projects"": 2}",2026-04-15T10:00:00+00:00
engagement-emp-92-35,emp-92,60,manager_review,watch,Mesure mensuelle d'engagement.,-4,medium,"{""absences_30j"": 3, ""overdue_tasks"": 4, ""mandatory_training_gap"": 1, ""active_projects"": 2}",2026-05-15T10:00:00+00:00
engagement-emp-92-36,emp-92,56,survey,stable,Mesure mensuelle d'engagement.,-4,medium,"{""absences_30j"": 3, ""overdue_tasks"": 4, ""mandatory_training_gap"": 0, ""active_projects"": 1}",2026-06-15T10:00:00+00:00
engagement-emp-93-0,emp-93,78,manager_review,engaged,Mesure mensuelle d'engagement.,-1,low,"{""absences_30j"": 1, ""overdue_tasks"": 3, ""mandatory_training_gap"": 1, ""active_projects"": 2}",2024-11-15T10:00:00+00:00
engagement-emp-93-1,emp-93,81,survey,watch,Mesure mensuelle d'engagement.,3,low,"{""absences_30j"": 2, ""overdue_tasks"": 4, ""mandatory_training_gap"": 1, ""active_projects"": 1}",2024-12-15T10:00:00+00:00
engagement-emp-93-2,emp-93,78,manager_review,stable,Mesure mensuelle d'engagement.,-3,low,"{""absences_30j"": 2, ""overdue_tasks"": 4, ""mandatory_training_gap"": 1, ""active_projects"": 1}",2025-01-15T10:00:00+00:00
engagement-emp-93-3,emp-93,75,survey,boost,Mesure mensuelle d'engagement.,-3,low,"{""absences_30j"": 2, ""overdue_tasks"": 3, ""mandatory_training_gap"": 0, ""active_projects"": 3}",2025-02-15T10:00:00+00:00
engagement-emp-93-4,emp-93,79,pulse,engaged,Mesure mensuelle d'engagement.,4,low,"{""absences_30j"": 3, ""overdue_tasks"": 3, ""mandatory_training_gap"": 1, ""active_projects"": 1}",2025-03-15T10:00:00+00:00
engagement-emp-93-5,emp-93,82,survey,watch,Mesure mensuelle d'engagement.,3,low,"{""absences_30j"": 2, ""overdue_tasks"": 0, ""mandatory_training_gap"": 0, ""active_projects"": 2}",2025-04-15T10:00:00+00:00
engagement-emp-93-6,emp-93,79,survey,watch,Mesure mensuelle d'engagement.,-3,low,"{""absences_30j"": 0, ""overdue_tasks"": 2, ""mandatory_training_gap"": 1, ""active_projects"": 3}",2025-05-15T10:00:00+00:00
engagement-emp-93-7,emp-93,82,manager_review,stable,Mesure mensuelle d'engagement.,3,low,"{""absences_30j"": 0, ""overdue_tasks"": 3, ""mandatory_training_gap"": 1, ""active_projects"": 3}",2025-06-15T10:00:00+00:00
engagement-emp-93-8,emp-93,84,manager_review,boost,Mesure mensuelle d'engagement.,2,low,"{""absences_30j"": 3, ""overdue_tasks"": 4, ""mandatory_training_gap"": 0, ""active_projects"": 1}",2025-07-15T10:00:00+00:00
engagement-emp-93-9,emp-93,88,survey,watch,Mesure mensuelle d'engagement.,4,low,"{""absences_30j"": 3, ""overdue_tasks"": 1, ""mandatory_training_gap"": 1, ""active_projects"": 3}",2025-08-15T10:00:00+00:00
engagement-emp-93-10,emp-93,84,manager_review,engaged,Mesure mensuelle d'engagement.,-4,low,"{""absences_30j"": 0, ""overdue_tasks"": 4, ""mandatory_training_gap"": 1, ""active_projects"": 3}",2025-09-15T10:00:00+00:00
engagement-emp-93-11,emp-93,88,manager_review,stable,Mesure mensuelle d'engagement.,4,low,"{""absences_30j"": 2, ""overdue_tasks"": 2, ""mandatory_training_gap"": 1, ""active_projects"": 1}",2025-10-15T10:00:00+00:00
engagement-emp-93-12,emp-93,91,survey,engaged,Mesure mensuelle d'engagement.,3,low,"{""absences_30j"": 3, ""overdue_tasks"": 2, ""mandatory_training_gap"": 0, ""active_projects"": 2}",2025-11-15T10:00:00+00:00
engagement-emp-93-13,emp-93,88,survey,engaged,Mesure mensuelle d'engagement.,-3,low,"{""absences_30j"": 3, ""overdue_tasks"": 3, ""mandatory_training_gap"": 0, ""active_projects"": 1}",2025-12-15T10:00:00+00:00
engagement-emp-93-14,emp-93,84,survey,watch,Mesure mensuelle d'engagement.,-4,low,"{""absences_30j"": 3, ""overdue_tasks"": 3, ""mandatory_training_gap"": 1, ""active_projects"": 2}",2026-01-15T10:00:00+00:00
engagement-emp-93-15,emp-93,81,manager_review,watch,Mesure mensuelle d'engagement.,-3,low,"{""absences_30j"": 3, ""overdue_tasks"": 0, ""mandatory_training_gap"": 0, ""active_projects"": 1}",2026-02-15T10:00:00+00:00
engagement-emp-93-16,emp-93,79,pulse,boost,Mesure mensuelle d'engagement.,-2,low,"{""absences_30j"": 2, ""overdue_tasks"": 2, ""mandatory_training_gap"": 0, ""active_projects"": 1}",2026-03-15T10:00:00+00:00
engagement-emp-93-17,emp-93,79,survey,engaged,Mesure mensuelle d'engagement.,0,low,"{""absences_30j"": 0, ""overdue_tasks"": 1, ""mandatory_training_gap"": 0, ""active_projects"": 3}",2026-04-15T10:00:00+00:00
engagement-emp-93-18,emp-93,75,manager_review,stable,Mesure mensuelle d'engagement.,-4,low,"{""absences_30j"": 1, ""overdue_tasks"": 0, ""mandatory_training_gap"": 0, ""active_projects"": 1}",2026-05-15T10:00:00+00:00
engagement-emp-93-19,emp-93,74,survey,stable,Mesure mensuelle d'engagement.,-1,low,"{""absences_30j"": 3, ""overdue_tasks"": 2, ""mandatory_training_gap"": 0, ""active_projects"": 1}",2026-06-15T10:00:00+00:00
engagement-emp-94-0,emp-94,45,pulse,boost,Mesure mensuelle d'engagement.,-1,high,"{""absences_30j"": 0, ""overdue_tasks"": 4, ""mandatory_training_gap"": 0, ""active_projects"": 1}",2023-06-15T10:00:00+00:00
engagement-emp-94-1,emp-94,46,manager_review,watch,Mesure mensuelle d'engagement.,1,high,"{""absences_30j"": 2, ""overdue_tasks"": 0, ""mandatory_training_gap"": 0, ""active_projects"": 1}",2023-07-15T10:00:00+00:00
engagement-emp-94-2,emp-94,49,pulse,boost,Mesure mensuelle d'engagement.,3,high,"{""absences_30j"": 2, ""overdue_tasks"": 1, ""mandatory_training_gap"": 1, ""active_projects"": 2}",2023-08-15T10:00:00+00:00
engagement-emp-94-3,emp-94,49,survey,boost,Mesure mensuelle d'engagement.,0,high,"{""absences_30j"": 3, ""overdue_tasks"": 0, ""mandatory_training_gap"": 0, ""active_projects"": 2}",2023-09-15T10:00:00+00:00
engagement-emp-94-4,emp-94,51,manager_review,boost,Mesure mensuelle d'engagement.,2,high,"{""absences_30j"": 0, ""overdue_tasks"": 2, ""mandatory_training_gap"": 0, ""active_projects"": 3}",2023-10-15T10:00:00+00:00
engagement-emp-94-5,emp-94,48,survey,engaged,Mesure mensuelle d'engagement.,-3,high,"{""absences_30j"": 0, ""overdue_tasks"": 0, ""mandatory_training_gap"": 1, ""active_projects"": 3}",2023-11-15T10:00:00+00:00
engagement-emp-94-6,emp-94,52,survey,stable,Mesure mensuelle d'engagement.,4,high,"{""absences_30j"": 3, ""overdue_tasks"": 3, ""mandatory_training_gap"": 1, ""active_projects"": 1}",2023-12-15T10:00:00+00:00
engagement-emp-94-7,emp-94,56,manager_review,boost,Mesure mensuelle d'engagement.,4,medium,"{""absences_30j"": 2, ""overdue_tasks"": 0, ""mandatory_training_gap"": 1, ""active_projects"": 3}",2024-01-15T10:00:00+00:00
engagement-emp-94-8,emp-94,52,manager_review,watch,Mesure mensuelle d'engagement.,-4,high,"{""absences_30j"": 0, ""overdue_tasks"": 0, ""mandatory_training_gap"": 1, ""active_projects"": 3}",2024-02-15T10:00:00+00:00
engagement-emp-94-9,emp-94,48,survey,stable,Mesure mensuelle d'engagement.,-4,high,"{""absences_30j"": 1, ""overdue_tasks"": 0, ""mandatory_training_gap"": 1, ""active_projects"": 2}",2024-03-15T10:00:00+00:00
engagement-emp-94-10,emp-94,52,pulse,boost,Mesure mensuelle d'engagement.,4,high,"{""absences_30j"": 1, ""overdue_tasks"": 1, ""mandatory_training_gap"": 0, ""active_projects"": 3}",2024-04-15T10:00:00+00:00
engagement-emp-94-11,emp-94,54,survey,stable,Mesure mensuelle d'engagement.,2,high,"{""absences_30j"": 1, ""overdue_tasks"": 3, ""mandatory_training_gap"": 1, ""active_projects"": 2}",2024-05-15T10:00:00+00:00
engagement-emp-94-12,emp-94,56,manager_review,engaged,Mesure mensuelle d'engagement.,2,medium,"{""absences_30j"": 1, ""overdue_tasks"": 1, ""mandatory_training_gap"": 1, ""active_projects"": 1}",2024-06-15T10:00:00+00:00
engagement-emp-94-13,emp-94,58,pulse,stable,Mesure mensuelle d'engagement.,2,medium,"{""absences_30j"": 3, ""overdue_tasks"": 2, ""mandatory_training_gap"": 0, ""active_projects"": 1}",2024-07-15T10:00:00+00:00
engagement-emp-94-14,emp-94,58,survey,boost,Mesure mensuelle d'engagement.,0,medium,"{""absences_30j"": 1, ""overdue_tasks"": 0, ""mandatory_training_gap"": 0, ""active_projects"": 2}",2024-08-15T10:00:00+00:00
engagement-emp-94-15,emp-94,61,pulse,engaged,Mesure mensuelle d'engagement.,3,medium,"{""absences_30j"": 1, ""overdue_tasks"": 2, ""mandatory_training_gap"": 0, ""active_projects"": 3}",2024-09-15T10:00:00+00:00
engagement-emp-94-16,emp-94,65,manager_review,engaged,Mesure mensuelle d'engagement.,4,medium,"{""absences_30j"": 0, ""overdue_tasks"": 0, ""mandatory_training_gap"": 0, ""active_projects"": 1}",2024-10-15T10:00:00+00:00
engagement-emp-94-17,emp-94,61,manager_review,engaged,Mesure mensuelle d'engagement.,-4,medium,"{""absences_30j"": 0, ""overdue_tasks"": 4, ""mandatory_training_gap"": 0, ""active_projects"": 1}",2024-11-15T10:00:00+00:00
engagement-emp-94-18,emp-94,59,pulse,stable,Mesure mensuelle d'engagement.,-2,medium,"{""absences_30j"": 0, ""overdue_tasks"": 2, ""mandatory_training_gap"": 0, ""active_projects"": 1}",2024-12-15T10:00:00+00:00
engagement-emp-94-19,emp-94,59,pulse,engaged,Mesure mensuelle d'engagement.,0,medium,"{""absences_30j"": 2, ""overdue_tasks"": 2, ""mandatory_training_gap"": 0, ""active_projects"": 1}",2025-01-15T10:00:00+00:00
engagement-emp-94-20,emp-94,57,manager_review,watch,Mesure mensuelle d'engagement.,-2,medium,"{""absences_30j"": 3, ""overdue_tasks"": 4, ""mandatory_training_gap"": 0, ""active_projects"": 1}",2025-02-15T10:00:00+00:00
engagement-emp-94-21,emp-94,60,survey,watch,Mesure mensuelle d'engagement.,3,medium,"{""absences_30j"": 2, ""overdue_tasks"": 4, ""mandatory_training_gap"": 1, ""active_projects"": 1}",2025-03-15T10:00:00+00:00
engagement-emp-94-22,emp-94,60,pulse,engaged,Mesure mensuelle d'engagement.,0,medium,"{""absences_30j"": 2, ""overdue_tasks"": 3, ""mandatory_training_gap"": 0, ""active_projects"": 2}",2025-04-15T10:00:00+00:00
engagement-emp-94-23,emp-94,63,pulse,boost,Mesure mensuelle d'engagement.,3,medium,"{""absences_30j"": 2, ""overdue_tasks"": 3, ""mandatory_training_gap"": 0, ""active_projects"": 3}",2025-05-15T10:00:00+00:00
engagement-emp-94-24,emp-94,61,pulse,stable,Mesure mensuelle d'engagement.,-2,medium,"{""absences_30j"": 2, ""overdue_tasks"": 2, ""mandatory_training_gap"": 1, ""active_projects"": 2}",2025-06-15T10:00:00+00:00
engagement-emp-94-25,emp-94,59,pulse,stable,Mesure mensuelle d'engagement.,-2,medium,"{""absences_30j"": 0, ""overdue_tasks"": 2, ""mandatory_training_gap"": 0, ""active_projects"": 3}",2025-07-15T10:00:00+00:00
engagement-emp-94-26,emp-94,55,survey,boost,Mesure mensuelle d'engagement.,-4,medium,"{""absences_30j"": 1, ""overdue_tasks"": 0, ""mandatory_training_gap"": 1, ""active_projects"": 3}",2025-08-15T10:00:00+00:00
engagement-emp-94-27,emp-94,59,pulse,boost,Mesure mensuelle d'engagement.,4,medium,"{""absences_30j"": 3, ""overdue_tasks"": 3, ""mandatory_training_gap"": 1, ""active_projects"": 2}",2025-09-15T10:00:00+00:00
engagement-emp-94-28,emp-94,62,survey,boost,Mesure mensuelle d'engagement.,3,medium,"{""absences_30j"": 1, ""overdue_tasks"": 3, ""mandatory_training_gap"": 0, ""active_projects"": 1}",2025-10-15T10:00:00+00:00
engagement-emp-94-29,emp-94,62,survey,boost,Mesure mensuelle d'engagement.,0,medium,"{""absences_30j"": 1, ""overdue_tasks"": 0, ""mandatory_training_gap"": 1, ""active_projects"": 1}",2025-11-15T10:00:00+00:00
engagement-emp-94-30,emp-94,65,manager_review,engaged,Mesure mensuelle d'engagement.,3,medium,"{""absences_30j"": 0, ""overdue_tasks"": 4, ""mandatory_training_gap"": 1, ""active_projects"": 2}",2025-12-15T10:00:00+00:00
engagement-emp-94-31,emp-94,69,manager_review,engaged,Mesure mensuelle d'engagement.,4,medium,"{""absences_30j"": 0, ""overdue_tasks"": 3, ""mandatory_training_gap"": 1, ""active_projects"": 2}",2026-01-15T10:00:00+00:00
engagement-emp-94-32,emp-94,66,survey,boost,Mesure mensuelle d'engagement.,-3,medium,"{""absences_30j"": 2, ""overdue_tasks"": 4, ""mandatory_training_gap"": 0, ""active_projects"": 2}",2026-02-15T10:00:00+00:00
engagement-emp-94-33,emp-94,69,pulse,engaged,Mesure mensuelle d'engagement.,3,medium,"{""absences_30j"": 2, ""overdue_tasks"": 1, ""mandatory_training_gap"": 0, ""active_projects"": 1}",2026-03-15T10:00:00+00:00
engagement-emp-94-34,emp-94,70,pulse,engaged,Mesure mensuelle d'engagement.,1,medium,"{""absences_30j"": 0, ""overdue_tasks"": 0, ""mandatory_training_gap"": 1, ""active_projects"": 2}",2026-04-15T10:00:00+00:00
engagement-emp-94-35,emp-94,69,manager_review,boost,Mesure mensuelle d'engagement.,-1,medium,"{""absences_30j"": 2, ""overdue_tasks"": 4, ""mandatory_training_gap"": 1, ""active_projects"": 3}",2026-05-15T10:00:00+00:00
engagement-emp-94-36,emp-94,70,survey,watch,Mesure mensuelle d'engagement.,1,medium,"{""absences_30j"": 1, ""overdue_tasks"": 0, ""mandatory_training_gap"": 0, ""active_projects"": 1}",2026-06-15T10:00:00+00:00
engagement-emp-95-0,emp-95,84,survey,stable,Mesure mensuelle d'engagement.,-1,low,"{""absences_30j"": 2, ""overdue_tasks"": 1, ""mandatory_training_gap"": 1, ""active_projects"": 1}",2024-08-15T10:00:00+00:00
engagement-emp-95-1,emp-95,86,manager_review,watch,Mesure mensuelle d'engagement.,2,low,"{""absences_30j"": 2, ""overdue_tasks"": 1, ""mandatory_training_gap"": 0, ""active_projects"": 3}",2024-09-15T10:00:00+00:00
engagement-emp-95-2,emp-95,89,pulse,watch,Mesure mensuelle d'engagement.,3,low,"{""absences_30j"": 1, ""overdue_tasks"": 4, ""mandatory_training_gap"": 0, ""active_projects"": 2}",2024-10-15T10:00:00+00:00
engagement-emp-95-3,emp-95,88,survey,watch,Mesure mensuelle d'engagement.,-1,low,"{""absences_30j"": 3, ""overdue_tasks"": 3, ""mandatory_training_gap"": 0, ""active_projects"": 1}",2024-11-15T10:00:00+00:00
engagement-emp-95-4,emp-95,91,pulse,engaged,Mesure mensuelle d'engagement.,3,low,"{""absences_30j"": 3, ""overdue_tasks"": 2, ""mandatory_training_gap"": 1, ""active_projects"": 3}",2024-12-15T10:00:00+00:00
engagement-emp-95-5,emp-95,91,pulse,watch,Mesure mensuelle d'engagement.,0,low,"{""absences_30j"": 0, ""overdue_tasks"": 4, ""mandatory_training_gap"": 1, ""active_projects"": 1}",2025-01-15T10:00:00+00:00
engagement-emp-95-6,emp-95,95,pulse,boost,Mesure mensuelle d'engagement.,4,low,"{""absences_30j"": 2, ""overdue_tasks"": 4, ""mandatory_training_gap"": 1, ""active_projects"": 1}",2025-02-15T10:00:00+00:00
engagement-emp-95-7,emp-95,91,survey,engaged,Mesure mensuelle d'engagement.,-4,low,"{""absences_30j"": 3, ""overdue_tasks"": 4, ""mandatory_training_gap"": 0, ""active_projects"": 3}",2025-03-15T10:00:00+00:00
engagement-emp-95-8,emp-95,93,pulse,stable,Mesure mensuelle d'engagement.,2,low,"{""absences_30j"": 3, ""overdue_tasks"": 2, ""mandatory_training_gap"": 1, ""active_projects"": 3}",2025-04-15T10:00:00+00:00
engagement-emp-95-9,emp-95,95,pulse,engaged,Mesure mensuelle d'engagement.,2,low,"{""absences_30j"": 2, ""overdue_tasks"": 1, ""mandatory_training_gap"": 0, ""active_projects"": 1}",2025-05-15T10:00:00+00:00
engagement-emp-95-10,emp-95,94,survey,stable,Mesure mensuelle d'engagement.,-1,low,"{""absences_30j"": 1, ""overdue_tasks"": 0, ""mandatory_training_gap"": 0, ""active_projects"": 2}",2025-06-15T10:00:00+00:00
engagement-emp-95-11,emp-95,93,pulse,boost,Mesure mensuelle d'engagement.,-1,low,"{""absences_30j"": 2, ""overdue_tasks"": 3, ""mandatory_training_gap"": 0, ""active_projects"": 2}",2025-07-15T10:00:00+00:00
engagement-emp-95-12,emp-95,90,pulse,watch,Mesure mensuelle d'engagement.,-3,low,"{""absences_30j"": 3, ""overdue_tasks"": 0, ""mandatory_training_gap"": 0, ""active_projects"": 3}",2025-08-15T10:00:00+00:00
engagement-emp-95-13,emp-95,91,manager_review,engaged,Mesure mensuelle d'engagement.,1,low,"{""absences_30j"": 0, ""overdue_tasks"": 0, ""mandatory_training_gap"": 1, ""active_projects"": 3}",2025-09-15T10:00:00+00:00
engagement-emp-95-14,emp-95,87,pulse,boost,Mesure mensuelle d'engagement.,-4,low,"{""absences_30j"": 0, ""overdue_tasks"": 1, ""mandatory_training_gap"": 0, ""active_projects"": 3}",2025-10-15T10:00:00+00:00
engagement-emp-95-15,emp-95,91,pulse,engaged,Mesure mensuelle d'engagement.,4,low,"{""absences_30j"": 2, ""overdue_tasks"": 4, ""mandatory_training_gap"": 1, ""active_projects"": 1}",2025-11-15T10:00:00+00:00
engagement-emp-95-16,emp-95,92,manager_review,watch,Mesure mensuelle d'engagement.,1,low,"{""absences_30j"": 2, ""overdue_tasks"": 3, ""mandatory_training_gap"": 1, ""active_projects"": 2}",2025-12-15T10:00:00+00:00
engagement-emp-95-17,emp-95,96,survey,stable,Mesure mensuelle d'engagement.,4,low,"{""absences_30j"": 3, ""overdue_tasks"": 1, ""mandatory_training_gap"": 1, ""active_projects"": 3}",2026-01-15T10:00:00+00:00
engagement-emp-95-18,emp-95,98,manager_review,stable,Mesure mensuelle d'engagement.,2,low,"{""absences_30j"": 0, ""overdue_tasks"": 4, ""mandatory_training_gap"": 0, ""active_projects"": 3}",2026-02-15T10:00:00+00:00
engagement-emp-95-19,emp-95,98,survey,engaged,Mesure mensuelle d'engagement.,0,low,"{""absences_30j"": 1, ""overdue_tasks"": 2, ""mandatory_training_gap"": 1, ""active_projects"": 1}",2026-03-15T10:00:00+00:00
engagement-emp-95-20,emp-95,98,pulse,engaged,Mesure mensuelle d'engagement.,0,low,"{""absences_30j"": 3, ""overdue_tasks"": 3, ""mandatory_training_gap"": 1, ""active_projects"": 3}",2026-04-15T10:00:00+00:00
engagement-emp-95-21,emp-95,96,survey,stable,Mesure mensuelle d'engagement.,-2,low,"{""absences_30j"": 0, ""overdue_tasks"": 1, ""mandatory_training_gap"": 0, ""active_projects"": 3}",2026-05-15T10:00:00+00:00
engagement-emp-95-22,emp-95,98,pulse,watch,Mesure mensuelle d'engagement.,2,low,"{""absences_30j"": 2, ""overdue_tasks"": 4, ""mandatory_training_gap"": 0, ""active_projects"": 1}",2026-06-15T10:00:00+00:00
engagement-emp-96-0,emp-96,86,manager_review,engaged,Mesure mensuelle d'engagement.,3,low,"{""absences_30j"": 0, ""overdue_tasks"": 4, ""mandatory_training_gap"": 0, ""active_projects"": 3}",2023-06-15T10:00:00+00:00
engagement-emp-96-1,emp-96,87,manager_review,watch,Mesure mensuelle d'engagement.,1,low,"{""absences_30j"": 0, ""overdue_tasks"": 3, ""mandatory_training_gap"": 1, ""active_projects"": 2}",2023-07-15T10:00:00+00:00
engagement-emp-96-2,emp-96,91,survey,engaged,Mesure mensuelle d'engagement.,4,low,"{""absences_30j"": 3, ""overdue_tasks"": 0, ""mandatory_training_gap"": 0, ""active_projects"": 3}",2023-08-15T10:00:00+00:00
engagement-emp-96-3,emp-96,88,pulse,stable,Mesure mensuelle d'engagement.,-3,low,"{""absences_30j"": 3, ""overdue_tasks"": 1, ""mandatory_training_gap"": 1, ""active_projects"": 1}",2023-09-15T10:00:00+00:00
engagement-emp-96-4,emp-96,86,manager_review,boost,Mesure mensuelle d'engagement.,-2,low,"{""absences_30j"": 1, ""overdue_tasks"": 1, ""mandatory_training_gap"": 1, ""active_projects"": 2}",2023-10-15T10:00:00+00:00
engagement-emp-96-5,emp-96,87,manager_review,stable,Mesure mensuelle d'engagement.,1,low,"{""absences_30j"": 1, ""overdue_tasks"": 0, ""mandatory_training_gap"": 0, ""active_projects"": 3}",2023-11-15T10:00:00+00:00
engagement-emp-96-6,emp-96,85,pulse,stable,Mesure mensuelle d'engagement.,-2,low,"{""absences_30j"": 3, ""overdue_tasks"": 0, ""mandatory_training_gap"": 1, ""active_projects"": 3}",2023-12-15T10:00:00+00:00
engagement-emp-96-7,emp-96,83,pulse,boost,Mesure mensuelle d'engagement.,-2,low,"{""absences_30j"": 1, ""overdue_tasks"": 2, ""mandatory_training_gap"": 0, ""active_projects"": 1}",2024-01-15T10:00:00+00:00
engagement-emp-96-8,emp-96,83,manager_review,engaged,Mesure mensuelle d'engagement.,0,low,"{""absences_30j"": 1, ""overdue_tasks"": 1, ""mandatory_training_gap"": 1, ""active_projects"": 3}",2024-02-15T10:00:00+00:00
engagement-emp-96-9,emp-96,87,survey,engaged,Mesure mensuelle d'engagement.,4,low,"{""absences_30j"": 1, ""overdue_tasks"": 1, ""mandatory_training_gap"": 1, ""active_projects"": 3}",2024-03-15T10:00:00+00:00
engagement-emp-96-10,emp-96,84,manager_review,stable,Mesure mensuelle d'engagement.,-3,low,"{""absences_30j"": 1, ""overdue_tasks"": 3, ""mandatory_training_gap"": 1, ""active_projects"": 3}",2024-04-15T10:00:00+00:00
engagement-emp-96-11,emp-96,84,pulse,engaged,Mesure mensuelle d'engagement.,0,low,"{""absences_30j"": 0, ""overdue_tasks"": 4, ""mandatory_training_gap"": 1, ""active_projects"": 2}",2024-05-15T10:00:00+00:00
engagement-emp-96-12,emp-96,87,pulse,watch,Mesure mensuelle d'engagement.,3,low,"{""absences_30j"": 2, ""overdue_tasks"": 0, ""mandatory_training_gap"": 0, ""active_projects"": 2}",2024-06-15T10:00:00+00:00
engagement-emp-96-13,emp-96,83,pulse,stable,Mesure mensuelle d'engagement.,-4,low,"{""absences_30j"": 3, ""overdue_tasks"": 1, ""mandatory_training_gap"": 1, ""active_projects"": 2}",2024-07-15T10:00:00+00:00
engagement-emp-96-14,emp-96,82,pulse,watch,Mesure mensuelle d'engagement.,-1,low,"{""absences_30j"": 0, ""overdue_tasks"": 2, ""mandatory_training_gap"": 0, ""active_projects"": 2}",2024-08-15T10:00:00+00:00
engagement-emp-96-15,emp-96,83,survey,engaged,Mesure mensuelle d'engagement.,1,low,"{""absences_30j"": 2, ""overdue_tasks"": 3, ""mandatory_training_gap"": 0, ""active_projects"": 3}",2024-09-15T10:00:00+00:00
engagement-emp-96-16,emp-96,79,survey,watch,Mesure mensuelle d'engagement.,-4,low,"{""absences_30j"": 2, ""overdue_tasks"": 1, ""mandatory_training_gap"": 0, ""active_projects"": 3}",2024-10-15T10:00:00+00:00
engagement-emp-96-17,emp-96,77,manager_review,engaged,Mesure mensuelle d'engagement.,-2,low,"{""absences_30j"": 3, ""overdue_tasks"": 4, ""mandatory_training_gap"": 1, ""active_projects"": 2}",2024-11-15T10:00:00+00:00
engagement-emp-96-18,emp-96,78,manager_review,engaged,Mesure mensuelle d'engagement.,1,low,"{""absences_30j"": 3, ""overdue_tasks"": 4, ""mandatory_training_gap"": 0, ""active_projects"": 2}",2024-12-15T10:00:00+00:00
engagement-emp-96-19,emp-96,79,pulse,watch,Mesure mensuelle d'engagement.,1,low,"{""absences_30j"": 2, ""overdue_tasks"": 0, ""mandatory_training_gap"": 0, ""active_projects"": 3}",2025-01-15T10:00:00+00:00
engagement-emp-96-20,emp-96,78,pulse,engaged,Mesure mensuelle d'engagement.,-1,low,"{""absences_30j"": 0, ""overdue_tasks"": 1, ""mandatory_training_gap"": 1, ""active_projects"": 3}",2025-02-15T10:00:00+00:00
engagement-emp-96-21,emp-96,74,manager_review,engaged,Mesure mensuelle d'engagement.,-4,low,"{""absences_30j"": 3, ""overdue_tasks"": 1, ""mandatory_training_gap"": 0, ""active_projects"": 3}",2025-03-15T10:00:00+00:00
engagement-emp-96-22,emp-96,77,survey,engaged,Mesure mensuelle d'engagement.,3,low,"{""absences_30j"": 1, ""overdue_tasks"": 3, ""mandatory_training_gap"": 0, ""active_projects"": 1}",2025-04-15T10:00:00+00:00
engagement-emp-96-23,emp-96,73,survey,watch,Mesure mensuelle d'engagement.,-4,low,"{""absences_30j"": 0, ""overdue_tasks"": 3, ""mandatory_training_gap"": 0, ""active_projects"": 3}",2025-05-15T10:00:00+00:00
engagement-emp-96-24,emp-96,77,manager_review,boost,Mesure mensuelle d'engagement.,4,low,"{""absences_30j"": 2, ""overdue_tasks"": 3, ""mandatory_training_gap"": 0, ""active_projects"": 2}",2025-06-15T10:00:00+00:00
engagement-emp-96-25,emp-96,75,survey,boost,Mesure mensuelle d'engagement.,-2,low,"{""absences_30j"": 3, ""overdue_tasks"": 4, ""mandatory_training_gap"": 1, ""active_projects"": 2}",2025-07-15T10:00:00+00:00
engagement-emp-96-26,emp-96,74,survey,boost,Mesure mensuelle d'engagement.,-1,low,"{""absences_30j"": 2, ""overdue_tasks"": 2, ""mandatory_training_gap"": 1, ""active_projects"": 2}",2025-08-15T10:00:00+00:00
engagement-emp-96-27,emp-96,72,pulse,stable,Mesure mensuelle d'engagement.,-2,low,"{""absences_30j"": 1, ""overdue_tasks"": 3, ""mandatory_training_gap"": 0, ""active_projects"": 1}",2025-09-15T10:00:00+00:00
engagement-emp-96-28,emp-96,68,manager_review,engaged,Mesure mensuelle d'engagement.,-4,medium,"{""absences_30j"": 2, ""overdue_tasks"": 1, ""mandatory_training_gap"": 1, ""active_projects"": 3}",2025-10-15T10:00:00+00:00
engagement-emp-96-29,emp-96,68,pulse,stable,Mesure mensuelle d'engagement.,0,medium,"{""absences_30j"": 1, ""overdue_tasks"": 2, ""mandatory_training_gap"": 0, ""active_projects"": 2}",2025-11-15T10:00:00+00:00
engagement-emp-96-30,emp-96,69,manager_review,stable,Mesure mensuelle d'engagement.,1,medium,"{""absences_30j"": 3, ""overdue_tasks"": 3, ""mandatory_training_gap"": 0, ""active_projects"": 2}",2025-12-15T10:00:00+00:00
engagement-emp-96-31,emp-96,67,manager_review,watch,Mesure mensuelle d'engagement.,-2,medium,"{""absences_30j"": 0, ""overdue_tasks"": 3, ""mandatory_training_gap"": 1, ""active_projects"": 1}",2026-01-15T10:00:00+00:00
engagement-emp-96-32,emp-96,66,manager_review,engaged,Mesure mensuelle d'engagement.,-1,medium,"{""absences_30j"": 0, ""overdue_tasks"": 2, ""mandatory_training_gap"": 0, ""active_projects"": 2}",2026-02-15T10:00:00+00:00
engagement-emp-96-33,emp-96,66,pulse,stable,Mesure mensuelle d'engagement.,0,medium,"{""absences_30j"": 3, ""overdue_tasks"": 3, ""mandatory_training_gap"": 0, ""active_projects"": 1}",2026-03-15T10:00:00+00:00
engagement-emp-96-34,emp-96,70,manager_review,engaged,Mesure mensuelle d'engagement.,4,medium,"{""absences_30j"": 3, ""overdue_tasks"": 0, ""mandatory_training_gap"": 0, ""active_projects"": 1}",2026-04-15T10:00:00+00:00
engagement-emp-96-35,emp-96,66,manager_review,stable,Mesure mensuelle d'engagement.,-4,medium,"{""absences_30j"": 2, ""overdue_tasks"": 2, ""mandatory_training_gap"": 0, ""active_projects"": 2}",2026-05-15T10:00:00+00:00
engagement-emp-96-36,emp-96,69,pulse,boost,Mesure mensuelle d'engagement.,3,medium,"{""absences_30j"": 0, ""overdue_tasks"": 2, ""mandatory_training_gap"": 1, ""active_projects"": 1}",2026-06-15T10:00:00+00:00
engagement-emp-97-0,emp-97,60,survey,stable,Mesure mensuelle d'engagement.,-3,medium,"{""absences_30j"": 3, ""overdue_tasks"": 2, ""mandatory_training_gap"": 1, ""active_projects"": 3}",2024-04-15T10:00:00+00:00
engagement-emp-97-1,emp-97,59,survey,engaged,Mesure mensuelle d'engagement.,-1,medium,"{""absences_30j"": 1, ""overdue_tasks"": 2, ""mandatory_training_gap"": 1, ""active_projects"": 2}",2024-05-15T10:00:00+00:00
engagement-emp-97-2,emp-97,60,survey,stable,Mesure mensuelle d'engagement.,1,medium,"{""absences_30j"": 1, ""overdue_tasks"": 1, ""mandatory_training_gap"": 1, ""active_projects"": 2}",2024-06-15T10:00:00+00:00
engagement-emp-97-3,emp-97,63,pulse,stable,Mesure mensuelle d'engagement.,3,medium,"{""absences_30j"": 3, ""overdue_tasks"": 4, ""mandatory_training_gap"": 0, ""active_projects"": 2}",2024-07-15T10:00:00+00:00
engagement-emp-97-4,emp-97,63,manager_review,boost,Mesure mensuelle d'engagement.,0,medium,"{""absences_30j"": 0, ""overdue_tasks"": 3, ""mandatory_training_gap"": 1, ""active_projects"": 3}",2024-08-15T10:00:00+00:00
engagement-emp-97-5,emp-97,63,survey,stable,Mesure mensuelle d'engagement.,0,medium,"{""absences_30j"": 1, ""overdue_tasks"": 1, ""mandatory_training_gap"": 1, ""active_projects"": 2}",2024-09-15T10:00:00+00:00
engagement-emp-97-6,emp-97,63,survey,boost,Mesure mensuelle d'engagement.,0,medium,"{""absences_30j"": 2, ""overdue_tasks"": 3, ""mandatory_training_gap"": 1, ""active_projects"": 2}",2024-10-15T10:00:00+00:00
engagement-emp-97-7,emp-97,62,survey,stable,Mesure mensuelle d'engagement.,-1,medium,"{""absences_30j"": 1, ""overdue_tasks"": 1, ""mandatory_training_gap"": 0, ""active_projects"": 2}",2024-11-15T10:00:00+00:00
engagement-emp-97-8,emp-97,64,survey,engaged,Mesure mensuelle d'engagement.,2,medium,"{""absences_30j"": 1, ""overdue_tasks"": 2, ""mandatory_training_gap"": 0, ""active_projects"": 3}",2024-12-15T10:00:00+00:00
engagement-emp-97-9,emp-97,68,pulse,stable,Mesure mensuelle d'engagement.,4,medium,"{""absences_30j"": 1, ""overdue_tasks"": 1, ""mandatory_training_gap"": 1, ""active_projects"": 2}",2025-01-15T10:00:00+00:00
engagement-emp-97-10,emp-97,71,manager_review,boost,Mesure mensuelle d'engagement.,3,medium,"{""absences_30j"": 3, ""overdue_tasks"": 2, ""mandatory_training_gap"": 1, ""active_projects"": 3}",2025-02-15T10:00:00+00:00
engagement-emp-97-11,emp-97,72,manager_review,watch,Mesure mensuelle d'engagement.,1,low,"{""absences_30j"": 3, ""overdue_tasks"": 1, ""mandatory_training_gap"": 0, ""active_projects"": 1}",2025-03-15T10:00:00+00:00
engagement-emp-97-12,emp-97,71,pulse,boost,Mesure mensuelle d'engagement.,-1,medium,"{""absences_30j"": 3, ""overdue_tasks"": 3, ""mandatory_training_gap"": 0, ""active_projects"": 3}",2025-04-15T10:00:00+00:00
engagement-emp-97-13,emp-97,69,pulse,engaged,Mesure mensuelle d'engagement.,-2,medium,"{""absences_30j"": 3, ""overdue_tasks"": 4, ""mandatory_training_gap"": 1, ""active_projects"": 3}",2025-05-15T10:00:00+00:00
engagement-emp-97-14,emp-97,71,survey,watch,Mesure mensuelle d'engagement.,2,medium,"{""absences_30j"": 0, ""overdue_tasks"": 2, ""mandatory_training_gap"": 1, ""active_projects"": 2}",2025-06-15T10:00:00+00:00
engagement-emp-97-15,emp-97,71,manager_review,watch,Mesure mensuelle d'engagement.,0,medium,"{""absences_30j"": 3, ""overdue_tasks"": 3, ""mandatory_training_gap"": 0, ""active_projects"": 3}",2025-07-15T10:00:00+00:00
engagement-emp-97-16,emp-97,73,pulse,watch,Mesure mensuelle d'engagement.,2,low,"{""absences_30j"": 1, ""overdue_tasks"": 2, ""mandatory_training_gap"": 0, ""active_projects"": 3}",2025-08-15T10:00:00+00:00
engagement-emp-97-17,emp-97,77,survey,watch,Mesure mensuelle d'engagement.,4,low,"{""absences_30j"": 0, ""overdue_tasks"": 2, ""mandatory_training_gap"": 0, ""active_projects"": 1}",2025-09-15T10:00:00+00:00
engagement-emp-97-18,emp-97,74,manager_review,engaged,Mesure mensuelle d'engagement.,-3,low,"{""absences_30j"": 1, ""overdue_tasks"": 2, ""mandatory_training_gap"": 0, ""active_projects"": 3}",2025-10-15T10:00:00+00:00
engagement-emp-97-19,emp-97,77,manager_review,engaged,Mesure mensuelle d'engagement.,3,low,"{""absences_30j"": 3, ""overdue_tasks"": 0, ""mandatory_training_gap"": 1, ""active_projects"": 2}",2025-11-15T10:00:00+00:00
engagement-emp-97-20,emp-97,77,manager_review,watch,Mesure mensuelle d'engagement.,0,low,"{""absences_30j"": 0, ""overdue_tasks"": 3, ""mandatory_training_gap"": 0, ""active_projects"": 2}",2025-12-15T10:00:00+00:00
engagement-emp-97-21,emp-97,78,pulse,watch,Mesure mensuelle d'engagement.,1,low,"{""absences_30j"": 0, ""overdue_tasks"": 4, ""mandatory_training_gap"": 1, ""active_projects"": 1}",2026-01-15T10:00:00+00:00
engagement-emp-97-22,emp-97,80,manager_review,engaged,Mesure mensuelle d'engagement.,2,low,"{""absences_30j"": 3, ""overdue_tasks"": 3, ""mandatory_training_gap"": 0, ""active_projects"": 2}",2026-02-15T10:00:00+00:00
engagement-emp-97-23,emp-97,84,survey,engaged,Mesure mensuelle d'engagement.,4,low,"{""absences_30j"": 1, ""overdue_tasks"": 3, ""mandatory_training_gap"": 1, ""active_projects"": 3}",2026-03-15T10:00:00+00:00
engagement-emp-97-24,emp-97,84,manager_review,stable,Mesure mensuelle d'engagement.,0,low,"{""absences_30j"": 0, ""overdue_tasks"": 2, ""mandatory_training_gap"": 0, ""active_projects"": 1}",2026-04-15T10:00:00+00:00
engagement-emp-97-25,emp-97,82,survey,watch,Mesure mensuelle d'engagement.,-2,low,"{""absences_30j"": 0, ""overdue_tasks"": 1, ""mandatory_training_gap"": 0, ""active_projects"": 1}",2026-05-15T10:00:00+00:00
engagement-emp-97-26,emp-97,80,pulse,boost,Mesure mensuelle d'engagement.,-2,low,"{""absences_30j"": 2, ""overdue_tasks"": 2, ""mandatory_training_gap"": 0, ""active_projects"": 2}",2026-06-15T10:00:00+00:00
engagement-emp-98-0,emp-98,82,pulse,watch,Mesure mensuelle d'engagement.,0,low,"{""absences_30j"": 3, ""overdue_tasks"": 4, ""mandatory_training_gap"": 1, ""active_projects"": 2}",2025-04-15T10:00:00+00:00
engagement-emp-98-1,emp-98,84,pulse,boost,Mesure mensuelle d'engagement.,2,low,"{""absences_30j"": 3, ""overdue_tasks"": 2, ""mandatory_training_gap"": 0, ""active_projects"": 3}",2025-05-15T10:00:00+00:00
engagement-emp-98-2,emp-98,83,survey,boost,Mesure mensuelle d'engagement.,-1,low,"{""absences_30j"": 3, ""overdue_tasks"": 3, ""mandatory_training_gap"": 1, ""active_projects"": 2}",2025-06-15T10:00:00+00:00
engagement-emp-98-3,emp-98,80,manager_review,watch,Mesure mensuelle d'engagement.,-3,low,"{""absences_30j"": 0, ""overdue_tasks"": 3, ""mandatory_training_gap"": 0, ""active_projects"": 2}",2025-07-15T10:00:00+00:00
engagement-emp-98-4,emp-98,82,pulse,boost,Mesure mensuelle d'engagement.,2,low,"{""absences_30j"": 1, ""overdue_tasks"": 4, ""mandatory_training_gap"": 1, ""active_projects"": 2}",2025-08-15T10:00:00+00:00
engagement-emp-98-5,emp-98,78,pulse,boost,Mesure mensuelle d'engagement.,-4,low,"{""absences_30j"": 0, ""overdue_tasks"": 1, ""mandatory_training_gap"": 1, ""active_projects"": 3}",2025-09-15T10:00:00+00:00
engagement-emp-98-6,emp-98,82,pulse,stable,Mesure mensuelle d'engagement.,4,low,"{""absences_30j"": 2, ""overdue_tasks"": 2, ""mandatory_training_gap"": 0, ""active_projects"": 3}",2025-10-15T10:00:00+00:00
engagement-emp-98-7,emp-98,85,survey,watch,Mesure mensuelle d'engagement.,3,low,"{""absences_30j"": 1, ""overdue_tasks"": 0, ""mandatory_training_gap"": 1, ""active_projects"": 3}",2025-11-15T10:00:00+00:00
engagement-emp-98-8,emp-98,89,survey,engaged,Mesure mensuelle d'engagement.,4,low,"{""absences_30j"": 1, ""overdue_tasks"": 4, ""mandatory_training_gap"": 1, ""active_projects"": 3}",2025-12-15T10:00:00+00:00
engagement-emp-98-9,emp-98,92,manager_review,stable,Mesure mensuelle d'engagement.,3,low,"{""absences_30j"": 2, ""overdue_tasks"": 4, ""mandatory_training_gap"": 1, ""active_projects"": 1}",2026-01-15T10:00:00+00:00
engagement-emp-98-10,emp-98,92,pulse,watch,Mesure mensuelle d'engagement.,0,low,"{""absences_30j"": 3, ""overdue_tasks"": 4, ""mandatory_training_gap"": 1, ""active_projects"": 1}",2026-02-15T10:00:00+00:00
engagement-emp-98-11,emp-98,90,manager_review,engaged,Mesure mensuelle d'engagement.,-2,low,"{""absences_30j"": 0, ""overdue_tasks"": 1, ""mandatory_training_gap"": 0, ""active_projects"": 3}",2026-03-15T10:00:00+00:00
engagement-emp-98-12,emp-98,87,survey,watch,Mesure mensuelle d'engagement.,-3,low,"{""absences_30j"": 3, ""overdue_tasks"": 0, ""mandatory_training_gap"": 1, ""active_projects"": 1}",2026-04-15T10:00:00+00:00
engagement-emp-98-13,emp-98,90,pulse,watch,Mesure mensuelle d'engagement.,3,low,"{""absences_30j"": 3, ""overdue_tasks"": 1, ""mandatory_training_gap"": 1, ""active_projects"": 1}",2026-05-15T10:00:00+00:00
engagement-emp-98-14,emp-98,92,survey,stable,Mesure mensuelle d'engagement.,2,low,"{""absences_30j"": 2, ""overdue_tasks"": 4, ""mandatory_training_gap"": 1, ""active_projects"": 1}",2026-06-15T10:00:00+00:00
engagement-emp-99-0,emp-99,87,manager_review,engaged,Mesure mensuelle d'engagement.,2,low,"{""absences_30j"": 0, ""overdue_tasks"": 3, ""mandatory_training_gap"": 0, ""active_projects"": 3}",2023-09-15T10:00:00+00:00
engagement-emp-99-1,emp-99,86,pulse,stable,Mesure mensuelle d'engagement.,-1,low,"{""absences_30j"": 0, ""overdue_tasks"": 0, ""mandatory_training_gap"": 1, ""active_projects"": 2}",2023-10-15T10:00:00+00:00
engagement-emp-99-2,emp-99,87,manager_review,stable,Mesure mensuelle d'engagement.,1,low,"{""absences_30j"": 2, ""overdue_tasks"": 0, ""mandatory_training_gap"": 1, ""active_projects"": 3}",2023-11-15T10:00:00+00:00
engagement-emp-99-3,emp-99,86,pulse,engaged,Mesure mensuelle d'engagement.,-1,low,"{""absences_30j"": 1, ""overdue_tasks"": 0, ""mandatory_training_gap"": 0, ""active_projects"": 2}",2023-12-15T10:00:00+00:00
engagement-emp-99-4,emp-99,83,manager_review,boost,Mesure mensuelle d'engagement.,-3,low,"{""absences_30j"": 2, ""overdue_tasks"": 0, ""mandatory_training_gap"": 0, ""active_projects"": 2}",2024-01-15T10:00:00+00:00
engagement-emp-99-5,emp-99,80,survey,engaged,Mesure mensuelle d'engagement.,-3,low,"{""absences_30j"": 1, ""overdue_tasks"": 4, ""mandatory_training_gap"": 0, ""active_projects"": 3}",2024-02-15T10:00:00+00:00
engagement-emp-99-6,emp-99,81,survey,boost,Mesure mensuelle d'engagement.,1,low,"{""absences_30j"": 1, ""overdue_tasks"": 3, ""mandatory_training_gap"": 1, ""active_projects"": 2}",2024-03-15T10:00:00+00:00
engagement-emp-99-7,emp-99,83,pulse,boost,Mesure mensuelle d'engagement.,2,low,"{""absences_30j"": 2, ""overdue_tasks"": 1, ""mandatory_training_gap"": 0, ""active_projects"": 1}",2024-04-15T10:00:00+00:00
engagement-emp-99-8,emp-99,84,pulse,watch,Mesure mensuelle d'engagement.,1,low,"{""absences_30j"": 1, ""overdue_tasks"": 2, ""mandatory_training_gap"": 0, ""active_projects"": 1}",2024-05-15T10:00:00+00:00
engagement-emp-99-9,emp-99,84,manager_review,boost,Mesure mensuelle d'engagement.,0,low,"{""absences_30j"": 3, ""overdue_tasks"": 4, ""mandatory_training_gap"": 0, ""active_projects"": 1}",2024-06-15T10:00:00+00:00
engagement-emp-99-10,emp-99,83,survey,stable,Mesure mensuelle d'engagement.,-1,low,"{""absences_30j"": 2, ""overdue_tasks"": 0, ""mandatory_training_gap"": 0, ""active_projects"": 2}",2024-07-15T10:00:00+00:00
engagement-emp-99-11,emp-99,80,survey,engaged,Mesure mensuelle d'engagement.,-3,low,"{""absences_30j"": 3, ""overdue_tasks"": 4, ""mandatory_training_gap"": 1, ""active_projects"": 1}",2024-08-15T10:00:00+00:00
engagement-emp-99-12,emp-99,81,survey,engaged,Mesure mensuelle d'engagement.,1,low,"{""absences_30j"": 0, ""overdue_tasks"": 2, ""mandatory_training_gap"": 1, ""active_projects"": 1}",2024-09-15T10:00:00+00:00
engagement-emp-99-13,emp-99,83,survey,stable,Mesure mensuelle d'engagement.,2,low,"{""absences_30j"": 2, ""overdue_tasks"": 3, ""mandatory_training_gap"": 1, ""active_projects"": 2}",2024-10-15T10:00:00+00:00
engagement-emp-99-14,emp-99,82,survey,watch,Mesure mensuelle d'engagement.,-1,low,"{""absences_30j"": 1, ""overdue_tasks"": 3, ""mandatory_training_gap"": 1, ""active_projects"": 1}",2024-11-15T10:00:00+00:00
engagement-emp-99-15,emp-99,82,manager_review,boost,Mesure mensuelle d'engagement.,0,low,"{""absences_30j"": 1, ""overdue_tasks"": 2, ""mandatory_training_gap"": 0, ""active_projects"": 3}",2024-12-15T10:00:00+00:00
engagement-emp-99-16,emp-99,78,pulse,engaged,Mesure mensuelle d'engagement.,-4,low,"{""absences_30j"": 2, ""overdue_tasks"": 3, ""mandatory_training_gap"": 0, ""active_projects"": 2}",2025-01-15T10:00:00+00:00
engagement-emp-99-17,emp-99,77,manager_review,stable,Mesure mensuelle d'engagement.,-1,low,"{""absences_30j"": 1, ""overdue_tasks"": 1, ""mandatory_training_gap"": 0, ""active_projects"": 3}",2025-02-15T10:00:00+00:00
engagement-emp-99-18,emp-99,76,survey,boost,Mesure mensuelle d'engagement.,-1,low,"{""absences_30j"": 2, ""overdue_tasks"": 2, ""mandatory_training_gap"": 0, ""active_projects"": 1}",2025-03-15T10:00:00+00:00
engagement-emp-99-19,emp-99,73,survey,watch,Mesure mensuelle d'engagement.,-3,low,"{""absences_30j"": 3, ""overdue_tasks"": 0, ""mandatory_training_gap"": 1, ""active_projects"": 2}",2025-04-15T10:00:00+00:00
engagement-emp-99-20,emp-99,72,pulse,stable,Mesure mensuelle d'engagement.,-1,low,"{""absences_30j"": 3, ""overdue_tasks"": 3, ""mandatory_training_gap"": 1, ""active_projects"": 2}",2025-05-15T10:00:00+00:00
engagement-emp-99-21,emp-99,76,pulse,watch,Mesure mensuelle d'engagement.,4,low,"{""absences_30j"": 3, ""overdue_tasks"": 3, ""mandatory_training_gap"": 1, ""active_projects"": 3}",2025-06-15T10:00:00+00:00
engagement-emp-99-22,emp-99,77,pulse,stable,Mesure mensuelle d'engagement.,1,low,"{""absences_30j"": 0, ""overdue_tasks"": 2, ""mandatory_training_gap"": 0, ""active_projects"": 3}",2025-07-15T10:00:00+00:00
engagement-emp-99-23,emp-99,74,manager_review,engaged,Mesure mensuelle d'engagement.,-3,low,"{""absences_30j"": 0, ""overdue_tasks"": 2, ""mandatory_training_gap"": 0, ""active_projects"": 2}",2025-08-15T10:00:00+00:00
engagement-emp-99-24,emp-99,75,manager_review,stable,Mesure mensuelle d'engagement.,1,low,"{""absences_30j"": 0, ""overdue_tasks"": 4, ""mandatory_training_gap"": 1, ""active_projects"": 1}",2025-09-15T10:00:00+00:00
engagement-emp-99-25,emp-99,74,survey,engaged,Mesure mensuelle d'engagement.,-1,low,"{""absences_30j"": 1, ""overdue_tasks"": 3, ""mandatory_training_gap"": 1, ""active_projects"": 1}",2025-10-15T10:00:00+00:00
engagement-emp-99-26,emp-99,73,survey,watch,Mesure mensuelle d'engagement.,-1,low,"{""absences_30j"": 0, ""overdue_tasks"": 2, ""mandatory_training_gap"": 1, ""active_projects"": 3}",2025-11-15T10:00:00+00:00
engagement-emp-99-27,emp-99,71,pulse,watch,Mesure mensuelle d'engagement.,-2,medium,"{""absences_30j"": 1, ""overdue_tasks"": 3, ""mandatory_training_gap"": 1, ""active_projects"": 3}",2025-12-15T10:00:00+00:00
engagement-emp-99-28,emp-99,71,manager_review,boost,Mesure mensuelle d'engagement.,0,medium,"{""absences_30j"": 3, ""overdue_tasks"": 4, ""mandatory_training_gap"": 1, ""active_projects"": 3}",2026-01-15T10:00:00+00:00
engagement-emp-99-29,emp-99,73,survey,stable,Mesure mensuelle d'engagement.,2,low,"{""absences_30j"": 2, ""overdue_tasks"": 1, ""mandatory_training_gap"": 0, ""active_projects"": 2}",2026-02-15T10:00:00+00:00
engagement-emp-99-30,emp-99,74,manager_review,stable,Mesure mensuelle d'engagement.,1,low,"{""absences_30j"": 1, ""overdue_tasks"": 3, ""mandatory_training_gap"": 0, ""active_projects"": 1}",2026-03-15T10:00:00+00:00
engagement-emp-99-31,emp-99,73,survey,watch,Mesure mensuelle d'engagement.,-1,low,"{""absences_30j"": 3, ""overdue_tasks"": 3, ""mandatory_training_gap"": 1, ""active_projects"": 3}",2026-04-15T10:00:00+00:00
engagement-emp-99-32,emp-99,77,survey,stable,Mesure mensuelle d'engagement.,4,low,"{""absences_30j"": 0, ""overdue_tasks"": 4, ""mandatory_training_gap"": 0, ""active_projects"": 2}",2026-05-15T10:00:00+00:00
engagement-emp-99-33,emp-99,78,pulse,boost,Mesure mensuelle d'engagement.,1,low,"{""absences_30j"": 2, ""overdue_tasks"": 0, ""mandatory_training_gap"": 1, ""active_projects"": 3}",2026-06-15T10:00:00+00:00
engagement-emp-100-0,emp-100,47,pulse,stable,Mesure mensuelle d'engagement.,2,high,"{""absences_30j"": 3, ""overdue_tasks"": 3, ""mandatory_training_gap"": 1, ""active_projects"": 3}",2023-10-15T10:00:00+00:00
engagement-emp-100-1,emp-100,47,pulse,stable,Mesure mensuelle d'engagement.,0,high,"{""absences_30j"": 0, ""overdue_tasks"": 0, ""mandatory_training_gap"": 1, ""active_projects"": 2}",2023-11-15T10:00:00+00:00
engagement-emp-100-2,emp-100,44,pulse,engaged,Mesure mensuelle d'engagement.,-3,high,"{""absences_30j"": 0, ""overdue_tasks"": 2, ""mandatory_training_gap"": 1, ""active_projects"": 1}",2023-12-15T10:00:00+00:00
engagement-emp-100-3,emp-100,42,survey,stable,Mesure mensuelle d'engagement.,-2,high,"{""absences_30j"": 3, ""overdue_tasks"": 4, ""mandatory_training_gap"": 0, ""active_projects"": 2}",2024-01-15T10:00:00+00:00
engagement-emp-100-4,emp-100,39,pulse,stable,Mesure mensuelle d'engagement.,-3,high,"{""absences_30j"": 2, ""overdue_tasks"": 4, ""mandatory_training_gap"": 0, ""active_projects"": 1}",2024-02-15T10:00:00+00:00
engagement-emp-100-5,emp-100,42,pulse,engaged,Mesure mensuelle d'engagement.,3,high,"{""absences_30j"": 0, ""overdue_tasks"": 1, ""mandatory_training_gap"": 0, ""active_projects"": 3}",2024-03-15T10:00:00+00:00
engagement-emp-100-6,emp-100,43,survey,stable,Mesure mensuelle d'engagement.,1,high,"{""absences_30j"": 2, ""overdue_tasks"": 1, ""mandatory_training_gap"": 1, ""active_projects"": 1}",2024-04-15T10:00:00+00:00
engagement-emp-100-7,emp-100,39,manager_review,boost,Mesure mensuelle d'engagement.,-4,high,"{""absences_30j"": 1, ""overdue_tasks"": 2, ""mandatory_training_gap"": 1, ""active_projects"": 1}",2024-05-15T10:00:00+00:00
engagement-emp-100-8,emp-100,35,manager_review,watch,Mesure mensuelle d'engagement.,-4,high,"{""absences_30j"": 2, ""overdue_tasks"": 1, ""mandatory_training_gap"": 0, ""active_projects"": 2}",2024-06-15T10:00:00+00:00
engagement-emp-100-9,emp-100,35,manager_review,boost,Mesure mensuelle d'engagement.,0,high,"{""absences_30j"": 1, ""overdue_tasks"": 3, ""mandatory_training_gap"": 1, ""active_projects"": 3}",2024-07-15T10:00:00+00:00
engagement-emp-100-10,emp-100,32,manager_review,boost,Mesure mensuelle d'engagement.,-3,high,"{""absences_30j"": 2, ""overdue_tasks"": 2, ""mandatory_training_gap"": 0, ""active_projects"": 2}",2024-08-15T10:00:00+00:00
engagement-emp-100-11,emp-100,31,pulse,boost,Mesure mensuelle d'engagement.,-1,high,"{""absences_30j"": 2, ""overdue_tasks"": 3, ""mandatory_training_gap"": 0, ""active_projects"": 1}",2024-09-15T10:00:00+00:00
engagement-emp-100-12,emp-100,30,manager_review,engaged,Mesure mensuelle d'engagement.,-1,high,"{""absences_30j"": 3, ""overdue_tasks"": 4, ""mandatory_training_gap"": 0, ""active_projects"": 3}",2024-10-15T10:00:00+00:00
engagement-emp-100-13,emp-100,32,survey,watch,Mesure mensuelle d'engagement.,2,high,"{""absences_30j"": 1, ""overdue_tasks"": 2, ""mandatory_training_gap"": 0, ""active_projects"": 3}",2024-11-15T10:00:00+00:00
engagement-emp-100-14,emp-100,32,manager_review,boost,Mesure mensuelle d'engagement.,0,high,"{""absences_30j"": 1, ""overdue_tasks"": 3, ""mandatory_training_gap"": 0, ""active_projects"": 2}",2024-12-15T10:00:00+00:00
engagement-emp-100-15,emp-100,36,survey,boost,Mesure mensuelle d'engagement.,4,high,"{""absences_30j"": 3, ""overdue_tasks"": 2, ""mandatory_training_gap"": 1, ""active_projects"": 1}",2025-01-15T10:00:00+00:00
engagement-emp-100-16,emp-100,40,survey,watch,Mesure mensuelle d'engagement.,4,high,"{""absences_30j"": 2, ""overdue_tasks"": 4, ""mandatory_training_gap"": 1, ""active_projects"": 2}",2025-02-15T10:00:00+00:00
engagement-emp-100-17,emp-100,43,survey,watch,Mesure mensuelle d'engagement.,3,high,"{""absences_30j"": 3, ""overdue_tasks"": 4, ""mandatory_training_gap"": 1, ""active_projects"": 1}",2025-03-15T10:00:00+00:00
engagement-emp-100-18,emp-100,40,survey,stable,Mesure mensuelle d'engagement.,-3,high,"{""absences_30j"": 0, ""overdue_tasks"": 3, ""mandatory_training_gap"": 1, ""active_projects"": 3}",2025-04-15T10:00:00+00:00
engagement-emp-100-19,emp-100,42,survey,boost,Mesure mensuelle d'engagement.,2,high,"{""absences_30j"": 3, ""overdue_tasks"": 1, ""mandatory_training_gap"": 0, ""active_projects"": 3}",2025-05-15T10:00:00+00:00
engagement-emp-100-20,emp-100,43,pulse,watch,Mesure mensuelle d'engagement.,1,high,"{""absences_30j"": 0, ""overdue_tasks"": 2, ""mandatory_training_gap"": 1, ""active_projects"": 3}",2025-06-15T10:00:00+00:00
engagement-emp-100-21,emp-100,40,pulse,boost,Mesure mensuelle d'engagement.,-3,high,"{""absences_30j"": 0, ""overdue_tasks"": 1, ""mandatory_training_gap"": 1, ""active_projects"": 3}",2025-07-15T10:00:00+00:00
engagement-emp-100-22,emp-100,43,manager_review,boost,Mesure mensuelle d'engagement.,3,high,"{""absences_30j"": 2, ""overdue_tasks"": 4, ""mandatory_training_gap"": 0, ""active_projects"": 2}",2025-08-15T10:00:00+00:00
engagement-emp-100-23,emp-100,42,manager_review,engaged,Mesure mensuelle d'engagement.,-1,high,"{""absences_30j"": 3, ""overdue_tasks"": 2, ""mandatory_training_gap"": 0, ""active_projects"": 1}",2025-09-15T10:00:00+00:00
engagement-emp-100-24,emp-100,38,manager_review,watch,Mesure mensuelle d'engagement.,-4,high,"{""absences_30j"": 3, ""overdue_tasks"": 1, ""mandatory_training_gap"": 0, ""active_projects"": 1}",2025-10-15T10:00:00+00:00
engagement-emp-100-25,emp-100,40,pulse,boost,Mesure mensuelle d'engagement.,2,high,"{""absences_30j"": 0, ""overdue_tasks"": 2, ""mandatory_training_gap"": 1, ""active_projects"": 2}",2025-11-15T10:00:00+00:00
engagement-emp-100-26,emp-100,37,manager_review,stable,Mesure mensuelle d'engagement.,-3,high,"{""absences_30j"": 3, ""overdue_tasks"": 0, ""mandatory_training_gap"": 0, ""active_projects"": 3}",2025-12-15T10:00:00+00:00
engagement-emp-100-27,emp-100,33,survey,watch,Mesure mensuelle d'engagement.,-4,high,"{""absences_30j"": 2, ""overdue_tasks"": 4, ""mandatory_training_gap"": 0, ""active_projects"": 1}",2026-01-15T10:00:00+00:00
engagement-emp-100-28,emp-100,34,pulse,boost,Mesure mensuelle d'engagement.,1,high,"{""absences_30j"": 1, ""overdue_tasks"": 4, ""mandatory_training_gap"": 0, ""active_projects"": 1}",2026-02-15T10:00:00+00:00
engagement-emp-100-29,emp-100,38,manager_review,stable,Mesure mensuelle d'engagement.,4,high,"{""absences_30j"": 0, ""overdue_tasks"": 3, ""mandatory_training_gap"": 1, ""active_projects"": 3}",2026-03-15T10:00:00+00:00
engagement-emp-100-30,emp-100,39,survey,watch,Mesure mensuelle d'engagement.,1,high,"{""absences_30j"": 3, ""overdue_tasks"": 3, ""mandatory_training_gap"": 1, ""active_projects"": 1}",2026-04-15T10:00:00+00:00
engagement-emp-100-31,emp-100,37,pulse,stable,Mesure mensuelle d'engagement.,-2,high,"{""absences_30j"": 2, ""overdue_tasks"": 0, ""mandatory_training_gap"": 0, ""active_projects"": 3}",2026-05-15T10:00:00+00:00
engagement-emp-100-32,emp-100,36,manager_review,boost,Mesure mensuelle d'engagement.,-1,high,"{""absences_30j"": 2, ""overdue_tasks"": 3, ""mandatory_training_gap"": 0, ""active_projects"": 2}",2026-06-15T10:00:00+00:00
